R0,amplitude,gamma,mu,sigma,rho,psi,S_0,E_0,I_0,R_0,LogLik
37.73865198464703,0.3967636344035844,73.05,0.16260848920597112,45.66,0.613681713995763,0.9486074557874757,0.048152927551546,0.000633520359687,0.00012598025363,0.951087571835138,-4252.179862
31.236618596254797,0.3243984064437009,73.05,0.10584853984404599,45.66,0.578499905361443,0.905881549717131,0.455640108089135,0.000380748020406,0.00010330189814,0.54387584199232,-4233.530926
31.146530063962352,0.32327090819440646,73.05,0.10171836628233441,45.66,0.5738260972666371,0.9088114662980317,0.455640108089135,0.000380748020406,0.00010330189814,0.54387584199232,-4233.88428
30.262288856119685,0.35017200633774104,73.05,0.04109188213323009,45.66,0.4750513830859646,0.9291054074498204,0.455640108089135,0.000380748020406,0.00010330189814,0.54387584199232,-4240.051538
28.4835758242719,0.35546440150874925,73.05,0.000001917483690834001,45.66,0.4341598269067665,0.9257479721440716,0.09877082784859367,0.0010002542265960355,0.9002288039364318,1.139883785817008e-7,-4235.102007
31.622815859529247,0.32964089549140446,73.05,0.12277718825671644,45.66,0.5958190942721917,0.9037821900476745,0.455640108089135,0.000380748020406,0.00010330189814,0.54387584199232,-4239.113856
29.62699777014053,0.3080248172539133,73.05,0.08149203046671802,45.66,0.5440329519616034,0.9108156425655178,0.10928213994883608,0.0007451054996511551,0.8899540087833397,0.00001874576817298357,-4236.204692
28.708931976738633,0.33502352583455,73.05,0.020521674850247366,45.66,0.44903520812374714,0.9275531807287644,0.09877082784859367,0.0010002542265960355,0.9002288039364318,1.139883785817008e-7,-4237.91601
37.78112468304389,0.39333417728871134,73.05,0.1832313157492325,45.66,0.6829129564524143,0.928775536700088,0.048152927551546,0.000633520359687,0.00012598025363,0.951087571835138,-4247.656104
43.21026999484505,0.4426588283294166,73.05,0.26717170093988996,45.66,0.8397740385923277,0.9088437598311501,0.130777684173526,0.000210094113564,0.0000724104444060552,0.868939811268504,-4236.288945
43.153700271783784,0.4436668195298718,73.05,0.2645264365741485,45.66,0.8396982938829695,0.9087043736817944,0.130777684173526,0.000210094113564,0.0000724104444060552,0.868939811268504,-4236.408311
43.0925447651753,0.444835078254743,73.05,0.2616200163277346,45.66,0.8399376022705103,0.9089472424569858,0.130777684173526,0.000210094113564,0.0000724104444060552,0.868939811268504,-4236.901607
41.966656131714416,0.436694827228642,73.05,0.2439654273045296,45.66,0.814479918418178,0.91089396263368,0.085457800863005,0.000698019317449,0.000129372992303,0.913714806827243,-4238.576436
51.32179038202783,0.5144129126629469,73.05,0.3768165842331639,45.66,0.9999999889418528,0.9604183475099262,0.025557210224001786,0.0003147093362534848,0.9740274634399905,0.00010061699975411282,-4244.235896
43.09837993327957,0.44471730282485916,73.05,0.26190736294470146,45.66,0.8399418536061222,0.9088379029335463,0.130777684173526,0.000210094113564,0.0000724104444060552,0.868939811268504,-4236.835506
51.23929761393234,0.5146471587380776,73.05,0.3730857269635286,45.66,0.9999999632671819,0.9579252405286489,0.025557210224001786,0.0003147093362534848,0.9740274634399905,0.00010061699975411282,-4243.997757
52.095213978852826,0.5203522561575449,73.05,0.3878585984862165,45.66,0.999999979428021,0.9826353654836676,0.4051311368686608,0.0020626057554583607,0.5926527477775752,0.00015350959830566312,-4247.215678
37.72844738242413,0.3978196898183989,73.05,0.16099850416432784,45.66,0.6126400842739712,0.9457810820570596,0.048152927551546,0.000633520359687,0.00012598025363,0.951087571835138,-4252.228711
49.2665747540769,0.49765547604317617,73.05,0.3477180802556686,45.66,0.9999982693642102,0.9051310922702347,0.025557210224002,0.000314709336253,0.000100616999754,0.97402746343999,-4238.514079
43.26180554321016,0.441793921202094,73.05,0.26954736444248123,45.66,0.8400317610932019,0.9092741228166988,0.130777684173526,0.000210094113564,0.0000724104444060552,0.868939811268504,-4236.438968
46.808318056190984,0.47254437138287675,73.05,0.3060890544145492,45.66,0.9104597104689415,0.9242427513158019,0.021219138835368,0.000864054452576,0.000122210379212,0.977794596332844,-4242.749587
46.623157832367035,0.47019904390206,73.05,0.30305846971737543,45.66,0.9052608997399396,0.9230304242575008,0.021219138835368,0.000864054452576,0.000122210379212,0.977794596332844,-4243.993116
29.575231634942636,0.30706699495173073,73.05,0.07909536190561595,45.66,0.5359624344050803,0.9225827394275712,0.10928213994883608,0.0007451054996511551,0.8899540087833397,0.00001874576817298357,-4236.570047
38.6584629478698,0.3992070783864953,73.05,0.20620870536557045,45.66,0.7337970575359757,0.914759514973238,0.048152927551546,0.000633520359687,0.00012598025363,0.951087571835138,-4238.179392
38.59166270940599,0.3993835798449929,73.05,0.2041670350154163,45.66,0.7319205716713375,0.9146655505057463,0.048152927551546,0.000633520359687,0.00012598025363,0.951087571835138,-4238.257424
47.83590305637023,0.4843899109519413,73.05,0.32491969913945,45.66,0.9544100887446515,0.9077791888896305,0.021219138835368,0.000864054452576,0.000122210379212,0.977794596332844,-4237.352586
48.22053329036649,0.488186946802698,73.05,0.33311584721265586,45.66,0.9711281913676184,0.9032665087740316,0.021219138835368,0.000864054452576,0.000122210379212,0.977794596332844,-4236.728322
43.20383529201361,0.4427669104643161,73.05,0.266878578655922,45.66,0.8397282153728776,0.908834854043086,0.130777684173526,0.000210094113564,0.0000724104444060552,0.868939811268504,-4236.2871
46.98968261291893,0.47478111050613153,73.05,0.3091499449586947,45.66,0.9182119666387655,0.9210972030087581,0.021219138835368,0.000864054452576,0.000122210379212,0.977794596332844,-4241.57617
47.91739914954646,0.4852654675642856,73.05,0.326552149017406,45.66,0.956924947823517,0.9080998752970689,0.021219138835368,0.000864054452576,0.000122210379212,0.977794596332844,-4237.13379
46.251976605361776,0.46547947119935273,73.05,0.2970870206032501,45.66,0.88610116268472,0.933756288309933,0.021219138835368,0.000864054452576,0.000122210379212,0.977794596332844,-4246.591374
46.43901228939588,0.4678847439328841,73.05,0.3000578908092826,45.66,0.8994920651050486,0.922721620389464,0.021219138835368,0.000864054452576,0.000122210379212,0.977794596332844,-4245.289492
47.99240986454827,0.48598234416902436,73.05,0.3281688961308445,45.66,0.9611938792491114,0.9057319136026163,0.021219138835368,0.000864054452576,0.000122210379212,0.977794596332844,-4236.96174
28.483565813761864,0.3554629472333884,73.05,0.0000018610907791354187,45.66,0.43415160137410186,0.9256796419088866,0.09877082784859367,0.0010002542265960355,0.9002288039364318,1.139883785817008e-7,-4235.102001
48.85173344002637,0.49461462923449523,73.05,0.3374917429524659,45.66,0.999999992398119,0.8954317780417402,0.025557210224002,0.000314709336253,0.000100616999754,0.97402746343999,-4239.279624
38.52417117255288,0.39953417088022963,73.05,0.20214557922318446,45.66,0.7299877000179773,0.914775409224986,0.048152927551546,0.000633520359687,0.00012598025363,0.951087571835138,-4238.490963
41.90519089289683,0.4375709214616936,73.05,0.24154992802428674,45.66,0.8145675067754322,0.9118930021517074,0.085457800863005,0.000698019317449,0.000129372992303,0.913714806827243,-4239.773245
37.75455050689508,0.39359621779951914,73.05,0.16753568903740126,45.66,0.6204212649922384,0.9505431801081027,0.048152927551546,0.000633520359687,0.00012598025363,0.951087571835138,-4251.908321
43.381577326081896,0.4399652090197704,73.05,0.2749652664677751,45.66,0.8412092856605107,0.9114599638549881,0.130777684173526,0.000210094113564,0.0000724104444060552,0.868939811268504,-4237.643448
49.392248746519215,0.49833093427423614,73.05,0.3511952610582253,45.66,0.9997854183234894,0.9088777553872944,0.025557210224002,0.000314709336253,0.000100616999754,0.97402746343999,-4238.780691
52.385067777288484,0.5204212772013156,73.05,0.3996111018789474,45.66,0.9999999999969262,0.9986568682172864,0.4051311368686608,0.0020626057554583607,0.5926527477775752,0.00015350959830566312,-4251.130048
48.36766989077975,0.4895338773562651,73.05,0.3364470056847824,45.66,0.9775816452367625,0.9020329788901479,0.021219138835368,0.000864054452576,0.000122210379212,0.977794596332844,-4236.823305
38.45607108642264,0.39965488855718817,73.05,0.20014413784473709,45.66,0.7279813879312821,0.9150861971135071,0.048152927551546,0.000633520359687,0.00012598025363,0.951087571835138,-4238.87778
38.456120952885485,0.39965144183560697,73.05,0.20014413784473709,45.66,0.7279653944495288,0.91510160750214,0.048152927551546,0.000633520359687,0.00012598025363,0.951087571835138,-4238.877781
49.65574098419685,0.5000554849114163,73.05,0.3582542858054956,45.66,0.9999999990727948,0.9182896673277894,0.025557210224002,0.000314709336253,0.000100616999754,0.97402746343999,-4240.113898
43.327503647840544,0.4407583053901403,73.05,0.27254185212878174,45.66,0.84054448817553,0.9103461743517619,0.130777684173526,0.000210094113564,0.0000724104444060552,0.868939811268504,-4236.960684
28.699626588840182,0.3357675491137136,73.05,0.01972092616695506,45.66,0.4453820715449598,0.9342313103692661,0.09877082784859367,0.0010002542265960355,0.9002288039364318,1.139883785817008e-7,-4237.815304
37.736963177298804,0.39104355735716084,73.05,0.18141714430617079,45.66,0.669726242627106,0.9322656253810934,0.048152927551546,0.000633520359687,0.00012598025363,0.951087571835138,-4248.675054
38.8556303004672,0.3985991891552325,73.05,0.21245703534685262,45.66,0.7392759413940689,0.9160276430130018,0.048152927551546,0.000633520359687,0.00012598025363,0.951087571835138,-4238.890348
43.14752928245306,0.44378297497535674,73.05,0.2642362164910119,45.66,0.8397098918844227,0.9087118084919094,0.130777684173526,0.000210094113564,0.0000724104444060552,0.868939811268504,-4236.44028
38.316431422428515,0.399717006356563,73.05,0.19620050764114996,45.66,0.7233587419352417,0.9163521009220458,0.048152927551546,0.000633520359687,0.00012598025363,0.951087571835138,-4240.097388
47.83440692631137,0.48583030800102156,73.05,0.32331895942317423,45.66,0.9753775297721111,0.8928143181119537,0.021219138835368,0.000864054452576,0.000122210379212,0.977794596332844,-4237.796456
38.025153563288384,0.3984186338259126,73.05,0.18878340784775,45.66,0.7095792968158977,0.921286189821668,0.048152927551546,0.000633520359687,0.00012598025363,0.951087571835138,-4243.964438
50.986001648646756,0.5151726852539172,73.05,0.36211333092322395,45.66,0.9999988091574951,0.9559263618613227,0.025557210224001786,0.0003147093362534848,0.9740274634399905,0.00010061699975411282,-4246.2068
47.50923127443167,0.4808535283188577,73.05,0.31851749744088814,45.66,0.9406579649297595,0.9122062503740465,0.021219138835368,0.000864054452576,0.000122210379212,0.977794596332844,-4238.638728
38.72481376607236,0.39901430029081414,73.05,0.20827079241922616,45.66,0.7356533478360922,0.9149600826375494,0.048152927551546,0.000633520359687,0.00012598025363,0.951087571835138,-4238.258359
31.259833255222073,0.32468058868565447,73.05,0.10690702524248645,45.66,0.5795888916918198,0.905303977881617,0.455640108089135,0.000380748020406,0.00010330189814,0.54387584199232,-4233.554004
47.67475056113498,0.4826800110848156,73.05,0.32170267241529704,45.66,0.9475780003626384,0.909975854545267,0.021219138835368,0.000864054452576,0.000122210379212,0.977794596332844,-4237.916674
43.321057020238214,0.4408564169173624,73.05,0.272242838086906,45.66,0.84043588969294,0.9102462511292898,0.130777684173526,0.000210094113564,0.0000724104444060552,0.868939811268504,-4236.892361
28.48355099672531,0.3554621282734303,73.05,0.0000018426641377578404,45.66,0.4340814384751202,0.9258849824072282,0.09877082784859367,0.0010002542265960355,0.9002288039364318,1.139883785817008e-7,-4235.102002
52.19159855412195,0.5203615142783355,73.05,0.3917371844710787,45.66,0.9999999986295647,0.9870744089441685,0.4051311368686608,0.0020626057554583607,0.5926527477775752,0.00015350959830566312,-4248.08713
42.157908586661826,0.4342214148688755,73.05,0.25135782371728416,45.66,0.8152952267617851,0.9096809196040456,0.085457800863005,0.000698019317449,0.000129372992303,0.913714806827243,-4236.593543
49.00831656945511,0.4960940998553787,73.05,0.3408666603819906,45.66,0.9895783805989221,0.9091381344660645,0.025557210224002,0.000314709336253,0.000100616999754,0.97402746343999,-4238.754593
48.068862504836446,0.4867198551303963,73.05,0.32981767050758004,45.66,0.9652003070321311,0.9038880856497966,0.021219138835368,0.000864054452576,0.000122210379212,0.977794596332844,-4236.834984
31.482856701330117,0.32758554095844833,73.05,0.11681828184709994,45.66,0.5916364352233933,0.8981857734921316,0.455640108089135,0.000380748020406,0.00010330189814,0.54387584199232,-4235.950655
30.254063541628312,0.3509624036881758,73.05,0.040282209717900294,45.66,0.47494039668041316,0.925421791479405,0.455640108089135,0.000380748020406,0.00010330189814,0.54387584199232,-4240.020023
31.593666068052062,0.3291821904688398,73.05,0.12156157253140241,45.66,0.5945144580531504,0.9034311653940157,0.455640108089135,0.000380748020406,0.00010330189814,0.54387584199232,-4238.37229
31.565091835417746,0.32874525006071165,73.05,0.12035799260534892,45.66,0.5932182133779037,0.9031775764697139,0.455640108089135,0.000380748020406,0.00010330189814,0.54387584199232,-4237.684681
28.48358809183222,0.35546613351035783,73.05,0.0000018244199383740993,45.66,0.4341191128433735,0.9257852616984747,0.09877082784859367,0.0010002542265960355,0.9002288039364318,1.139883785817008e-7,-4235.102002
31.081561293704333,0.32237691202097435,73.05,0.09872684417692928,45.66,0.569725680121116,0.9115619272715356,0.455640108089135,0.000380748020406,0.00010330189814,0.54387584199232,-4234.570912
37.72713722144351,0.3894096815827656,73.05,0.1778425098580245,45.66,0.6505372528290937,0.9379854613255995,0.048152927551546,0.000633520359687,0.00012598025363,0.951087571835138,-4250.111411
37.7564565408984,0.39261277837461045,73.05,0.16921104592777528,45.66,0.6256364183323054,0.9456265317524772,0.048152927551546,0.000633520359687,0.00012598025363,0.951087571835138,-4251.751573
29.542612141414843,0.3065666383304241,73.05,0.07753687080248597,45.66,0.5351142045412047,0.9207589018346996,0.10928213994883608,0.0007451054996511551,0.8899540087833397,0.00001874576817298357,-4236.891721
38.094289243505656,0.3989931951443766,73.05,0.19043027973490267,45.66,0.7136919126365867,0.9198192391735982,0.048152927551546,0.000633520359687,0.00012598025363,0.951087571835138,-4242.945591
43.443308083268704,0.4391118591430253,73.05,0.27771491913245283,45.66,0.8421693278851458,0.9129776214065493,0.130777684173526,0.000210094113564,0.0000724104444060552,0.868939811268504,-4238.688159
38.244652680924744,0.39962641699651336,73.05,0.19425792835757422,45.66,0.7206537238694084,0.9172729970327801,0.048152927551546,0.000633520359687,0.00012598025363,0.951087571835138,-4240.919733
47.601855255743395,0.482025337690351,73.05,0.3201177816071032,45.66,0.9413980296246847,0.9155030465328546,0.021219138835368,0.000864054452576,0.000122210379212,0.977794596332844,-4238.261989
42.98663502741843,0.44707066541473045,73.05,0.25646506845185235,45.66,0.8413046231325116,0.9104682224988961,0.130777684173526,0.000210094113564,0.0000724104444060552,0.868939811268504,-4238.758406
43.38826554632612,0.43987142152479763,73.05,0.27526727065006956,45.66,0.8413308722316527,0.9115663983551373,0.130777684173526,0.000210094113564,0.0000724104444060552,0.868939811268504,-4237.744368
41.785896156738644,0.43940660987754837,73.05,0.23679044017673437,45.66,0.815214934466726,0.9149974703860507,0.085457800863005,0.000698019317449,0.000129372992303,0.913714806827243,-4242.97695
28.69757327114601,0.3359768490470373,73.05,0.019525669472232735,45.66,0.4458491362203167,0.9339913336459196,0.09877082784859367,0.0010002542265960355,0.9002288039364318,1.139883785817008e-7,-4237.783833
31.040182345600645,0.3218385071714244,73.05,0.09678153531705645,45.66,0.5711215928624932,0.9036618149332031,0.455640108089135,0.000380748020406,0.00010330189814,0.54387584199232,-4235.220434
31.018334292763125,0.32133634201018496,73.05,0.0958233022941153,45.66,0.5643279309911269,0.9146951888543967,0.455640108089135,0.000380748020406,0.00010330189814,0.54387584199232,-4235.545358
47.34027506925871,0.47894138372133055,73.05,0.3153638588523645,45.66,0.9332250685105453,0.915272729443382,0.021219138835368,0.000864054452576,0.000122210379212,0.977794596332844,-4239.501615
31.16863660917301,0.3235532453003707,73.05,0.10273554994515775,45.66,0.5750316220849397,0.9080311410178412,0.455640108089135,0.000380748020406,0.00010330189814,0.54387584199232,-4233.732005
38.7906304010607,0.3988133055417297,73.05,0.21035350034341843,45.66,0.7374248368197988,0.9154663752947563,0.048152927551546,0.000633520359687,0.00012598025363,0.951087571835138,-4238.495219
30.241325287139468,0.3520662542753115,73.05,0.03909751588894925,45.66,0.47489452318694947,0.9262773351259334,0.455640108089135,0.000380748020406,0.00010330189814,0.54387584199232,-4239.966672
28.48355319292912,0.35546173635825873,73.05,0.000001936658527742341,45.66,0.43404774539140023,0.9259028784830133,0.09877082784859367,0.0010002542265960355,0.9002288039364318,1.139883785817008e-7,-4235.102017
38.10426358437644,0.39905918036358273,73.05,0.1906712419262275,45.66,0.714231111776456,0.9196748507805974,0.048152927551546,0.000633520359687,0.00012598025363,0.951087571835138,-4242.803279
51.07278340905428,0.5150762409377383,73.05,0.3657344642324562,45.66,0.9999966769585936,0.9560796901069628,0.025557210224001786,0.0003147093362534848,0.9740274634399905,0.00010061699975411282,-4244.976188
31.537034974783623,0.3283259753600012,73.05,0.11916632931222665,45.66,0.5919387037566451,0.9030127683127527,0.455640108089135,0.000380748020406,0.00010330189814,0.54387584199232,-4237.05101
43.26813427838688,0.4416904145420659,73.05,0.26984341794928884,45.66,0.8402184858842774,0.9091320871370273,0.130777684173526,0.000210094113564,0.0000724104444060552,0.868939811268504,-4236.474276
31.236149560460632,0.32434317291045767,73.05,0.10584853984404599,45.66,0.5766173694595538,0.9097314795424267,0.455640108089135,0.000380748020406,0.00010330189814,0.54387584199232,-4233.534809
42.22374389600741,0.43345049898008003,73.05,0.253871401954457,45.66,0.8158290138299722,0.9100120806078428,0.085457800863005,0.000698019317449,0.000129372992303,0.913714806827243,-4236.462855
29.55966268002354,0.3069669226299785,73.05,0.07831223951051083,45.66,0.5396350961690115,0.9136080938325442,0.10928213994883608,0.0007451054996511551,0.8899540087833397,0.00001874576817298357,-4236.702533
46.808816111050845,0.4725608591516957,73.05,0.3060890544145492,45.66,0.9105120817163816,0.9242882969220405,0.021219138835368,0.000864054452576,0.000122210379212,0.977794596332844,-4242.74959
37.70882228380579,0.4000134007152058,73.05,0.1578261975927143,45.66,0.6065679513683393,0.9497473985238483,0.048152927551546,0.000633520359687,0.00012598025363,0.951087571835138,-4252.271998
42.843999989590465,0.45062046166547726,73.05,0.24919586917345066,45.66,0.8454031498290469,0.9154558756101908,0.130777684173526,0.000210094113564,0.0000724104444060552,0.868939811268504,-4243.657188
37.75339417759555,0.3946623008602739,73.05,0.16587691983901115,45.66,0.6182348361730793,0.949347738101292,0.048152927551546,0.000633520359687,0.00012598025363,0.951087571835138,-4252.02435
41.61649200464249,0.44237417169509013,73.05,0.22982646835898862,45.66,0.8177278997273016,0.9220968403552787,0.085457800863005,0.000698019317449,0.000129372992303,0.913714806827243,-4249.808975
28.483508037157545,0.35545757995439425,73.05,0.000001806356374627821,45.66,0.4340432463257974,0.9260290319397584,0.09877082784859367,0.0010002542265960355,0.9002288039364318,1.139883785817008e-7,-4235.101996
28.703970953281793,0.3353729916514658,73.05,0.020117316782910857,45.66,0.44661401802256984,0.9343431560587617,0.09877082784859367,0.0010002542265960355,0.9002288039364318,1.139883785817008e-7,-4237.86878
49.52801978399482,0.49930573914051857,73.05,0.35470721366880753,45.66,0.9999971105564471,0.9134867217451499,0.025557210224002,0.000314709336253,0.000100616999754,0.97402746343999,-4239.312362
41.72816631205724,0.4403684065563649,73.05,0.23444598037300432,45.66,0.8158761262122978,0.9170157848594502,0.085457800863005,0.000698019317449,0.000129372992303,0.913714806827243,-4244.9845
37.74912346052055,0.390807560740589,73.05,0.17261218795092356,45.66,0.6335848316045785,0.9432533363596036,0.048152927551546,0.000633520359687,0.00012598025363,0.951087571835138,-4251.309445
38.25372706162931,0.3996410682340729,73.05,0.19450373388894468,45.66,0.7210236900047259,0.9171297367385856,0.048152927551546,0.000633520359687,0.00012598025363,0.951087571835138,-4240.807741
30.249683084775203,0.3513266565542365,73.05,0.039883375958317126,45.66,0.4752089581098945,0.9252761393671187,0.455640108089135,0.000380748020406,0.00010330189814,0.54387584199232,-4240.001489
48.79201360469806,0.4931285708401611,73.05,0.34664168640403703,45.66,0.9968178533442535,0.9000404853090238,0.021219138835368,0.000864054452576,0.000122210379212,0.977794596332844,-4238.370026
38.920712078573914,0.39839515959198485,73.05,0.21458160570032114,45.66,0.740836585300737,0.9173224620070476,0.048152927551546,0.000633520359687,0.00012598025363,0.951087571835138,-4239.44374
48.51147603758647,0.4907866629831768,73.05,0.33981147574163023,45.66,0.9809046975907636,0.9043137078415148,0.021219138835368,0.000864054452576,0.000122210379212,0.977794596332844,-4237.129752
43.51413681507976,0.43821468806383923,73.05,0.280800142790136,45.66,0.8433393052122737,0.9152664751054194,0.130777684173526,0.000210094113564,0.0000724104444060552,0.868939811268504,-4240.187004
42.290875805193664,0.43270249798126653,73.05,0.2564101159740016,45.66,0.8166129976885775,0.9105298146512056,0.085457800863005,0.000698019317449,0.000129372992303,0.913714806827243,-4236.5938
37.66734269213512,0.4032383327540114,73.05,0.15318455246837018,45.66,0.6002870680057717,0.9507419363445686,0.048152927551546,0.000633520359687,0.00012598025363,0.951087571835138,-4252.257061
28.721041122529044,0.3340366764817754,73.05,0.021568486512494395,45.66,0.4498792390941864,0.9275920846200097,0.09877082784859367,0.0010002542265960355,0.9002288039364318,1.139883785817008e-7,-4238.065519
38.92051568650348,0.39840968536437943,73.05,0.21458160570032114,45.66,0.7413721071015128,0.9165449377151477,0.048152927551546,0.000633520359687,0.00012598025363,0.951087571835138,-4239.443718
38.38684306219629,0.3997151049890614,73.05,0.19816251271756147,45.66,0.7257685494820932,0.9156023322859081,0.048152927551546,0.000633520359687,0.00012598025363,0.951087571835138,-4239.414716
28.48365302434163,0.3554712355946589,73.05,0.0000020558020520317613,45.66,0.43402404395534167,0.9258483598787224,0.09877082784859367,0.0010002542265960355,0.9002288039364318,1.139883785817008e-7,-4235.102071
38.24454872531955,0.3996285986276406,73.05,0.19425792835757422,45.66,0.7206902452624845,0.9172308150986419,0.048152927551546,0.000633520359687,0.00012598025363,0.951087571835138,-4240.919733
30.237271534696923,0.3524345784295868,73.05,0.03871041177123688,45.66,0.47507926804276945,0.9251569266106066,0.455640108089135,0.000380748020406,0.00010330189814,0.54387584199232,-4239.952546
31.713761154879325,0.33114879950050435,73.05,0.1264974598380832,45.66,0.6000440204949372,0.9051121187490652,0.455640108089135,0.000380748020406,0.00010330189814,0.54387584199232,-4241.661162
48.47070194794133,0.49112532833494227,73.05,0.33811274185250517,45.66,0.9998274211702916,0.8869369529466661,0.021219138835368,0.000864054452576,0.000122210379212,0.977794596332844,-4237.051476
37.75389950178319,0.3916649364354566,73.05,0.17090315638705303,45.66,0.6293888646595717,0.9445363102249975,0.048152927551546,0.000633520359687,0.00012598025363,0.951087571835138,-4251.556315
42.0292225153799,0.43584740835213054,73.05,0.2464050815775749,45.66,0.8146223144839644,0.9101549049164934,0.085457800863005,0.000698019317449,0.000129372992303,0.913714806827243,-4237.648504
28.483560429827005,0.35546251406713936,73.05,0.0000020152946299693766,45.66,0.4340783305794094,0.9258705132417775,0.09877082784859367,0.0010002542265960355,0.9002288039364318,1.139883785817008e-7,-4235.102024
31.06024328325792,0.32204433870607163,73.05,0.09774935067022701,45.66,0.568075894336895,0.9126387842381195,0.455640108089135,0.000380748020406,0.00010330189814,0.54387584199232,-4234.86822
43.45028263387724,0.43902035715269294,73.05,0.27801994335657026,45.66,0.8422410612586929,0.9132279643052321,0.130777684173526,0.000210094113564,0.0000724104444060552,0.868939811268504,-4238.821215
38.170580251176204,0.39940128127481656,73.05,0.1923345825322517,45.66,0.7174908409510997,0.9184536488672422,0.048152927551546,0.000633520359687,0.00012598025363,0.951087571835138,-4241.873236
28.483545755717113,0.3554602674503248,73.05,0.0000019560251130197646,45.66,0.4340309478731626,0.925940427882405,0.09877082784859367,0.0010002542265960355,0.9002288039364318,1.139883785817008e-7,-4235.102023
37.691583453506034,0.4010303916537398,73.05,0.15626356197298444,45.66,0.6072865318150518,0.9436511296355244,0.048152927551546,0.000633520359687,0.00012598025363,0.951087571835138,-4252.285767
39.048061093778344,0.3980244306810336,73.05,0.21889469597489758,45.66,0.7449948250828415,0.918886425231765,0.048152927551546,0.000633520359687,0.00012598025363,0.951087571835138,-4241.02274
52.28792561614666,0.5203755736731559,73.05,0.3956545563157895,45.66,0.9999999998685563,0.9923865515732813,0.4051311368686608,0.0020626057554583607,0.5926527477775752,0.00015350959830566312,-4249.398741
31.28337427348598,0.3249675617028451,73.05,0.10797609549491131,45.66,0.5807141012140429,0.9046474968194287,0.455640108089135,0.000380748020406,0.00010330189814,0.54387584199232,-4233.62421
42.35898951560918,0.43198591986819357,73.05,0.25897421713374164,45.66,0.8174846942336805,0.9114732617589487,0.085457800863005,0.000698019317449,0.000129372992303,0.913714806827243,-4236.983934
47.509630138056266,0.4808661203378517,73.05,0.31851749744088814,45.66,0.9405294766928847,0.9124525401339085,0.021219138835368,0.000864054452576,0.000122210379212,0.977794596332844,-4238.638702
42.8864886898337,0.4494811555362685,73.05,0.25141169341422637,45.66,0.8438458664203127,0.9135639899274876,0.130777684173526,0.000210094113564,0.0000724104444060552,0.868939811268504,-4241.869839
38.014737103203245,0.39831092977819316,73.05,0.18854483142069572,45.66,0.7088996562690509,0.9215223280689054,0.048152927551546,0.000633520359687,0.00012598025363,0.951087571835138,-4244.118115
48.72225049310818,0.49256370846495645,73.05,0.3449088079637405,45.66,0.9935916514325527,0.9001466775135871,0.021219138835368,0.000864054452576,0.000122210379212,0.977794596332844,-4237.976353
37.65387520017478,0.4043424449586157,73.05,0.15166787373105958,45.66,0.6010422010102253,0.9452181021936064,0.048152927551546,0.000633520359687,0.00012598025363,0.951087571835138,-4252.244425
37.75384823696851,0.39166837775550656,73.05,0.17090315638705303,45.66,0.6294420117890984,0.9445132241101092,0.048152927551546,0.000633520359687,0.00012598025363,0.951087571835138,-4251.556317
48.652959675028995,0.49199252616099415,73.05,0.34320959049904654,45.66,0.9901961369287519,0.9005836922241456,0.021219138835368,0.000864054452576,0.000122210379212,0.977794596332844,-4237.64142
43.506685525653275,0.43829805806615696,73.05,0.2804920683237774,45.66,0.8436065672835971,0.9145205572860879,0.130777684173526,0.000210094113564,0.0000724104444060552,0.868939811268504,-4240.022321
43.571822700745784,0.4375283995757622,73.05,0.28329698900701517,45.66,0.8446913171073647,0.9172378577242195,0.130777684173526,0.000210094113564,0.0000724104444060552,0.868939811268504,-4241.641498
28.715884617671616,0.3344127092223191,73.05,0.02114350211988471,45.66,0.4498884008713461,0.9273017441135021,0.09877082784859367,0.0010002542265960355,0.9002288039364318,1.139883785817008e-7,-4238.00515
42.838713061146436,0.45076523922240463,73.05,0.2489224687269568,45.66,0.845633917483899,0.91571330845543,0.130777684173526,0.000210094113564,0.0000724104444060552,0.868939811268504,-4243.896052
47.16350482143521,0.47680923181656204,73.05,0.31224144440828167,45.66,0.9207496887909428,0.9244295944843806,0.021219138835368,0.000864054452576,0.000122210379212,0.977794596332844,-4240.497355
30.27102283067441,0.3493929888294698,73.05,0.04191782896410802,45.66,0.47554489755376184,0.9293074288126417,0.455640108089135,0.000380748020406,0.00010330189814,0.54387584199232,-4240.089196
37.74899799539247,0.39080488913626066,73.05,0.17261218795092356,45.66,0.6335805421116023,0.943311179040208,0.048152927551546,0.000633520359687,0.00012598025363,0.951087571835138,-4251.309444
31.214092678190386,0.32416488606582167,73.05,0.10480053449905544,45.66,0.5792362764056354,0.9025097059348482,0.455640108089135,0.000380748020406,0.00010330189814,0.54387584199232,-4233.55797
31.74538635411256,0.33170451403958084,73.05,0.12776243443646404,45.66,0.6015517191937094,0.9056949623558535,0.455640108089135,0.000380748020406,0.00010330189814,0.54387584199232,-4242.61698
29.679489552474273,0.30879270161876765,73.05,0.08396132048189003,45.66,0.546906246706326,0.9090867994133179,0.10928213994883608,0.0007451054996511551,0.8899540087833397,0.00001874576817298357,-4236.096155
52.68473439472699,0.5208307337284599,73.05,0.4117197178769814,45.66,0.9999999999998008,1.0225628216789628,0.4051311368686608,0.0020626057554583607,0.5926527477775752,0.00015350959830566312,-4258.610652
28.725766637543373,0.33359746514464755,73.05,0.022002013091395534,45.66,0.4485792154392422,0.9336340533693483,0.09877082784859367,0.0010002542265960355,0.9002288039364318,1.139883785817008e-7,-4238.135455
30.24569535514692,0.35171673818175003,73.05,0.03948849104783874,45.66,0.47498122621254835,0.9254471770030833,0.455640108089135,0.000380748020406,0.00010330189814,0.54387584199232,-4239.983937
30.275955504444294,0.34903459121527086,73.05,0.0423370072537491,45.66,0.47547850615734616,0.9253690925642921,0.455640108089135,0.000380748020406,0.00010330189814,0.54387584199232,-4240.121865
45.712429649922626,0.4587541048384068,73.05,0.28834973527469165,45.66,0.8532960689108351,0.9583018393279793,0.021219138835368,0.000864054452576,0.000122210379212,0.977794596332844,-4250.629002
30.2939163116219,0.347405056125725,73.05,0.04405605951965041,45.66,0.4773474957744542,0.9292717683485711,0.455640108089135,0.000380748020406,0.00010330189814,0.54387584199232,-4240.189227
42.7974634229533,0.4519477586562869,73.05,0.24672858334005016,45.66,0.8475282596664333,0.9179547912686142,0.130777684173526,0.000210094113564,0.0000724104444060552,0.868939811268504,-4245.960565
42.94134993393825,0.4481203615315692,73.05,0.25420470614383706,45.66,0.8422543454137523,0.9116883412273873,0.130777684173526,0.000210094113564,0.0000724104444060552,0.868939811268504,-4239.987312
37.73436551262621,0.38957969384960367,73.05,0.17608169292873713,45.66,0.6439109431043734,0.9400246453668706,0.048152927551546,0.000633520359687,0.00012598025363,0.951087571835138,-4250.606634
41.56278112192035,0.4434365892710189,73.05,0.22755095877127587,45.66,0.8190378034831759,0.9250992336335425,0.085457800863005,0.000698019317449,0.000129372992303,0.913714806827243,-4252.623444
28.711341488123974,0.3348343013203551,73.05,0.02072689159874984,45.66,0.4491109807601781,0.9277888855931313,0.09877082784859367,0.0010002542265960355,0.9002288039364318,1.139883785817008e-7,-4237.94536
45.502240345023615,0.45567116375035904,73.05,0.2854947874006848,45.66,0.8571776184754136,0.9370725966006447,0.021219138835368,0.000864054452576,0.000122210379212,0.977794596332844,-4251.889328
31.777663765755605,0.33228361802791156,73.05,0.1290400587808287,45.66,0.6031176099311074,0.9062910908266957,0.455640108089135,0.000380748020406,0.00010330189814,0.54387584199232,-4243.625526
47.665457919676605,0.4824071082421259,73.05,0.32170267241529704,45.66,0.9514774966657075,0.9021581931779947,0.021219138835368,0.000864054452576,0.000122210379212,0.977794596332844,-4237.933994
48.59659266666752,0.49185214676879324,73.05,0.3414938692710302,45.66,0.998607166438745,0.8914692624676777,0.021219138835368,0.000864054452576,0.000122210379212,0.977794596332844,-4237.392954
51.74925575077728,0.5137579601575815,73.05,0.39603801707340847,45.66,0.9999999999988607,0.9866722938707604,0.025557210224001786,0.0003147093362534848,0.9740274634399905,0.00010061699975411282,-4252.006134
51.6603473286894,0.5137728007389225,73.05,0.39211684858753315,45.66,0.999999999999998,0.9795714688307452,0.025557210224001786,0.0003147093362534848,0.9740274634399905,0.00010061699975411282,-4249.647525
31.213686948388865,0.3241165743858706,73.05,0.10480053449905544,45.66,0.5773442315456253,0.9065478965624238,0.455640108089135,0.000380748020406,0.00010330189814,0.54387584199232,-4233.553794
31.455827074294348,0.32717268479160333,73.05,0.11566166519514845,45.66,0.5883259328252702,0.9028515291804695,0.455640108089135,0.000380748020406,0.00010330189814,0.54387584199232,-4235.472158
31.509891371027294,0.3279650492089733,73.05,0.11798646466557094,45.66,0.5925341696379558,0.8988545736927789,0.455640108089135,0.000380748020406,0.00010330189814,0.54387584199232,-4236.47542
37.72061264588396,0.39893840153598537,73.05,0.15940445956864144,45.66,0.6088022952703765,0.9494845898892958,0.048152927551546,0.000633520359687,0.00012598025363,0.951087571835138,-4252.256109
38.18022159240279,0.399434230299907,73.05,0.19257795434548977,45.66,0.7178980720285023,0.9182976596074578,0.048152927551546,0.000633520359687,0.00012598025363,0.951087571835138,-4241.745162
31.331354554497917,0.3255498262073606,73.05,0.11014641501435904,45.66,0.5826327932609013,0.9042677874686136,0.455640108089135,0.000380748020406,0.00010330189814,0.54387584199232,-4233.910181
51.40465106043133,0.5141912654860675,73.05,0.3805847500754955,45.66,0.9999999975311935,0.9638147931015778,0.025557210224001786,0.0003147093362534848,0.9740274634399905,0.00010061699975411282,-4244.940015
50.899846049400004,0.515314653367833,73.05,0.35852805041903363,45.66,0.9999999555174888,0.9575792176735807,0.025557210224001786,0.0003147093362534848,0.9740274634399905,0.00010061699975411282,-4247.92927
31.146528350447635,0.32327065841301955,73.05,0.10171836628233441,45.66,0.5738274251373269,0.9088222033095439,0.455640108089135,0.000380748020406,0.00010330189814,0.54387584199232,-4233.884281
51.48843406989248,0.5140018579744078,73.05,0.3843905975762505,45.66,0.9999999978594822,0.9681588073452236,0.025557210224001786,0.0003147093362534848,0.9740274634399905,0.00010061699975411282,-4246.091162
51.8026476235668,0.5203189645512436,73.05,0.3764517344797457,45.66,0.9999581420950228,0.9802730060268109,0.4051311368686608,0.0020626057554583607,0.5926527477775752,0.00015350959830566312,-4247.405493
31.12548986975578,0.3230898367201857,73.05,0.10071125374488556,45.66,0.576649533142964,0.9010956008159395,0.455640108089135,0.000380748020406,0.00010330189814,0.54387584199232,-4234.095645
46.063148063105956,0.46300808998995047,73.05,0.29414556495371297,45.66,0.8831657711990873,0.928529672638629,0.021219138835368,0.000864054452576,0.000122210379212,0.977794596332844,-4247.939387
28.692877730119125,0.33631414351021166,73.05,0.01914093664565507,45.66,0.4455729415652456,0.9342300832420957,0.09877082784859367,0.0010002542265960355,0.9002288039364318,1.139883785817008e-7,-4237.729225
30.27993919998298,0.3486000110351414,73.05,0.04276037732628659,45.66,0.47668952963210437,0.9284467861101602,0.455640108089135,0.000380748020406,0.00010330189814,0.54387584199232,-4240.128403
31.259805567538578,0.32467758420630727,73.05,0.10690702524248645,45.66,0.5795672215887077,0.9053237957570622,0.455640108089135,0.000380748020406,0.00010330189814,0.54387584199232,-4233.554004
49.78224894288448,0.5007755090046335,73.05,0.3618368286635506,45.66,0.9999893795932417,0.923653491664393,0.025557210224002,0.000314709336253,0.000100616999754,0.97402746343999,-4241.181564
28.718643429276387,0.33424641248494935,73.05,0.02135493714108356,45.66,0.44974670710548353,0.9276426983200939,0.09877082784859367,0.0010002542265960355,0.9002288039364318,1.139883785817008e-7,-4238.035058
48.1450595754187,0.48747274812998,73.05,0.3314505850921529,45.66,0.9678297275442947,0.9040297355488847,0.021219138835368,0.000864054452576,0.000122210379212,0.977794596332844,-4236.757265
46.62528221248024,0.4702633940972628,73.05,0.30305846971737543,45.66,0.9024668838828246,0.927461807215784,0.021219138835368,0.000864054452576,0.000122210379212,0.977794596332844,-4243.988531
28.483585162374098,0.35546551173781055,73.05,0.0000018984987037960407,45.66,0.43414224703442356,0.9257370593823395,0.09877082784859367,0.0010002542265960355,0.9002288039364318,1.139883785817008e-7,-4235.102006
28.4836158473813,0.3554672144684526,73.05,0.0000019953412177914618,45.66,0.434064836402591,0.9258852136347847,0.09877082784859367,0.0010002542265960355,0.9002288039364318,1.139883785817008e-7,-4235.102046
42.992319632117876,0.4469410781406113,73.05,0.2567467532052754,45.66,0.8411868676172589,0.910344442672845,0.130777684173526,0.000210094113564,0.0000724104444060552,0.868939811268504,-4238.623347
38.98460412470118,0.3982042796805201,73.05,0.21672742175732435,45.66,0.7430351619254931,0.9178015116706311,0.048152927551546,0.000633520359687,0.00012598025363,0.951087571835138,-4240.154762
48.92451765499242,0.4940668886095152,73.05,0.3501081032680774,45.66,0.9999983201877292,0.9025103374311668,0.021219138835368,0.000864054452576,0.000122210379212,0.977794596332844,-4239.314353
31.191003047691687,0.3238335364851911,73.05,0.10376290544460934,45.66,0.5762275762187982,0.9072532460635835,0.455640108089135,0.000380748020406,0.00010330189814,0.54387584199232,-4233.621302
43.038944661771936,0.4459295009988416,73.05,0.25902971913637085,45.66,0.840489161572835,0.9094823886950081,0.130777684173526,0.000210094113564,0.0000724104444060552,0.868939811268504,-4237.673664
51.68848054686629,0.5197482090123602,73.05,0.37272448958390664,45.66,0.9999999528844721,0.972899514562468,0.4051311368686608,0.0020626057554583607,0.5926527477775752,0.00015350959830566312,-4248.390061
49.90798845900142,0.5014744537852894,73.05,0.36545519695018613,45.66,0.9999999524642562,0.9294498546553044,0.025557210224002,0.000314709336253,0.000100616999754,0.97402746343999,-4242.510244
38.85591740481989,0.3986046352640683,73.05,0.21245703534685262,45.66,0.7392594098073522,0.916031722271932,0.048152927551546,0.000633520359687,0.00012598025363,0.951087571835138,-4238.890348
47.079494190858036,0.47586852454023465,73.05,0.31070316500430767,45.66,0.9221827115917972,0.9194861558482601,0.021219138835368,0.000864054452576,0.000122210379212,0.977794596332844,-4241.015912
52.48310875240026,0.5204965129642666,73.05,0.4036072128977369,45.66,0.9999999999999083,1.005730908952185,0.4051311368686608,0.0020626057554583607,0.5926527477775752,0.00015350959830566312,-4253.258448
28.695262421909867,0.3361492104282069,73.05,0.019332346012111618,45.66,0.4455313842858448,0.9338382873379995,0.09877082784859367,0.0010002542265960355,0.9002288039364318,1.139883785817008e-7,-4237.756506
30.233009148100724,0.3527831664669672,73.05,0.03832714036756127,45.66,0.4759336421103063,0.9252966765283727,0.455640108089135,0.000380748020406,0.00010330189814,0.54387584199232,-4239.945858
31.307162969342215,0.3252527884295309,73.05,0.10905585644986043,45.66,0.5817600737905703,0.904249781423796,0.455640108089135,0.000380748020406,0.00010330189814,0.54387584199232,-4233.742598
47.340245057130375,0.47894100795642036,73.05,0.3153638588523645,45.66,0.9332216850336875,0.9152486595798525,0.021219138835368,0.000864054452576,0.000122210379212,0.977794596332844,-4239.501615
42.891979386725374,0.44934456036196074,73.05,0.2516878278651852,45.66,0.84364567497765,0.9134021777028061,0.130777684173526,0.000210094113564,0.0000724104444060552,0.868939811268504,-4241.665475
28.483588868905525,0.3554654060434741,73.05,0.000001975585364149962,45.66,0.43414271040370195,0.9257384659416514,0.09877082784859367,0.0010002542265960355,0.9002288039364318,1.139883785817008e-7,-4235.102018
30.28450671906697,0.34820024271666566,73.05,0.04318798109954946,45.66,0.4767088754544455,0.9290268294885785,0.455640108089135,0.000380748020406,0.00010330189814,0.54387584199232,-4240.148232
31.356059067648705,0.3258766068204121,73.05,0.11124787916450263,45.66,0.5845391056402097,0.9025155722685748,0.455640108089135,0.000380748020406,0.00010330189814,0.54387584199232,-4234.128058
29.715502902408375,0.30930457739142336,73.05,0.08564894302357602,45.66,0.5487280500913078,0.9080959257644362,0.10928213994883608,0.0007451054996511551,0.8899540087833397,0.00001874576817298357,-4236.167372
29.697358920626275,0.30904497669436437,73.05,0.08480093368670893,45.66,0.5478288364737688,0.9085875367465039,0.10928213994883608,0.0007451054996511551,0.8899540087833397,0.00001874576817298357,-4236.11674
31.103018513418686,0.3226866312632524,73.05,0.09971411261869857,45.66,0.5711724601492353,0.9106302544359731,0.455640108089135,0.000380748020406,0.00010330189814,0.54387584199232,-4234.305987
28.483582494932627,0.3554652357782525,73.05,0.0000017884716580473475,45.66,0.4340809708676754,0.9258391432706308,0.09877082784859367,0.0010002542265960355,0.9002288039364318,1.139883785817008e-7,-4235.101992
37.68256542772807,0.4021768117041922,73.05,0.1547163979930539,45.66,0.6023911034567477,0.9504364697788282,0.048152927551546,0.000633520359687,0.00012598025363,0.951087571835138,-4252.270681
51.57335217406268,0.5138519825692702,73.05,0.388234503552013,45.66,0.999999999997671,0.9733763808326258,0.025557210224001786,0.0003147093362534848,0.9740274634399905,0.00010061699975411282,-4247.66796
31.429713672223,0.3268227814003021,73.05,0.11451650019321628,45.66,0.5871536410027364,0.9029817986668519,0.455640108089135,0.000380748020406,0.00010330189814,0.54387584199232,-4235.052346
31.65249166454255,0.3301178239529487,73.05,0.1240049601392836,45.66,0.5972867794470544,0.9039213159255352,0.455640108089135,0.000380748020406,0.00010330189814,0.54387584199232,-4239.909323
47.164084964932755,0.4768413435849738,73.05,0.31224144440828167,45.66,0.9267700095321318,0.9165817336044809,0.021219138835368,0.000864054452576,0.000122210379212,0.977794596332844,-4240.487765
38.386832807544536,0.3997226355386432,73.05,0.19816251271756147,45.66,0.725802090484219,0.915600873356011,0.048152927551546,0.000633520359687,0.00012598025363,0.951087571835138,-4239.414716
51.45577387387892,0.5186642183660057,73.05,0.36538034465631475,45.66,0.9999484557773114,0.9734604194334588,0.4051311368686608,0.0020626057554583607,0.5926527477775752,0.00015350959830566312,-4251.746056
30.289076176170237,0.34779394089600385,73.05,0.043619860910544955,45.66,0.4770350261821825,0.9292735509594297,0.455640108089135,0.000380748020406,0.00010330189814,0.54387584199232,-4240.168563
47.836005616896685,0.484393136306031,73.05,0.32491969913945,45.66,0.9544395502247023,0.9077643869415706,0.021219138835368,0.000864054452576,0.000122210379212,0.977794596332844,-4237.352586
28.48358182931044,0.35546458986522417,73.05,0.0000020354475762690704,45.66,0.4340756069649039,0.9259318035629857,0.09877082784859367,0.0010002542265960355,0.9002288039364318,1.139883785817008e-7,-4235.102024
48.762892883199086,0.494927986510303,73.05,0.33415024054699594,45.66,0.9754490699902151,0.9222754472278627,0.025557210224002,0.000314709336253,0.000100616999754,0.97402746343999,-4240.008626
38.17067726950015,0.3993982041413024,73.05,0.1923345825322517,45.66,0.7175004733300726,0.918441262937384,0.048152927551546,0.000633520359687,0.00012598025363,0.951087571835138,-4241.873236
31.4062533491914,0.32650912030683915,73.05,0.11348396153570914,45.66,0.5861517270820344,0.9030707799889242,0.455640108089135,0.000380748020406,0.00010330189814,0.54387584199232,-4234.715922
31.3809549260948,0.32618489308499377,73.05,0.11236035795614766,45.66,0.5850146329250315,0.9033221467214978,0.455640108089135,0.000380748020406,0.00010330189814,0.54387584199232,-4234.396071
71.25511586563006,0.5141877647856052,73.05,0.3479837934924198,45.66,0.999999946318235,0.9578505825712168,0.025557210224001786,0.0003147093362534848,0.9740274634399905,0.00010061699975411282,-5157.320354
38.31632724013428,0.39971665697271935,73.05,0.19620050764114996,45.66,0.7233692139380112,0.9163150066221959,0.048152927551546,0.000633520359687,0.00012598025363,0.951087571835138,-4240.097388
31.08261919792175,0.32251908786055644,73.05,0.09872684417692928,45.66,0.5743652100634578,0.9022165985996117,0.455640108089135,0.000380748020406,0.00010330189814,0.54387584199232,-4234.594282
42.09300774325349,0.43501963272769206,73.05,0.24886913239335065,45.66,0.8148391870359102,0.9097918258056901,0.085457800863005,0.000698019317449,0.000129372992303,0.913714806827243,-4236.9881
48.29385038991556,0.4888623253647988,73.05,0.33476509094307444,45.66,0.9743325878029183,0.9025868152970291,0.021219138835368,0.000864054452576,0.000122210379212,0.977794596332844,-4236.749816
48.48205913002667,0.49278449483539455,73.05,0.32756616071659245,45.66,0.9667600502255316,0.9245324303161373,0.025557210224002,0.000314709336253,0.000100616999754,0.97402746343999,-4242.00614
31.305878908211643,0.32507325657840386,73.05,0.10905585644986043,45.66,0.577594498447292,0.9096457231921177,0.455640108089135,0.000380748020406,0.00010330189814,0.54387584199232,-4233.757442
38.325446382702715,0.39971988546753817,73.05,0.19644877122783413,45.66,0.7236993757041879,0.9162140766305278,0.048152927551546,0.000633520359687,0.00012598025363,0.951087571835138,-4240.002736
44.78220630338135,0.46539495929166624,73.05,0.351463631427344,45.66,1,0.9950853728280931,0.025557210224001786,0.0003147093362534848,0.9740274634399905,0.00010061699975411282,-4325.627888
31.810757875616194,0.332899730844346,73.05,0.130330459368637,45.66,0.6047049008418125,0.907024620589858,0.455640108089135,0.000380748020406,0.00010330189814,0.54387584199232,-4244.686287
47.25396918875737,0.47792723954893884,73.05,0.3138101966543507,45.66,0.9295963247985735,0.9165412200880229,0.021219138835368,0.000864054452576,0.000122210379212,0.977794596332844,-4239.976616
30.99769769800928,0.32094713272846276,73.05,0.09487455672684683,45.66,0.562085616730332,0.9157745427394073,0.455640108089135,0.000380748020406,0.00010330189814,0.54387584199232,-4235.915607
41.67160967008912,0.4413544118056518,73.05,0.23212473304257852,45.66,0.8166709224067783,0.9193943745397859,0.085457800863005,0.000698019317449,0.000129372992303,0.913714806827243,-4247.262152
45.88566525395255,0.46085539866400166,73.05,0.29123323262743855,45.66,0.8657234051136888,0.9472807446018923,0.021219138835368,0.000864054452576,0.000122210379212,0.977794596332844,-4249.266674
28.723392112547142,0.33381814586416025,73.05,0.02178417137761934,45.66,0.4494231366839072,0.930818035582037,0.09877082784859367,0.0010002542265960355,0.9002288039364318,1.139883785817008e-7,-4238.098927
31.844534029978544,0.33353932560404426,73.05,0.13163376396232337,45.66,0.6063587927493232,0.9077731750724889,0.455640108089135,0.000380748020406,0.00010330189814,0.54387584199232,-4245.798668
37.7431736853855,0.39009491508054167,73.05,0.1743383098304328,45.66,0.6383230593091674,0.9418983808416155,0.048152927551546,0.000633520359687,0.00012598025363,0.951087571835138,-4250.998432
31.103018575749374,0.3226861698247225,73.05,0.09971411261869857,45.66,0.5711720746926127,0.9105909872353222,0.455640108089135,0.000380748020406,0.00010330189814,0.54387584199232,-4234.305988
44.892537547138865,0.47505640927258136,73.05,0.36176271748149974,45.66,1,1.0529800667883018,0.4051311368686608,0.0020626057554583607,0.5926527477775752,0.00015350959830566312,-4344.014876
52.58288999158183,0.5206298230906539,73.05,0.40764328502671426,45.66,1,1.0137443167352254,0.4051311368686608,0.0020626057554583607,0.5926527477775752,0.00015350959830566312,-4255.760117
30.257962875731355,0.3505542402134116,73.05,0.0406850318150793,45.66,0.4755152359545036,0.9272675935579968,0.455640108089135,0.000380748020406,0.00010330189814,0.54387584199232,-4240.034337
31.28330926136008,0.32496164357433727,73.05,0.10797609549491131,45.66,0.5806411553733848,0.9047956591924005,0.455640108089135,0.000380748020406,0.00010330189814,0.54387584199232,-4233.624206
37.74304074428936,0.3900907005890829,73.05,0.1743383098304328,45.66,0.6383282630106636,0.9418054708005305,0.048152927551546,0.000633520359687,0.00012598025363,0.951087571835138,-4250.998432
49.05107431473999,0.49482558207719785,73.05,0.35360918430075816,45.66,0.9999996069116035,0.907861445214422,0.021219138835368,0.000864054452576,0.000122210379212,0.977794596332844,-4240.489102
48.20511655859385,0.4879578326740152,73.05,0.3243229314025668,45.66,0.9438623593364213,0.940526074353362,0.025557210224002,0.000314709336253,0.000100616999754,0.97402746343999,-4243.000318
38.5916434610933,0.39938630152023724,73.05,0.2041670350154163,45.66,0.731964765085104,0.9146396273203427,0.048152927551546,0.000633520359687,0.00012598025363,0.951087571835138,-4238.257426
53.96034533519261,0.5388425757361768,73.05,0.4299090883073575,45.66,1,1.0616338826632143,0.085250847735422,0.000487785700372,0.0000725610754480625,0.914188805488758,-4272.780176
51.57476876117286,0.5192658274872036,73.05,0.3690341481028779,45.66,0.9999997596887074,0.9720544555370852,0.4051311368686608,0.0020626057554583607,0.5926527477775752,0.00015350959830566312,-4249.850812
54.35892717330718,0.539027596766857,73.05,0.44736418167693237,45.66,1,1.0635959815305238,0.085250847735422,0.000487785700372,0.0000725610754480625,0.914188805488758,-4291.365415
53.84139500849743,0.5388508384102735,73.05,0.425652562680552,45.66,1,1.0616666363041591,0.085250847735422,0.000487785700372,0.0000725610754480625,0.914188805488758,-4269.496016
37.746870390379364,0.39570379849078546,73.05,0.16423457409803083,45.66,0.6162428740576035,0.9481687412109837,0.048152927551546,0.000633520359687,0.00012598025363,0.951087571835138,-4252.113545
53.755931154644905,0.5387470245048458,73.05,0.42143818087183366,45.66,1,1.0622324953061935,0.085250847735422,0.000487785700372,0.0000725610754480625,0.914188805488758,-4265.81736
53.45767498004834,0.5405680514932634,73.05,0.3891910893486044,45.66,1,1.0597463100936584,0.085250847735422,0.000487785700372,0.0000725610754480625,0.914188805488758,-4517.364905
54.286250000083754,0.5390682708261387,73.05,0.44293483334349737,45.66,1,1.063565518757279,0.085250847735422,0.000487785700372,0.0000725610754480625,0.914188805488758,-4285.652023
29.510731992176062,0.3060398640593279,73.05,0.07600908813105184,45.66,0.5339608811354126,0.9187325833850986,0.10928213994883608,0.0007451054996511551,0.8899540087833397,0.00001874576817298357,-4237.289506
46.989133143593094,0.4747696056810707,73.05,0.3091499449586947,45.66,0.9181946899753927,0.9210807453924871,0.021219138835368,0.000864054452576,0.000122210379212,0.977794596332844,-4241.576163
51.15647439740246,0.5148729735043409,73.05,0.3693918088747808,45.66,0.9999999688573363,0.9563768390424181,0.025557210224001786,0.0003147093362534848,0.9740274634399905,0.00010061699975411282,-4244.240989
42.935836406965436,0.44825317158159245,73.05,0.25392581034836864,45.66,0.8423628088824355,0.9118734172559178,0.130777684173526,0.000210094113564,0.0000724104444060552,0.868939811268504,-4240.157033
30.26696788182564,0.34981484155562037,73.05,0.041502800954562394,45.66,0.476048804388591,0.9263818804735282,0.455640108089135,0.000380748020406,0.00010330189814,0.54387584199232,-4240.07221
54.495133852031,0.53904542456346,73.05,0.4518378234937017,45.66,1,1.0635722552484996,0.085250847735422,0.000487785700372,0.0000725610754480625,0.914188805488758,-4295.896634
50.0335224740932,0.502166736230783,73.05,0.369109748919688,45.66,1,0.935727483964951,0.025557210224002,0.000314709336253,0.000100616999754,0.97402746343999,-4244.094033
38.724719618507734,0.3990155533557711,73.05,0.20827079241922616,45.66,0.7358057643147439,0.9146778637870248,0.048152927551546,0.000633520359687,0.00012598025363,0.951087571835138,-4238.258383
53.96036757616652,0.540766026214869,73.05,0.4090428872457189,45.66,1,1.061606855128033,0.085250847735422,0.000487785700372,0.0000725610754480625,0.914188805488758,-4654.033736
37.94241724465952,0.3973842716511232,73.05,0.18691426519579207,45.66,0.7034616580358118,0.9232725278593503,0.048152927551546,0.000633520359687,0.00012598025363,0.951087571835138,-4245.200169
48.55552469071236,0.4921106978648765,73.05,0.33084182232375836,45.66,0.9999999999916924,0.8904469096140264,0.025557210224002,0.000314709336253,0.000100616999754,0.97402746343999,-4240.983954
38.790604574593175,0.3988089907833921,73.05,0.21035350034341843,45.66,0.7374708189372211,0.9154078700369038,0.048152927551546,0.000633520359687,0.00012598025363,0.951087571835138,-4238.495218
41.84492301965811,0.4384750106733839,73.05,0.2391583445785017,45.66,0.8147845810951696,0.9133288977580213,0.085457800863005,0.000698019317449,0.000129372992303,0.913714806827243,-4241.239899
50.80157971341419,0.5150348494261852,73.05,0.35497826774161745,45.66,0.9999999658743637,0.9584440200580495,0.025557210224001786,0.0003147093362534848,0.9740274634399905,0.00010061699975411282,-4250.127791
31.124645721326367,0.32297937547966193,73.05,0.10071125374488556,45.66,0.5725457088209192,0.9096521646761598,0.455640108089135,0.000380748020406,0.00010330189814,0.54387584199232,-4234.076304
31.16877405310839,0.32356981033170795,73.05,0.10273554994515775,45.66,0.5755284143497765,0.9070571048958355,0.455640108089135,0.000380748020406,0.00010330189814,0.54387584199232,-4233.732239
28.71284025463989,0.334544739788515,73.05,0.020934160514737336,45.66,0.44811478662622817,0.9343646339305717,0.09877082784859367,0.0010002542265960355,0.9002288039364318,1.139883785817008e-7,-4237.987769
47.42579079167483,0.4799154156126632,73.05,0.31694829862089424,45.66,0.9368531338795644,0.9138826917258037,0.021219138835368,0.000864054452576,0.000122210379212,0.977794596332844,-4239.050509
31.19162535815997,0.323907291594308,73.05,0.10376290544460934,45.66,0.5786849290316962,0.9021119995295361,0.455640108089135,0.000380748020406,0.00010330189814,0.54387584199232,-4233.62819
29.644299994935988,0.30828198934602086,73.05,0.0823069507713852,45.66,0.5450389747906254,0.9101597476841934,0.10928213994883608,0.0007451054996511551,0.8899540087833397,0.00001874576817298357,-4236.141202
49.13143504855073,0.4967174081870895,73.05,0.3442753269858105,45.66,0.9999889486533258,0.9015158529094272,0.025557210224002,0.000314709336253,0.000100616999754,0.97402746343999,-4238.513975
38.524134950135114,0.39953277354913863,73.05,0.20214557922318446,45.66,0.7299856451105325,0.9147674580179544,0.048152927551546,0.000633520359687,0.00012598025363,0.951087571835138,-4238.490964
28.483553920982217,0.35546214129268455,73.05,0.000001879701686926773,45.66,0.4340555074185838,0.925713889124493,0.09877082784859367,0.0010002542265960355,0.9002288039364318,1.139883785817008e-7,-4235.102029
51.997618591971076,0.5203102498709964,73.05,0.3840184143427886,45.66,0.9999999340974249,0.9790452562435362,0.4051311368686608,0.0020626057554583607,0.5926527477775752,0.00015350959830566312,-4246.801513
37.72458094794165,0.3897879515329126,73.05,0.17962093495660475,45.66,0.6589326204623177,0.9353754920819853,0.048152927551546,0.000633520359687,0.00012598025363,0.951087571835138,-4249.481451
43.044757979003975,0.4458093771448435,73.05,0.2593142207373282,45.66,0.8404311942420489,0.9094085347421297,0.130777684173526,0.000210094113564,0.0000724104444060552,0.868939811268504,-4237.573174
29.661800771710496,0.30853719696976717,73.05,0.08313002027909905,45.66,0.5459889851517614,0.9095909892879445,0.10928213994883608,0.0007451054996511551,0.8899540087833397,0.00001874576817298357,-4236.104654
53.4576749795385,0.5405680517557311,73.05,0.4049938082324261,45.66,1,1.0597463099301083,0.085250847735422,0.000487785700372,0.0000725610754480625,0.914188805488758,-4260.012015
38.65849594237228,0.3992089521452718,73.05,0.20620870536557045,45.66,0.7337769502035948,0.9147687631543984,0.048152927551546,0.000633520359687,0.00012598025363,0.951087571835138,-4238.179393
28.70652307509372,0.33520526957565727,73.05,0.020318489950739965,45.66,0.446101764223782,0.9349875857459369,0.09877082784859367,0.0010002542265960355,0.9002288039364318,1.139883785817008e-7,-4237.900584
29.60990837502598,0.3077688650515789,73.05,0.08068517867991883,45.66,0.5430433174511444,0.9114088082162973,0.10928213994883608,0.0007451054996511551,0.8899540087833397,0.00001874576817298357,-4236.29393
51.898241281892865,0.5202233350334878,73.05,0.38021625182454316,45.66,1,0.976235209489949,0.4051311368686608,0.0020626057554583607,0.5926527477775752,0.00015350959830566312,-4246.856903
54.07007292039641,0.5388508577383286,73.05,0.4342081791904311,45.66,1,1.0616360735967674,0.085250847735422,0.000487785700372,0.0000725610754480625,0.914188805488758,-4276.714531
29.592985226131646,0.3075068243431278,73.05,0.07988631552467211,45.66,0.5419902892929284,0.912055143539174,0.10928213994883608,0.0007451054996511551,0.8899540087833397,0.00001874576817298357,-4236.407623
53.4576749795385,0.5386441343051858,73.05,0.4090437463147504,45.66,1,1.0597463099301083,0.085250847735422,0.000487785700372,0.0000725610754480625,0.914188805488758,-4258.319292
53.55024996472675,0.5387506603896962,73.05,0.4131341837778979,45.66,1,1.0622555854831228,0.085250847735422,0.000487785700372,0.0000725610754480625,0.914188805488758,-4260.403012
53.96034533335291,0.5407773884605337,73.05,0.425651668729873,45.66,1,1.0616002547442658,0.085250847735422,0.000487785700372,0.0000725610754480625,0.914188805488758,-4271.935728
53.96034533335291,0.5407773884605337,73.05,0.42143729577215144,45.66,1,1.0616002547442658,0.085250847735422,0.000487785700372,0.0000725610754480625,0.914188805488758,-4287.456426
54.07578166035512,0.5390550360003771,73.05,0.4342072672713434,45.66,1,1.0636150165991716,0.085250847735422,0.000487785700372,0.0000725610754480625,0.914188805488758,-4276.752255
31.68280855426294,0.3306210952179895,73.05,0.12524500974067643,45.66,0.5986140607499051,0.9045797483610625,0.455640108089135,0.000380748020406,0.00010330189814,0.54387584199232,-4240.758493
53.64919193062652,0.5387474880232799,73.05,0.41726552561567687,45.66,1,1.0622459626174918,0.085250847735422,0.000487785700372,0.0000725610754480625,0.914188805488758,-4262.936963
28.701741953129805,0.3355668552221021,73.05,0.01991813542862461,45.66,0.4460765629928343,0.9346341225454562,0.09877082784859367,0.0010002542265960355,0.9002288039364318,1.139883785817008e-7,-4237.841631
37.85741456474401,0.3957330639622605,73.05,0.18506362890672481,45.66,0.6948878305894568,0.9257361793703727,0.048152927551546,0.000633520359687,0.00012598025363,0.951087571835138,-4246.460552
54.60740820375996,0.5390532244599558,73.05,0.4563562017286387,45.66,1,1.0635432668924658,0.085250847735422,0.000487785700372,0.0000725610754480625,0.914188805488758,-4301.535583
29.526819866755126,0.3063646102637225,73.05,0.07676917901236235,45.66,0.5348756357932372,0.9206145704892895,0.10928213994883608,0.0007451054996511551,0.8899540087833397,0.00001874576817298357,-4237.083299
54.18025355943803,0.5390453282673386,73.05,0.4385493399440568,45.66,1,1.0636085865811293,0.085250847735422,0.000487785700372,0.0000725610754480625,0.914188805488758,-4281.019583
60.23752919444641,0.5387495683749619,73.05,0.38152248735281286,45.66,1,1.060373784996569,0.085250847735422,0.000487785700372,0.0000725610754480625,0.914188805488758,-5210.125345
53.96034533335291,0.5388436255679526,73.05,0.4299081854171717,45.66,1,1.0647779887879176,0.085250847735422,0.000487785700372,0.0000725610754480625,0.914188805488758,-4272.647712
53.4576749795385,0.5405680517557311,73.05,0.4009839685469565,45.66,1,1.0597463099301083,0.085250847735422,0.000487785700372,0.0000725610754480625,0.914188805488758,-4277.037019
29.73382065527504,0.30956367033750803,73.05,0.08650543245381179,45.66,0.5496171512293538,0.9076719991893395,0.10928213994883608,0.0007451054996511551,0.8899540087833397,0.00001874576817298357,-4236.248969
53.457675011861426,0.5405680262114412,73.05,0.385337712226341,45.66,1,1.0597463198370694,0.085250847735422,0.000487785700372,0.0000725610754480625,0.914188805488758,-5063.418689
53.96034540433035,0.5407773156711945,73.05,0.4049929576690286,45.66,1,1.0616003002655647,0.085250847735422,0.000487785700372,0.0000725610754480625,0.914188805488758,-5872.709833
29.752401887297186,0.3098292583955644,73.05,0.08737048677834991,45.66,0.550499006836461,0.907295171601298,0.10928213994883608,0.0007451054996511551,0.8899540087833397,0.00001874576817298357,-4236.36239
53.96034533365068,0.5407773883082494,73.05,0.41726464927935786,45.66,1,1.0616002548416892,0.085250847735422,0.000487785700372,0.0000725610754480625,0.914188805488758,-4332.818063
53.45767497954621,0.5405680517517623,73.05,0.39701383024451137,45.66,1,1.0597463099325815,0.085250847735422,0.000487785700372,0.0000725610754480625,0.914188805488758,-4316.006499
