"R0","amplitude","gamma","mu","sigma","rho","psi","S_0","E_0","R_0","I_0"
0.29296875,0.37646484375,73.05,0.65478515625,45.66,0.72216796875,0.84228515625,0.082958984375,3.12E-05,0.846826171875,9.21E-05
100.29296875,0.87646484375,73.05,0.15478515625,45.66,0.22216796875,0.34228515625,0.032958984375,8.12E-05,0.396826171875,4.21E-05
150.29296875,0.12646484375,73.05,0.90478515625,45.66,0.97216796875,0.09228515625,0.057958984375,6.20E-06,0.621826171875,1.71E-05
50.29296875,0.62646484375,73.05,0.40478515625,45.66,0.47216796875,0.59228515625,0.007958984375,5.62E-05,0.171826171875,6.71E-05
75.29296875,0.00146484375,73.05,0.52978515625,45.66,0.34716796875,0.96728515625,0.045458984375,4.37E-05,0.509326171875,4.64E-06
175.29296875,0.50146484375,73.05,0.02978515625,45.66,0.84716796875,0.46728515625,0.095458984375,9.37E-05,0.059326171875,5.46E-05
125.29296875,0.25146484375,73.05,0.77978515625,45.66,0.09716796875,0.21728515625,0.020458984375,1.87E-05,0.734326171875,7.96E-05
25.29296875,0.75146484375,73.05,0.27978515625,45.66,0.59716796875,0.71728515625,0.070458984375,6.87E-05,0.284326171875,2.96E-05
37.79296875,0.18896484375,73.05,0.09228515625,45.66,0.53466796875,0.77978515625,0.014208984375,5.00E-05,0.228076171875,9.84E-05
137.79296875,0.68896484375,73.05,0.59228515625,45.66,0.03466796875,0.27978515625,0.064208984375,1.00E-04,0.678076171875,4.84E-05
187.79296875,0.43896484375,73.05,0.34228515625,45.66,0.78466796875,0.02978515625,0.039208984375,2.50E-05,0.003076171875,2.34E-05
87.79296875,0.93896484375,73.05,0.84228515625,45.66,0.28466796875,0.52978515625,0.089208984375,7.50E-05,0.453076171875,7.34E-05
62.79296875,0.31396484375,73.05,0.21728515625,45.66,0.40966796875,0.90478515625,0.051708984375,3.75E-05,0.115576171875,1.09E-05
162.79296875,0.81396484375,73.05,0.71728515625,45.66,0.90966796875,0.40478515625,0.001708984375,8.75E-05,0.565576171875,6.09E-05
112.79296875,0.06396484375,73.05,0.46728515625,45.66,0.15966796875,0.15478515625,0.076708984375,1.25E-05,0.340576171875,8.59E-05
12.79296875,0.56396484375,73.05,0.96728515625,45.66,0.65966796875,0.65478515625,0.026708984375,6.25E-05,0.790576171875,3.59E-05
19.04296875,0.09521484375,73.05,0.81103515625,45.66,0.87841796875,0.37353515625,0.004833984375,5.31E-05,0.537451171875,5.15E-05
119.04296875,0.59521484375,73.05,0.31103515625,45.66,0.37841796875,0.87353515625,0.054833984375,3.08E-06,0.087451171875,1.51E-06
169.04296875,0.34521484375,73.05,0.56103515625,45.66,0.62841796875,0.62353515625,0.029833984375,7.81E-05,0.762451171875,2.65E-05
69.04296875,0.84521484375,73.05,0.06103515625,45.66,0.12841796875,0.12353515625,0.079833984375,2.81E-05,0.312451171875,7.65E-05
94.04296875,0.47021484375,73.05,0.93603515625,45.66,0.00341796875,0.49853515625,0.067333984375,6.56E-05,0.874951171875,3.90E-05
194.04296875,0.97021484375,73.05,0.43603515625,45.66,0.50341796875,0.99853515625,0.017333984375,1.56E-05,0.424951171875,8.90E-05
144.04296875,0.22021484375,73.05,0.68603515625,45.66,0.25341796875,0.74853515625,0.092333984375,9.06E-05,0.649951171875,6.40E-05
44.04296875,0.72021484375,73.05,0.18603515625,45.66,0.75341796875,0.24853515625,0.042333984375,4.06E-05,0.199951171875,1.40E-05
31.54296875,0.28271484375,73.05,0.49853515625,45.66,0.81591796875,0.31103515625,0.098583984375,7.18E-05,0.143701171875,5.78E-05
131.54296875,0.78271484375,73.05,0.99853515625,45.66,0.31591796875,0.81103515625,0.048583984375,2.18E-05,0.593701171875,7.76E-06
181.54296875,0.03271484375,73.05,0.24853515625,45.66,0.56591796875,0.56103515625,0.073583984375,9.68E-05,0.368701171875,3.28E-05
81.54296875,0.53271484375,73.05,0.74853515625,45.66,0.06591796875,0.06103515625,0.023583984375,4.68E-05,0.818701171875,8.28E-05
56.54296875,0.15771484375,73.05,0.37353515625,45.66,0.19091796875,0.43603515625,0.036083984375,5.93E-05,0.256201171875,4.53E-05
156.54296875,0.65771484375,73.05,0.87353515625,45.66,0.69091796875,0.93603515625,0.086083984375,9.33E-06,0.706201171875,9.53E-05
106.54296875,0.40771484375,73.05,0.12353515625,45.66,0.44091796875,0.68603515625,0.011083984375,8.43E-05,0.031201171875,7.03E-05
6.54296875,0.90771484375,73.05,0.62353515625,45.66,0.94091796875,0.18603515625,0.061083984375,3.43E-05,0.481201171875,2.03E-05
9.66796875,0.14208984375,73.05,0.20166015625,45.66,0.11279296875,0.57666015625,0.047021484375,8.59E-05,0.692138671875,9.06E-05
109.66796875,0.64208984375,73.05,0.70166015625,45.66,0.61279296875,0.07666015625,0.097021484375,3.59E-05,0.242138671875,4.06E-05
159.66796875,0.39208984375,73.05,0.45166015625,45.66,0.36279296875,0.32666015625,0.022021484375,6.09E-05,0.467138671875,1.56E-05
59.66796875,0.89208984375,73.05,0.95166015625,45.66,0.86279296875,0.82666015625,0.072021484375,1.09E-05,0.017138671875,6.56E-05
84.66796875,0.26708984375,73.05,0.07666015625,45.66,0.98779296875,0.70166015625,0.084521484375,9.84E-05,0.579638671875,3.08E-06
184.66796875,0.76708984375,73.05,0.57666015625,45.66,0.48779296875,0.20166015625,0.034521484375,4.84E-05,0.129638671875,5.31E-05
134.66796875,0.01708984375,73.05,0.32666015625,45.66,0.73779296875,0.45166015625,0.059521484375,7.34E-05,0.804638671875,7.81E-05
34.66796875,0.51708984375,73.05,0.82666015625,45.66,0.23779296875,0.95166015625,0.009521484375,2.34E-05,0.354638671875,2.81E-05
47.16796875,0.45458984375,73.05,0.51416015625,45.66,0.17529296875,0.51416015625,0.053271484375,9.21E-05,0.410888671875,9.68E-05
147.16796875,0.95458984375,73.05,0.01416015625,45.66,0.67529296875,0.01416015625,0.003271484375,4.21E-05,0.860888671875,4.68E-05
197.16796875,0.20458984375,73.05,0.76416015625,45.66,0.42529296875,0.26416015625,0.078271484375,6.71E-05,0.185888671875,2.18E-05
97.16796875,0.70458984375,73.05,0.26416015625,45.66,0.92529296875,0.76416015625,0.028271484375,1.71E-05,0.635888671875,7.18E-05
72.16796875,0.07958984375,73.05,0.63916015625,45.66,0.80029296875,0.63916015625,0.015771484375,7.96E-05,0.073388671875,9.33E-06
172.16796875,0.57958984375,73.05,0.13916015625,45.66,0.30029296875,0.13916015625,0.065771484375,2.96E-05,0.523388671875,5.93E-05
122.16796875,0.32958984375,73.05,0.88916015625,45.66,0.55029296875,0.38916015625,0.040771484375,5.46E-05,0.298388671875,8.43E-05
22.16796875,0.82958984375,73.05,0.38916015625,45.66,0.05029296875,0.88916015625,0.090771484375,4.64E-06,0.748388671875,3.43E-05
15.91796875,0.36083984375,73.05,0.35791015625,45.66,0.26904296875,0.10791015625,0.062646484375,7.76E-06,0.607763671875,5.62E-05
115.91796875,0.86083984375,73.05,0.85791015625,45.66,0.76904296875,0.60791015625,0.012646484375,5.78E-05,0.157763671875,6.20E-06
165.91796875,0.11083984375,73.05,0.10791015625,45.66,0.01904296875,0.85791015625,0.087646484375,3.28E-05,0.832763671875,3.12E-05
65.91796875,0.61083984375,73.05,0.60791015625,45.66,0.51904296875,0.35791015625,0.037646484375,8.28E-05,0.382763671875,8.12E-05
90.91796875,0.23583984375,73.05,0.48291015625,45.66,0.64404296875,0.23291015625,0.000146484375,2.03E-05,0.720263671875,4.37E-05
190.91796875,0.73583984375,73.05,0.98291015625,45.66,0.14404296875,0.73291015625,0.050146484375,7.03E-05,0.270263671875,9.37E-05
140.91796875,0.48583984375,73.05,0.23291015625,45.66,0.89404296875,0.98291015625,0.025146484375,4.53E-05,0.495263671875,6.87E-05
40.91796875,0.98583984375,73.05,0.73291015625,45.66,0.39404296875,0.48291015625,0.075146484375,9.53E-05,0.045263671875,1.87E-05
28.41796875,0.04833984375,73.05,0.92041015625,45.66,0.45654296875,0.04541015625,0.031396484375,1.40E-05,0.101513671875,6.25E-05
128.41796875,0.54833984375,73.05,0.42041015625,45.66,0.95654296875,0.54541015625,0.081396484375,6.40E-05,0.551513671875,1.25E-05
178.41796875,0.29833984375,73.05,0.67041015625,45.66,0.20654296875,0.79541015625,0.006396484375,3.90E-05,0.326513671875,3.75E-05
78.41796875,0.79833984375,73.05,0.17041015625,45.66,0.70654296875,0.29541015625,0.056396484375,8.90E-05,0.776513671875,8.75E-05
53.41796875,0.42333984375,73.05,0.79541015625,45.66,0.58154296875,0.17041015625,0.093896484375,1.51E-06,0.439013671875,5.00E-05
153.41796875,0.92333984375,73.05,0.29541015625,45.66,0.08154296875,0.67041015625,0.043896484375,5.15E-05,0.889013671875,1.00E-04
103.41796875,0.17333984375,73.05,0.54541015625,45.66,0.83154296875,0.92041015625,0.068896484375,2.65E-05,0.214013671875,7.50E-05
3.41796875,0.67333984375,73.05,0.04541015625,45.66,0.33154296875,0.42041015625,0.018896484375,7.65E-05,0.664013671875,2.50E-05
4.98046875,0.02490234375,73.05,0.41259765625,45.66,0.40185546875,0.69384765625,0.039990234375,4.45E-05,0.333544921875,7.10E-05
104.98046875,0.52490234375,73.05,0.91259765625,45.66,0.90185546875,0.19384765625,0.089990234375,9.45E-05,0.783544921875,2.10E-05
154.98046875,0.27490234375,73.05,0.16259765625,45.66,0.15185546875,0.44384765625,0.014990234375,1.95E-05,0.108544921875,4.60E-05
54.98046875,0.77490234375,73.05,0.66259765625,45.66,0.65185546875,0.94384765625,0.064990234375,6.95E-05,0.558544921875,9.60E-05
79.98046875,0.39990234375,73.05,0.28759765625,45.66,0.52685546875,0.56884765625,0.077490234375,3.20E-05,0.221044921875,3.35E-05
179.98046875,0.89990234375,73.05,0.78759765625,45.66,0.02685546875,0.06884765625,0.027490234375,8.20E-05,0.671044921875,8.35E-05
129.98046875,0.14990234375,73.05,0.03759765625,45.66,0.77685546875,0.31884765625,0.052490234375,6.98E-06,0.446044921875,5.85E-05
29.98046875,0.64990234375,73.05,0.53759765625,45.66,0.27685546875,0.81884765625,0.002490234375,5.70E-05,0.896044921875,8.54E-06
42.48046875,0.33740234375,73.05,0.85009765625,45.66,0.33935546875,0.63134765625,0.058740234375,2.57E-05,0.839794921875,6.48E-05
142.48046875,0.83740234375,73.05,0.35009765625,45.66,0.83935546875,0.13134765625,0.008740234375,7.57E-05,0.389794921875,1.48E-05
192.48046875,0.08740234375,73.05,0.60009765625,45.66,0.08935546875,0.38134765625,0.083740234375,7.32E-07,0.614794921875,3.98E-05
92.48046875,0.58740234375,73.05,0.10009765625,45.66,0.58935546875,0.88134765625,0.033740234375,5.07E-05,0.164794921875,8.98E-05
67.48046875,0.21240234375,73.05,0.97509765625,45.66,0.71435546875,0.50634765625,0.021240234375,3.82E-05,0.502294921875,2.73E-05
167.48046875,0.71240234375,73.05,0.47509765625,45.66,0.21435546875,0.00634765625,0.071240234375,8.82E-05,0.052294921875,7.73E-05
117.48046875,0.46240234375,73.05,0.72509765625,45.66,0.96435546875,0.25634765625,0.046240234375,1.32E-05,0.727294921875,5.23E-05
17.48046875,0.96240234375,73.05,0.22509765625,45.66,0.46435546875,0.75634765625,0.096240234375,6.32E-05,0.277294921875,2.29E-06
23.73046875,0.49365234375,73.05,0.00634765625,45.66,0.24560546875,0.22509765625,0.074365234375,7.26E-05,0.192919921875,8.67E-05
123.73046875,0.99365234375,73.05,0.50634765625,45.66,0.74560546875,0.72509765625,0.024365234375,2.26E-05,0.642919921875,3.67E-05
173.73046875,0.24365234375,73.05,0.25634765625,45.66,0.49560546875,0.97509765625,0.099365234375,9.76E-05,0.417919921875,1.17E-05
73.73046875,0.74365234375,73.05,0.75634765625,45.66,0.99560546875,0.47509765625,0.049365234375,4.76E-05,0.867919921875,6.17E-05
98.73046875,0.11865234375,73.05,0.13134765625,45.66,0.87060546875,0.10009765625,0.011865234375,6.01E-05,0.305419921875,2.42E-05
198.73046875,0.61865234375,73.05,0.63134765625,45.66,0.37060546875,0.60009765625,0.061865234375,1.01E-05,0.755419921875,7.42E-05
148.73046875,0.36865234375,73.05,0.38134765625,45.66,0.62060546875,0.85009765625,0.036865234375,8.51E-05,0.080419921875,9.92E-05
48.73046875,0.86865234375,73.05,0.88134765625,45.66,0.12060546875,0.35009765625,0.086865234375,3.51E-05,0.530419921875,4.92E-05
36.23046875,0.18115234375,73.05,0.69384765625,45.66,0.05810546875,0.16259765625,0.030615234375,5.39E-05,0.474169921875,8.04E-05
136.23046875,0.68115234375,73.05,0.19384765625,45.66,0.55810546875,0.66259765625,0.080615234375,3.86E-06,0.024169921875,3.04E-05
186.23046875,0.43115234375,73.05,0.94384765625,45.66,0.30810546875,0.91259765625,0.005615234375,7.89E-05,0.699169921875,5.42E-06
86.23046875,0.93115234375,73.05,0.44384765625,45.66,0.80810546875,0.41259765625,0.055615234375,2.89E-05,0.249169921875,5.54E-05
61.23046875,0.30615234375,73.05,0.56884765625,45.66,0.93310546875,0.03759765625,0.093115234375,6.64E-05,0.811669921875,1.79E-05
161.23046875,0.80615234375,73.05,0.06884765625,45.66,0.43310546875,0.53759765625,0.043115234375,1.64E-05,0.361669921875,6.79E-05
111.23046875,0.05615234375,73.05,0.81884765625,45.66,0.68310546875,0.78759765625,0.068115234375,9.14E-05,0.586669921875,9.29E-05
11.23046875,0.55615234375,73.05,0.31884765625,45.66,0.18310546875,0.28759765625,0.018115234375,4.14E-05,0.136669921875,4.29E-05
8.10546875,0.25927734375,73.05,0.99072265625,45.66,0.76123046875,0.95947265625,0.079052734375,8.98E-05,0.375732421875,7.26E-05
108.10546875,0.75927734375,73.05,0.49072265625,45.66,0.26123046875,0.45947265625,0.029052734375,3.98E-05,0.825732421875,2.26E-05
158.10546875,0.00927734375,73.05,0.74072265625,45.66,0.51123046875,0.20947265625,0.054052734375,6.48E-05,0.150732421875,4.76E-05
58.10546875,0.50927734375,73.05,0.24072265625,45.66,0.01123046875,0.70947265625,0.004052734375,1.48E-05,0.600732421875,9.76E-05
83.10546875,0.13427734375,73.05,0.86572265625,45.66,0.13623046875,0.83447265625,0.041552734375,7.73E-05,0.038232421875,3.51E-05
183.10546875,0.63427734375,73.05,0.36572265625,45.66,0.63623046875,0.33447265625,0.091552734375,2.73E-05,0.488232421875,8.51E-05
133.10546875,0.38427734375,73.05,0.61572265625,45.66,0.38623046875,0.08447265625,0.016552734375,5.23E-05,0.263232421875,6.01E-05
33.10546875,0.88427734375,73.05,0.11572265625,45.66,0.88623046875,0.58447265625,0.066552734375,2.29E-06,0.713232421875,1.01E-05
45.60546875,0.07177734375,73.05,0.30322265625,45.66,0.94873046875,0.89697265625,0.022802734375,8.35E-05,0.769482421875,6.64E-05
145.60546875,0.57177734375,73.05,0.80322265625,45.66,0.44873046875,0.39697265625,0.072802734375,3.35E-05,0.319482421875,1.64E-05
195.60546875,0.32177734375,73.05,0.05322265625,45.66,0.69873046875,0.14697265625,0.047802734375,5.85E-05,0.544482421875,4.14E-05
95.60546875,0.82177734375,73.05,0.55322265625,45.66,0.19873046875,0.64697265625,0.097802734375,8.54E-06,0.094482421875,9.14E-05
70.60546875,0.44677734375,73.05,0.42822265625,45.66,0.07373046875,0.77197265625,0.060302734375,9.60E-05,0.656982421875,2.89E-05
170.60546875,0.94677734375,73.05,0.92822265625,45.66,0.57373046875,0.27197265625,0.010302734375,4.60E-05,0.206982421875,7.89E-05
120.60546875,0.19677734375,73.05,0.17822265625,45.66,0.32373046875,0.02197265625,0.085302734375,7.10E-05,0.881982421875,5.39E-05
20.60546875,0.69677734375,73.05,0.67822265625,45.66,0.82373046875,0.52197265625,0.035302734375,2.10E-05,0.431982421875,3.86E-06
14.35546875,0.22802734375,73.05,0.58447265625,45.66,0.60498046875,0.49072265625,0.007177734375,1.79E-05,0.010107421875,8.20E-05
114.35546875,0.72802734375,73.05,0.08447265625,45.66,0.10498046875,0.99072265625,0.057177734375,6.79E-05,0.460107421875,3.20E-05
164.35546875,0.47802734375,73.05,0.83447265625,45.66,0.85498046875,0.74072265625,0.032177734375,4.29E-05,0.235107421875,6.98E-06
64.35546875,0.97802734375,73.05,0.33447265625,45.66,0.35498046875,0.24072265625,0.082177734375,9.29E-05,0.685107421875,5.70E-05
89.35546875,0.35302734375,73.05,0.70947265625,45.66,0.47998046875,0.36572265625,0.069677734375,5.42E-06,0.347607421875,1.95E-05
189.35546875,0.85302734375,73.05,0.20947265625,45.66,0.97998046875,0.86572265625,0.019677734375,5.54E-05,0.797607421875,6.95E-05
139.35546875,0.10302734375,73.05,0.95947265625,45.66,0.22998046875,0.61572265625,0.094677734375,3.04E-05,0.122607421875,9.45E-05
39.35546875,0.60302734375,73.05,0.45947265625,45.66,0.72998046875,0.11572265625,0.044677734375,8.04E-05,0.572607421875,4.45E-05
26.85546875,0.41552734375,73.05,0.14697265625,45.66,0.66748046875,0.42822265625,0.088427734375,1.17E-05,0.628857421875,7.57E-05
126.85546875,0.91552734375,73.05,0.64697265625,45.66,0.16748046875,0.92822265625,0.038427734375,6.17E-05,0.178857421875,2.57E-05
176.85546875,0.16552734375,73.05,0.39697265625,45.66,0.91748046875,0.67822265625,0.063427734375,3.67E-05,0.853857421875,7.32E-07
76.85546875,0.66552734375,73.05,0.89697265625,45.66,0.41748046875,0.17822265625,0.013427734375,8.67E-05,0.403857421875,5.07E-05
51.85546875,0.04052734375,73.05,0.02197265625,45.66,0.29248046875,0.30322265625,0.025927734375,2.42E-05,0.741357421875,1.32E-05
151.85546875,0.54052734375,73.05,0.52197265625,45.66,0.79248046875,0.80322265625,0.075927734375,7.42E-05,0.291357421875,6.32E-05
101.85546875,0.29052734375,73.05,0.27197265625,45.66,0.04248046875,0.55322265625,0.000927734375,4.92E-05,0.516357421875,8.82E-05
1.85546875,0.79052734375,73.05,0.77197265625,45.66,0.54248046875,0.05322265625,0.050927734375,9.92E-05,0.066357421875,3.82E-05
2.63671875,0.20849609375,73.05,0.33837890625,45.66,0.82763671875,0.62744140625,0.066162109375,9.57E-05,0.344091796875,4.72E-05
102.63671875,0.70849609375,73.05,0.83837890625,45.66,0.32763671875,0.12744140625,0.016162109375,4.57E-05,0.794091796875,9.72E-05
152.63671875,0.45849609375,73.05,0.08837890625,45.66,0.57763671875,0.37744140625,0.091162109375,7.07E-05,0.119091796875,7.22E-05
52.63671875,0.95849609375,73.05,0.58837890625,45.66,0.07763671875,0.87744140625,0.041162109375,2.07E-05,0.569091796875,2.22E-05
77.63671875,0.33349609375,73.05,0.46337890625,45.66,0.20263671875,0.50244140625,0.003662109375,8.32E-05,0.006591796875,5.97E-05
177.63671875,0.83349609375,73.05,0.96337890625,45.66,0.70263671875,0.00244140625,0.053662109375,3.32E-05,0.456591796875,9.72E-06
127.63671875,0.08349609375,73.05,0.21337890625,45.66,0.45263671875,0.25244140625,0.028662109375,5.82E-05,0.231591796875,3.47E-05
27.63671875,0.58349609375,73.05,0.71337890625,45.66,0.95263671875,0.75244140625,0.078662109375,8.15E-06,0.681591796875,8.47E-05
40.13671875,0.39599609375,73.05,0.90087890625,45.66,0.89013671875,0.68994140625,0.034912109375,7.69E-05,0.737841796875,4.10E-05
140.13671875,0.89599609375,73.05,0.40087890625,45.66,0.39013671875,0.18994140625,0.084912109375,2.69E-05,0.287841796875,9.10E-05
190.13671875,0.14599609375,73.05,0.65087890625,45.66,0.64013671875,0.43994140625,0.009912109375,5.19E-05,0.512841796875,6.60E-05
90.13671875,0.64599609375,73.05,0.15087890625,45.66,0.14013671875,0.93994140625,0.059912109375,1.90E-06,0.062841796875,1.60E-05
65.13671875,0.02099609375,73.05,0.77587890625,45.66,0.01513671875,0.56494140625,0.097412109375,8.94E-05,0.625341796875,5.35E-05
165.13671875,0.52099609375,73.05,0.27587890625,45.66,0.51513671875,0.06494140625,0.047412109375,3.94E-05,0.175341796875,3.47E-06
115.13671875,0.27099609375,73.05,0.52587890625,45.66,0.26513671875,0.31494140625,0.072412109375,6.44E-05,0.850341796875,2.85E-05
15.13671875,0.77099609375,73.05,0.02587890625,45.66,0.76513671875,0.81494140625,0.022412109375,1.44E-05,0.400341796875,7.85E-05
21.38671875,0.30224609375,73.05,0.24462890625,45.66,0.54638671875,0.15869140625,0.044287109375,2.38E-05,0.034716796875,6.59E-06
121.38671875,0.80224609375,73.05,0.74462890625,45.66,0.04638671875,0.65869140625,0.094287109375,7.38E-05,0.484716796875,5.66E-05
171.38671875,0.05224609375,73.05,0.49462890625,45.66,0.79638671875,0.90869140625,0.019287109375,4.88E-05,0.259716796875,8.16E-05
71.38671875,0.55224609375,73.05,0.99462890625,45.66,0.29638671875,0.40869140625,0.069287109375,9.88E-05,0.709716796875,3.16E-05
96.38671875,0.17724609375,73.05,0.11962890625,45.66,0.42138671875,0.03369140625,0.081787109375,1.13E-05,0.372216796875,9.41E-05
196.38671875,0.67724609375,73.05,0.61962890625,45.66,0.92138671875,0.53369140625,0.031787109375,6.13E-05,0.822216796875,4.41E-05
146.38671875,0.42724609375,73.05,0.36962890625,45.66,0.17138671875,0.78369140625,0.056787109375,3.63E-05,0.147216796875,1.91E-05
46.38671875,0.92724609375,73.05,0.86962890625,45.66,0.67138671875,0.28369140625,0.006787109375,8.63E-05,0.597216796875,6.91E-05
33.88671875,0.11474609375,73.05,0.55712890625,45.66,0.73388671875,0.22119140625,0.050537109375,5.03E-06,0.653466796875,3.42E-07
133.88671875,0.61474609375,73.05,0.05712890625,45.66,0.23388671875,0.72119140625,0.000537109375,5.50E-05,0.203466796875,5.03E-05
183.88671875,0.36474609375,73.05,0.80712890625,45.66,0.98388671875,0.97119140625,0.075537109375,3.00E-05,0.878466796875,7.53E-05
83.88671875,0.86474609375,73.05,0.30712890625,45.66,0.48388671875,0.47119140625,0.025537109375,8.00E-05,0.428466796875,2.53E-05
58.88671875,0.48974609375,73.05,0.68212890625,45.66,0.35888671875,0.09619140625,0.013037109375,1.75E-05,0.765966796875,8.78E-05
158.88671875,0.98974609375,73.05,0.18212890625,45.66,0.85888671875,0.59619140625,0.063037109375,6.75E-05,0.315966796875,3.78E-05
108.88671875,0.23974609375,73.05,0.93212890625,45.66,0.10888671875,0.84619140625,0.038037109375,4.25E-05,0.540966796875,1.28E-05
8.88671875,0.73974609375,73.05,0.43212890625,45.66,0.60888671875,0.34619140625,0.088037109375,9.25E-05,0.090966796875,6.28E-05
12.01171875,0.44287109375,73.05,0.76025390625,45.66,0.46826171875,0.89306640625,0.002099609375,3.78E-05,0.301904296875,4.57E-05
112.01171875,0.94287109375,73.05,0.26025390625,45.66,0.96826171875,0.39306640625,0.052099609375,8.78E-05,0.751904296875,9.57E-05
162.01171875,0.19287109375,73.05,0.51025390625,45.66,0.21826171875,0.14306640625,0.027099609375,1.28E-05,0.076904296875,7.07E-05
62.01171875,0.69287109375,73.05,0.01025390625,45.66,0.71826171875,0.64306640625,0.077099609375,6.28E-05,0.526904296875,2.07E-05
87.01171875,0.06787109375,73.05,0.88525390625,45.66,0.59326171875,0.76806640625,0.064599609375,2.53E-05,0.189404296875,5.82E-05
187.01171875,0.56787109375,73.05,0.38525390625,45.66,0.09326171875,0.26806640625,0.014599609375,7.53E-05,0.639404296875,8.15E-06
137.01171875,0.31787109375,73.05,0.63525390625,45.66,0.84326171875,0.01806640625,0.089599609375,3.42E-07,0.414404296875,3.32E-05
37.01171875,0.81787109375,73.05,0.13525390625,45.66,0.34326171875,0.51806640625,0.039599609375,5.03E-05,0.864404296875,8.32E-05
49.51171875,0.13037109375,73.05,0.44775390625,45.66,0.28076171875,0.95556640625,0.095849609375,3.16E-05,0.808154296875,3.94E-05
149.51171875,0.63037109375,73.05,0.94775390625,45.66,0.78076171875,0.45556640625,0.045849609375,8.16E-05,0.358154296875,8.94E-05
199.51171875,0.38037109375,73.05,0.19775390625,45.66,0.03076171875,0.20556640625,0.070849609375,6.59E-06,0.583154296875,6.44E-05
99.51171875,0.88037109375,73.05,0.69775390625,45.66,0.53076171875,0.70556640625,0.020849609375,5.66E-05,0.133154296875,1.44E-05
74.51171875,0.25537109375,73.05,0.32275390625,45.66,0.65576171875,0.83056640625,0.033349609375,4.41E-05,0.470654296875,5.19E-05
174.51171875,0.75537109375,73.05,0.82275390625,45.66,0.15576171875,0.33056640625,0.083349609375,9.41E-05,0.020654296875,1.90E-06
124.51171875,0.00537109375,73.05,0.07275390625,45.66,0.90576171875,0.08056640625,0.008349609375,1.91E-05,0.695654296875,2.69E-05
24.51171875,0.50537109375,73.05,0.57275390625,45.66,0.40576171875,0.58056640625,0.058349609375,6.91E-05,0.245654296875,7.69E-05
18.26171875,0.03662109375,73.05,0.66650390625,45.66,0.18701171875,0.42431640625,0.086474609375,6.60E-05,0.217529296875,1.13E-05
118.26171875,0.53662109375,73.05,0.16650390625,45.66,0.68701171875,0.92431640625,0.036474609375,1.60E-05,0.667529296875,6.13E-05
168.26171875,0.28662109375,73.05,0.91650390625,45.66,0.43701171875,0.67431640625,0.061474609375,9.10E-05,0.442529296875,8.63E-05
68.26171875,0.78662109375,73.05,0.41650390625,45.66,0.93701171875,0.17431640625,0.011474609375,4.10E-05,0.892529296875,3.63E-05
93.26171875,0.41162109375,73.05,0.54150390625,45.66,0.81201171875,0.29931640625,0.048974609375,5.35E-05,0.330029296875,9.88E-05
193.26171875,0.91162109375,73.05,0.04150390625,45.66,0.31201171875,0.79931640625,0.098974609375,3.47E-06,0.780029296875,4.88E-05
143.26171875,0.16162109375,73.05,0.79150390625,45.66,0.56201171875,0.54931640625,0.023974609375,7.85E-05,0.105029296875,2.38E-05
43.26171875,0.66162109375,73.05,0.29150390625,45.66,0.06201171875,0.04931640625,0.073974609375,2.85E-05,0.555029296875,7.38E-05
30.76171875,0.34912109375,73.05,0.10400390625,45.66,0.12451171875,0.48681640625,0.017724609375,5.97E-05,0.498779296875,5.03E-06
130.76171875,0.84912109375,73.05,0.60400390625,45.66,0.62451171875,0.98681640625,0.067724609375,9.72E-06,0.048779296875,5.50E-05
180.76171875,0.09912109375,73.05,0.35400390625,45.66,0.37451171875,0.73681640625,0.042724609375,8.47E-05,0.723779296875,8.00E-05
80.76171875,0.59912109375,73.05,0.85400390625,45.66,0.87451171875,0.23681640625,0.092724609375,3.47E-05,0.273779296875,3.00E-05
55.76171875,0.22412109375,73.05,0.22900390625,45.66,0.99951171875,0.36181640625,0.055224609375,7.22E-05,0.836279296875,9.25E-05
155.76171875,0.72412109375,73.05,0.72900390625,45.66,0.49951171875,0.86181640625,0.005224609375,2.22E-05,0.386279296875,4.25E-05
105.76171875,0.47412109375,73.05,0.47900390625,45.66,0.74951171875,0.61181640625,0.080224609375,9.72E-05,0.611279296875,1.75E-05
5.76171875,0.97412109375,73.05,0.97900390625,45.66,0.24951171875,0.11181640625,0.030224609375,4.72E-05,0.161279296875,6.75E-05
4.19921875,0.32568359375,73.05,0.59619140625,45.66,0.05419921875,0.77587890625,0.010693359375,7.92E-05,0.730810546875,1.52E-05
104.19921875,0.82568359375,73.05,0.09619140625,45.66,0.55419921875,0.27587890625,0.060693359375,2.92E-05,0.280810546875,6.52E-05
154.19921875,0.07568359375,73.05,0.84619140625,45.66,0.30419921875,0.02587890625,0.035693359375,5.42E-05,0.505810546875,9.02E-05
54.19921875,0.57568359375,73.05,0.34619140625,45.66,0.80419921875,0.52587890625,0.085693359375,4.25E-06,0.055810546875,4.02E-05
79.19921875,0.20068359375,73.05,0.72119140625,45.66,0.92919921875,0.90087890625,0.073193359375,9.17E-05,0.618310546875,7.77E-05
179.19921875,0.70068359375,73.05,0.22119140625,45.66,0.42919921875,0.40087890625,0.023193359375,4.17E-05,0.168310546875,2.77E-05
129.19921875,0.45068359375,73.05,0.97119140625,45.66,0.67919921875,0.15087890625,0.098193359375,6.67E-05,0.843310546875,2.69E-06
29.19921875,0.95068359375,73.05,0.47119140625,45.66,0.17919921875,0.65087890625,0.048193359375,1.67E-05,0.393310546875,5.27E-05
41.69921875,0.01318359375,73.05,0.15869140625,45.66,0.24169921875,0.83837890625,0.091943359375,9.80E-05,0.449560546875,2.14E-05
141.69921875,0.51318359375,73.05,0.65869140625,45.66,0.74169921875,0.33837890625,0.041943359375,4.80E-05,0.899560546875,7.14E-05
191.69921875,0.26318359375,73.05,0.40869140625,45.66,0.49169921875,0.08837890625,0.066943359375,7.30E-05,0.224560546875,9.64E-05
91.69921875,0.76318359375,73.05,0.90869140625,45.66,0.99169921875,0.58837890625,0.016943359375,2.30E-05,0.674560546875,4.64E-05
66.69921875,0.38818359375,73.05,0.03369140625,45.66,0.86669921875,0.96337890625,0.029443359375,8.55E-05,0.112060546875,8.39E-05
166.69921875,0.88818359375,73.05,0.53369140625,45.66,0.36669921875,0.46337890625,0.079443359375,3.55E-05,0.562060546875,3.39E-05
116.69921875,0.13818359375,73.05,0.28369140625,45.66,0.61669921875,0.21337890625,0.004443359375,6.05E-05,0.337060546875,8.94E-06
16.69921875,0.63818359375,73.05,0.78369140625,45.66,0.11669921875,0.71337890625,0.054443359375,1.05E-05,0.787060546875,5.89E-05
22.94921875,0.16943359375,73.05,0.93994140625,45.66,0.33544921875,0.30712890625,0.076318359375,1.12E-06,0.590185546875,3.08E-05
122.94921875,0.66943359375,73.05,0.43994140625,45.66,0.83544921875,0.80712890625,0.026318359375,5.11E-05,0.140185546875,8.08E-05
172.94921875,0.41943359375,73.05,0.68994140625,45.66,0.08544921875,0.55712890625,0.051318359375,2.61E-05,0.815185546875,5.58E-05
72.94921875,0.91943359375,73.05,0.18994140625,45.66,0.58544921875,0.05712890625,0.001318359375,7.61E-05,0.365185546875,5.81E-06
97.94921875,0.29443359375,73.05,0.81494140625,45.66,0.71044921875,0.43212890625,0.038818359375,1.36E-05,0.702685546875,6.83E-05
197.94921875,0.79443359375,73.05,0.31494140625,45.66,0.21044921875,0.93212890625,0.088818359375,6.36E-05,0.252685546875,1.83E-05
147.94921875,0.04443359375,73.05,0.56494140625,45.66,0.96044921875,0.68212890625,0.013818359375,3.86E-05,0.477685546875,4.33E-05
47.94921875,0.54443359375,73.05,0.06494140625,45.66,0.46044921875,0.18212890625,0.063818359375,8.86E-05,0.027685546875,9.33E-05
35.44921875,0.48193359375,73.05,0.25244140625,45.66,0.39794921875,0.36962890625,0.020068359375,1.99E-05,0.083935546875,3.71E-05
135.44921875,0.98193359375,73.05,0.75244140625,45.66,0.89794921875,0.86962890625,0.070068359375,6.99E-05,0.533935546875,8.71E-05
185.44921875,0.23193359375,73.05,0.00244140625,45.66,0.14794921875,0.61962890625,0.045068359375,4.49E-05,0.308935546875,6.21E-05
85.44921875,0.73193359375,73.05,0.50244140625,45.66,0.64794921875,0.11962890625,0.095068359375,9.49E-05,0.758935546875,1.21E-05
60.44921875,0.10693359375,73.05,0.37744140625,45.66,0.52294921875,0.49462890625,0.057568359375,7.37E-06,0.421435546875,7.46E-05
160.44921875,0.60693359375,73.05,0.87744140625,45.66,0.02294921875,0.99462890625,0.007568359375,5.74E-05,0.871435546875,2.46E-05
110.44921875,0.35693359375,73.05,0.12744140625,45.66,0.77294921875,0.74462890625,0.082568359375,3.24E-05,0.196435546875,4.96E-05
10.44921875,0.85693359375,73.05,0.62744140625,45.66,0.27294921875,0.24462890625,0.032568359375,8.24E-05,0.646435546875,9.96E-05
7.32421875,0.09130859375,73.05,0.04931640625,45.66,0.66357421875,0.51025390625,0.071630859375,3.71E-05,0.885498046875,1.67E-05
107.32421875,0.59130859375,73.05,0.54931640625,45.66,0.16357421875,0.01025390625,0.021630859375,8.71E-05,0.435498046875,6.67E-05
157.32421875,0.34130859375,73.05,0.29931640625,45.66,0.91357421875,0.26025390625,0.096630859375,1.21E-05,0.660498046875,9.17E-05
57.32421875,0.84130859375,73.05,0.79931640625,45.66,0.41357421875,0.76025390625,0.046630859375,6.21E-05,0.210498046875,4.17E-05
82.32421875,0.46630859375,73.05,0.17431640625,45.66,0.28857421875,0.63525390625,0.009130859375,4.96E-05,0.547998046875,7.92E-05
182.32421875,0.96630859375,73.05,0.67431640625,45.66,0.78857421875,0.13525390625,0.059130859375,9.96E-05,0.097998046875,2.92E-05
132.32421875,0.21630859375,73.05,0.42431640625,45.66,0.03857421875,0.38525390625,0.034130859375,2.46E-05,0.772998046875,4.25E-06
32.32421875,0.71630859375,73.05,0.92431640625,45.66,0.53857421875,0.88525390625,0.084130859375,7.46E-05,0.322998046875,5.42E-05
44.82421875,0.27880859375,73.05,0.73681640625,45.66,0.60107421875,0.57275390625,0.027880859375,4.33E-05,0.266748046875,2.30E-05
144.82421875,0.77880859375,73.05,0.23681640625,45.66,0.10107421875,0.07275390625,0.077880859375,9.33E-05,0.716748046875,7.30E-05
194.82421875,0.02880859375,73.05,0.98681640625,45.66,0.85107421875,0.32275390625,0.002880859375,1.83E-05,0.041748046875,9.80E-05
94.82421875,0.52880859375,73.05,0.48681640625,45.66,0.35107421875,0.82275390625,0.052880859375,6.83E-05,0.491748046875,4.80E-05
69.82421875,0.15380859375,73.05,0.61181640625,45.66,0.47607421875,0.69775390625,0.090380859375,3.08E-05,0.154248046875,8.55E-05
169.82421875,0.65380859375,73.05,0.11181640625,45.66,0.97607421875,0.19775390625,0.040380859375,8.08E-05,0.604248046875,3.55E-05
119.82421875,0.40380859375,73.05,0.86181640625,45.66,0.22607421875,0.44775390625,0.065380859375,5.81E-06,0.379248046875,1.05E-05
19.82421875,0.90380859375,73.05,0.36181640625,45.66,0.72607421875,0.94775390625,0.015380859375,5.58E-05,0.829248046875,6.05E-05
13.57421875,0.43505859375,73.05,0.39306640625,45.66,0.94482421875,0.04150390625,0.043505859375,5.89E-05,0.519873046875,2.61E-05
113.57421875,0.93505859375,73.05,0.89306640625,45.66,0.44482421875,0.54150390625,0.093505859375,8.94E-06,0.069873046875,7.61E-05
163.57421875,0.18505859375,73.05,0.14306640625,45.66,0.69482421875,0.79150390625,0.018505859375,8.39E-05,0.744873046875,5.11E-05
63.57421875,0.68505859375,73.05,0.64306640625,45.66,0.19482421875,0.29150390625,0.068505859375,3.39E-05,0.294873046875,1.12E-06
88.57421875,0.06005859375,73.05,0.26806640625,45.66,0.06982421875,0.16650390625,0.081005859375,7.14E-05,0.857373046875,6.36E-05
188.57421875,0.56005859375,73.05,0.76806640625,45.66,0.56982421875,0.66650390625,0.031005859375,2.14E-05,0.407373046875,1.36E-05
138.57421875,0.31005859375,73.05,0.01806640625,45.66,0.31982421875,0.91650390625,0.056005859375,9.64E-05,0.632373046875,3.86E-05
38.57421875,0.81005859375,73.05,0.51806640625,45.66,0.81982421875,0.41650390625,0.006005859375,4.64E-05,0.182373046875,8.86E-05
26.07421875,0.24755859375,73.05,0.83056640625,45.66,0.75732421875,0.10400390625,0.062255859375,6.52E-05,0.126123046875,3.24E-05
126.07421875,0.74755859375,73.05,0.33056640625,45.66,0.25732421875,0.60400390625,0.012255859375,1.52E-05,0.576123046875,8.24E-05
176.07421875,0.49755859375,73.05,0.58056640625,45.66,0.50732421875,0.85400390625,0.087255859375,9.02E-05,0.351123046875,5.74E-05
76.07421875,0.99755859375,73.05,0.08056640625,45.66,0.00732421875,0.35400390625,0.037255859375,4.02E-05,0.801123046875,7.37E-06
51.07421875,0.37255859375,73.05,0.95556640625,45.66,0.13232421875,0.22900390625,0.024755859375,5.27E-05,0.238623046875,6.99E-05
151.07421875,0.87255859375,73.05,0.45556640625,45.66,0.63232421875,0.72900390625,0.074755859375,2.69E-06,0.688623046875,1.99E-05
101.07421875,0.12255859375,73.05,0.70556640625,45.66,0.38232421875,0.97900390625,0.049755859375,7.77E-05,0.013623046875,4.49E-05
1.07421875,0.62255859375,73.05,0.20556640625,45.66,0.88232421875,0.47900390625,0.099755859375,2.77E-05,0.463623046875,9.49E-05
1.46484375,0.12451171875,73.05,0.93408203125,45.66,0.25537109375,0.12548828125,0.056201171875,2.01E-05,0.275537109375,7.55E-05
101.46484375,0.62451171875,73.05,0.43408203125,45.66,0.75537109375,0.62548828125,0.006201171875,7.01E-05,0.725537109375,2.55E-05
151.46484375,0.37451171875,73.05,0.68408203125,45.66,0.00537109375,0.87548828125,0.081201171875,4.51E-05,0.050537109375,5.37E-07
51.46484375,0.87451171875,73.05,0.18408203125,45.66,0.50537109375,0.37548828125,0.031201171875,9.51E-05,0.500537109375,5.05E-05
76.46484375,0.49951171875,73.05,0.80908203125,45.66,0.63037109375,0.00048828125,0.018701171875,7.57E-06,0.163037109375,1.30E-05
176.46484375,0.99951171875,73.05,0.30908203125,45.66,0.13037109375,0.50048828125,0.068701171875,5.76E-05,0.613037109375,6.30E-05
126.46484375,0.24951171875,73.05,0.55908203125,45.66,0.88037109375,0.75048828125,0.043701171875,3.26E-05,0.388037109375,8.80E-05
26.46484375,0.74951171875,73.05,0.05908203125,45.66,0.38037109375,0.25048828125,0.093701171875,8.26E-05,0.838037109375,3.80E-05
38.96484375,0.31201171875,73.05,0.37158203125,45.66,0.44287109375,0.18798828125,0.049951171875,1.32E-06,0.894287109375,8.18E-05
138.96484375,0.81201171875,73.05,0.87158203125,45.66,0.94287109375,0.68798828125,0.099951171875,5.13E-05,0.444287109375,3.18E-05
188.96484375,0.06201171875,73.05,0.12158203125,45.66,0.19287109375,0.93798828125,0.024951171875,2.63E-05,0.669287109375,6.79E-06
88.96484375,0.56201171875,73.05,0.62158203125,45.66,0.69287109375,0.43798828125,0.074951171875,7.63E-05,0.219287109375,5.68E-05
63.96484375,0.18701171875,73.05,0.49658203125,45.66,0.56787109375,0.06298828125,0.087451171875,1.38E-05,0.556787109375,1.93E-05
163.96484375,0.68701171875,73.05,0.99658203125,45.66,0.06787109375,0.56298828125,0.037451171875,6.38E-05,0.106787109375,6.93E-05
113.96484375,0.43701171875,73.05,0.24658203125,45.66,0.81787109375,0.81298828125,0.062451171875,3.88E-05,0.781787109375,9.43E-05
13.96484375,0.93701171875,73.05,0.74658203125,45.66,0.31787109375,0.31298828125,0.012451171875,8.88E-05,0.331787109375,4.43E-05
20.21484375,0.40576171875,73.05,0.52783203125,45.66,0.09912109375,0.65673828125,0.034326171875,9.82E-05,0.134912109375,6.62E-05
120.21484375,0.90576171875,73.05,0.02783203125,45.66,0.59912109375,0.15673828125,0.084326171875,4.82E-05,0.584912109375,1.62E-05
170.21484375,0.15576171875,73.05,0.77783203125,45.66,0.34912109375,0.40673828125,0.009326171875,7.32E-05,0.359912109375,4.12E-05
70.21484375,0.65576171875,73.05,0.27783203125,45.66,0.84912109375,0.90673828125,0.059326171875,2.32E-05,0.809912109375,9.12E-05
95.21484375,0.03076171875,73.05,0.65283203125,45.66,0.97412109375,0.53173828125,0.096826171875,8.57E-05,0.247412109375,2.87E-05
195.21484375,0.53076171875,73.05,0.15283203125,45.66,0.47412109375,0.03173828125,0.046826171875,3.57E-05,0.697412109375,7.87E-05
145.21484375,0.28076171875,73.05,0.90283203125,45.66,0.72412109375,0.28173828125,0.071826171875,6.07E-05,0.022412109375,5.37E-05
45.21484375,0.78076171875,73.05,0.40283203125,45.66,0.22412109375,0.78173828125,0.021826171875,1.07E-05,0.472412109375,3.66E-06
32.71484375,0.21826171875,73.05,0.21533203125,45.66,0.16162109375,0.71923828125,0.065576171875,7.94E-05,0.528662109375,7.24E-05
132.71484375,0.71826171875,73.05,0.71533203125,45.66,0.66162109375,0.21923828125,0.015576171875,2.94E-05,0.078662109375,2.24E-05
182.71484375,0.46826171875,73.05,0.46533203125,45.66,0.41162109375,0.46923828125,0.090576171875,5.44E-05,0.753662109375,4.74E-05
82.71484375,0.96826171875,73.05,0.96533203125,45.66,0.91162109375,0.96923828125,0.040576171875,4.44E-06,0.303662109375,9.74E-05
57.71484375,0.34326171875,73.05,0.09033203125,45.66,0.78662109375,0.59423828125,0.003076171875,9.19E-05,0.866162109375,3.49E-05
157.71484375,0.84326171875,73.05,0.59033203125,45.66,0.28662109375,0.09423828125,0.053076171875,4.19E-05,0.416162109375,8.49E-05
107.71484375,0.09326171875,73.05,0.34033203125,45.66,0.53662109375,0.34423828125,0.028076171875,6.69E-05,0.641162109375,5.99E-05
7.71484375,0.59326171875,73.05,0.84033203125,45.66,0.03662109375,0.84423828125,0.078076171875,1.69E-05,0.191162109375,9.91E-06
10.83984375,0.35888671875,73.05,0.48095703125,45.66,0.89599609375,0.39111328125,0.014013671875,6.54E-05,0.430224609375,8.02E-05
110.83984375,0.85888671875,73.05,0.98095703125,45.66,0.39599609375,0.89111328125,0.064013671875,1.54E-05,0.880224609375,3.02E-05
160.83984375,0.10888671875,73.05,0.23095703125,45.66,0.64599609375,0.64111328125,0.039013671875,9.04E-05,0.205224609375,5.22E-06
60.83984375,0.60888671875,73.05,0.73095703125,45.66,0.14599609375,0.14111328125,0.089013671875,4.04E-05,0.655224609375,5.52E-05
85.83984375,0.23388671875,73.05,0.35595703125,45.66,0.02099609375,0.26611328125,0.051513671875,5.29E-05,0.092724609375,1.77E-05
185.83984375,0.73388671875,73.05,0.85595703125,45.66,0.52099609375,0.76611328125,0.001513671875,2.88E-06,0.542724609375,6.77E-05
135.83984375,0.48388671875,73.05,0.10595703125,45.66,0.27099609375,0.51611328125,0.076513671875,7.79E-05,0.317724609375,9.27E-05
35.83984375,0.98388671875,73.05,0.60595703125,45.66,0.77099609375,0.01611328125,0.026513671875,2.79E-05,0.767724609375,4.27E-05
48.33984375,0.04638671875,73.05,0.79345703125,45.66,0.83349609375,0.45361328125,0.082763671875,5.91E-05,0.711474609375,8.65E-05
148.33984375,0.54638671875,73.05,0.29345703125,45.66,0.33349609375,0.95361328125,0.032763671875,9.13E-06,0.261474609375,3.65E-05
198.33984375,0.29638671875,73.05,0.54345703125,45.66,0.58349609375,0.70361328125,0.057763671875,8.41E-05,0.486474609375,1.15E-05
98.33984375,0.79638671875,73.05,0.04345703125,45.66,0.08349609375,0.20361328125,0.007763671875,3.41E-05,0.036474609375,6.15E-05
73.33984375,0.42138671875,73.05,0.91845703125,45.66,0.20849609375,0.32861328125,0.045263671875,7.16E-05,0.598974609375,2.40E-05
173.33984375,0.92138671875,73.05,0.41845703125,45.66,0.70849609375,0.82861328125,0.095263671875,2.16E-05,0.148974609375,7.40E-05
123.33984375,0.17138671875,73.05,0.66845703125,45.66,0.45849609375,0.57861328125,0.020263671875,9.66E-05,0.823974609375,9.90E-05
23.33984375,0.67138671875,73.05,0.16845703125,45.66,0.95849609375,0.07861328125,0.070263671875,4.66E-05,0.373974609375,4.90E-05
17.08984375,0.14013671875,73.05,0.07470703125,45.66,0.73974609375,0.92236328125,0.098388671875,4.35E-05,0.064599609375,6.46E-05
117.08984375,0.64013671875,73.05,0.57470703125,45.66,0.23974609375,0.42236328125,0.048388671875,9.35E-05,0.514599609375,1.46E-05
167.08984375,0.39013671875,73.05,0.32470703125,45.66,0.98974609375,0.17236328125,0.073388671875,1.85E-05,0.289599609375,3.96E-05
67.08984375,0.89013671875,73.05,0.82470703125,45.66,0.48974609375,0.67236328125,0.023388671875,6.85E-05,0.739599609375,8.96E-05
92.08984375,0.26513671875,73.05,0.19970703125,45.66,0.36474609375,0.79736328125,0.035888671875,3.10E-05,0.402099609375,2.71E-05
192.08984375,0.76513671875,73.05,0.69970703125,45.66,0.86474609375,0.29736328125,0.085888671875,8.10E-05,0.852099609375,7.71E-05
142.08984375,0.01513671875,73.05,0.44970703125,45.66,0.11474609375,0.04736328125,0.010888671875,6.01E-06,0.177099609375,5.21E-05
42.08984375,0.51513671875,73.05,0.94970703125,45.66,0.61474609375,0.54736328125,0.060888671875,5.60E-05,0.627099609375,2.10E-06
29.58984375,0.45263671875,73.05,0.63720703125,45.66,0.55224609375,0.98486328125,0.004638671875,3.73E-05,0.570849609375,7.08E-05
129.58984375,0.95263671875,73.05,0.13720703125,45.66,0.05224609375,0.48486328125,0.054638671875,8.73E-05,0.120849609375,2.08E-05
179.58984375,0.20263671875,73.05,0.88720703125,45.66,0.80224609375,0.23486328125,0.029638671875,1.23E-05,0.795849609375,4.58E-05
79.58984375,0.70263671875,73.05,0.38720703125,45.66,0.30224609375,0.73486328125,0.079638671875,6.23E-05,0.345849609375,9.58E-05
54.58984375,0.07763671875,73.05,0.51220703125,45.66,0.42724609375,0.85986328125,0.067138671875,4.98E-05,0.683349609375,3.33E-05
154.58984375,0.57763671875,73.05,0.01220703125,45.66,0.92724609375,0.35986328125,0.017138671875,9.98E-05,0.233349609375,8.33E-05
104.58984375,0.32763671875,73.05,0.76220703125,45.66,0.17724609375,0.10986328125,0.092138671875,2.48E-05,0.458349609375,5.83E-05
4.58984375,0.82763671875,73.05,0.26220703125,45.66,0.67724609375,0.60986328125,0.042138671875,7.48E-05,0.008349609375,8.35E-06
6.15234375,0.47607421875,73.05,0.12939453125,45.66,0.62255859375,0.27392578125,0.024169921875,5.22E-06,0.788818359375,6.23E-05
106.15234375,0.97607421875,73.05,0.62939453125,45.66,0.12255859375,0.77392578125,0.074169921875,5.52E-05,0.338818359375,1.23E-05
156.15234375,0.22607421875,73.05,0.37939453125,45.66,0.87255859375,0.52392578125,0.049169921875,3.02E-05,0.563818359375,3.73E-05
56.15234375,0.72607421875,73.05,0.87939453125,45.66,0.37255859375,0.02392578125,0.099169921875,8.02E-05,0.113818359375,8.73E-05
81.15234375,0.10107421875,73.05,0.00439453125,45.66,0.49755859375,0.39892578125,0.061669921875,1.77E-05,0.451318359375,4.98E-05
181.15234375,0.60107421875,73.05,0.50439453125,45.66,0.99755859375,0.89892578125,0.011669921875,6.77E-05,0.001318359375,9.98E-05
131.15234375,0.35107421875,73.05,0.25439453125,45.66,0.24755859375,0.64892578125,0.086669921875,4.27E-05,0.676318359375,7.48E-05
31.15234375,0.85107421875,73.05,0.75439453125,45.66,0.74755859375,0.14892578125,0.036669921875,9.27E-05,0.226318359375,2.48E-05
43.65234375,0.16357421875,73.05,0.56689453125,45.66,0.68505859375,0.33642578125,0.080419921875,2.40E-05,0.282568359375,5.60E-05
143.65234375,0.66357421875,73.05,0.06689453125,45.66,0.18505859375,0.83642578125,0.030419921875,7.40E-05,0.732568359375,6.01E-06
193.65234375,0.41357421875,73.05,0.81689453125,45.66,0.93505859375,0.58642578125,0.055419921875,4.90E-05,0.057568359375,3.10E-05
93.65234375,0.91357421875,73.05,0.31689453125,45.66,0.43505859375,0.08642578125,0.005419921875,9.90E-05,0.507568359375,8.10E-05
68.65234375,0.28857421875,73.05,0.69189453125,45.66,0.31005859375,0.46142578125,0.042919921875,1.15E-05,0.170068359375,4.35E-05
168.65234375,0.78857421875,73.05,0.19189453125,45.66,0.81005859375,0.96142578125,0.092919921875,6.15E-05,0.620068359375,9.35E-05
118.65234375,0.03857421875,73.05,0.94189453125,45.66,0.06005859375,0.71142578125,0.017919921875,3.65E-05,0.395068359375,6.85E-05
18.65234375,0.53857421875,73.05,0.44189453125,45.66,0.56005859375,0.21142578125,0.067919921875,8.65E-05,0.845068359375,1.85E-05
24.90234375,0.00732421875,73.05,0.28564453125,45.66,0.77880859375,0.80517578125,0.089794921875,7.71E-05,0.479443359375,9.66E-05
124.90234375,0.50732421875,73.05,0.78564453125,45.66,0.27880859375,0.30517578125,0.039794921875,2.71E-05,0.029443359375,4.66E-05
174.90234375,0.25732421875,73.05,0.03564453125,45.66,0.52880859375,0.05517578125,0.064794921875,5.21E-05,0.704443359375,2.16E-05
74.90234375,0.75732421875,73.05,0.53564453125,45.66,0.02880859375,0.55517578125,0.014794921875,2.10E-06,0.254443359375,7.16E-05
99.90234375,0.38232421875,73.05,0.41064453125,45.66,0.15380859375,0.93017578125,0.027294921875,8.96E-05,0.816943359375,9.13E-06
199.90234375,0.88232421875,73.05,0.91064453125,45.66,0.65380859375,0.43017578125,0.077294921875,3.96E-05,0.366943359375,5.91E-05
149.90234375,0.13232421875,73.05,0.16064453125,45.66,0.40380859375,0.18017578125,0.002294921875,6.46E-05,0.591943359375,8.41E-05
49.90234375,0.63232421875,73.05,0.66064453125,45.66,0.90380859375,0.68017578125,0.052294921875,1.46E-05,0.141943359375,3.41E-05
37.40234375,0.31982421875,73.05,0.97314453125,45.66,0.96630859375,0.86767578125,0.008544921875,9.58E-05,0.198193359375,9.04E-05
137.40234375,0.81982421875,73.05,0.47314453125,45.66,0.46630859375,0.36767578125,0.058544921875,4.58E-05,0.648193359375,4.04E-05
187.40234375,0.06982421875,73.05,0.72314453125,45.66,0.71630859375,0.11767578125,0.033544921875,7.08E-05,0.423193359375,1.54E-05
87.40234375,0.56982421875,73.05,0.22314453125,45.66,0.21630859375,0.61767578125,0.083544921875,2.08E-05,0.873193359375,6.54E-05
62.40234375,0.19482421875,73.05,0.84814453125,45.66,0.09130859375,0.99267578125,0.071044921875,8.33E-05,0.310693359375,2.88E-06
162.40234375,0.69482421875,73.05,0.34814453125,45.66,0.59130859375,0.49267578125,0.021044921875,3.33E-05,0.760693359375,5.29E-05
112.40234375,0.44482421875,73.05,0.59814453125,45.66,0.34130859375,0.24267578125,0.096044921875,5.83E-05,0.085693359375,7.79E-05
12.40234375,0.94482421875,73.05,0.09814453125,45.66,0.84130859375,0.74267578125,0.046044921875,8.35E-06,0.535693359375,2.79E-05
9.27734375,0.24169921875,73.05,0.70751953125,45.66,0.23193359375,0.00830078125,0.056982421875,5.99E-05,0.746630859375,5.76E-05
109.27734375,0.74169921875,73.05,0.20751953125,45.66,0.73193359375,0.50830078125,0.006982421875,9.91E-06,0.296630859375,7.57E-06
159.27734375,0.49169921875,73.05,0.95751953125,45.66,0.48193359375,0.75830078125,0.081982421875,8.49E-05,0.521630859375,3.26E-05
59.27734375,0.99169921875,73.05,0.45751953125,45.66,0.98193359375,0.25830078125,0.031982421875,3.49E-05,0.071630859375,8.26E-05
84.27734375,0.36669921875,73.05,0.58251953125,45.66,0.85693359375,0.13330078125,0.019482421875,7.24E-05,0.634130859375,4.51E-05
184.27734375,0.86669921875,73.05,0.08251953125,45.66,0.35693359375,0.63330078125,0.069482421875,2.24E-05,0.184130859375,9.51E-05
134.27734375,0.11669921875,73.05,0.83251953125,45.66,0.60693359375,0.88330078125,0.044482421875,9.74E-05,0.859130859375,7.01E-05
34.27734375,0.61669921875,73.05,0.33251953125,45.66,0.10693359375,0.38330078125,0.094482421875,4.74E-05,0.409130859375,2.01E-05
46.77734375,0.42919921875,73.05,0.02001953125,45.66,0.04443359375,0.07080078125,0.038232421875,6.62E-05,0.352880859375,5.13E-05
146.77734375,0.92919921875,73.05,0.52001953125,45.66,0.54443359375,0.57080078125,0.088232421875,1.62E-05,0.802880859375,1.32E-06
196.77734375,0.17919921875,73.05,0.27001953125,45.66,0.29443359375,0.82080078125,0.013232421875,9.12E-05,0.127880859375,2.63E-05
96.77734375,0.67919921875,73.05,0.77001953125,45.66,0.79443359375,0.32080078125,0.063232421875,4.12E-05,0.577880859375,7.63E-05
71.77734375,0.05419921875,73.05,0.14501953125,45.66,0.91943359375,0.19580078125,0.075732421875,5.37E-05,0.015380859375,3.88E-05
171.77734375,0.55419921875,73.05,0.64501953125,45.66,0.41943359375,0.69580078125,0.025732421875,3.66E-06,0.465380859375,8.88E-05
121.77734375,0.30419921875,73.05,0.39501953125,45.66,0.66943359375,0.94580078125,0.050732421875,7.87E-05,0.240380859375,6.38E-05
21.77734375,0.80419921875,73.05,0.89501953125,45.66,0.16943359375,0.44580078125,0.000732421875,2.87E-05,0.690380859375,1.38E-05
15.52734375,0.27294921875,73.05,0.86376953125,45.66,0.38818359375,0.53955078125,0.028857421875,3.18E-05,0.662255859375,9.82E-05
115.52734375,0.77294921875,73.05,0.36376953125,45.66,0.88818359375,0.03955078125,0.078857421875,8.18E-05,0.212255859375,4.82E-05
165.52734375,0.02294921875,73.05,0.61376953125,45.66,0.13818359375,0.28955078125,0.003857421875,6.79E-06,0.887255859375,2.32E-05
65.52734375,0.52294921875,73.05,0.11376953125,45.66,0.63818359375,0.78955078125,0.053857421875,5.68E-05,0.437255859375,7.32E-05
90.52734375,0.14794921875,73.05,0.98876953125,45.66,0.51318359375,0.66455078125,0.091357421875,4.43E-05,0.774755859375,1.07E-05
190.52734375,0.64794921875,73.05,0.48876953125,45.66,0.01318359375,0.16455078125,0.041357421875,9.43E-05,0.324755859375,6.07E-05
140.52734375,0.39794921875,73.05,0.73876953125,45.66,0.76318359375,0.41455078125,0.066357421875,1.93E-05,0.549755859375,8.57E-05
40.52734375,0.89794921875,73.05,0.23876953125,45.66,0.26318359375,0.91455078125,0.016357421875,6.93E-05,0.099755859375,3.57E-05
28.02734375,0.08544921875,73.05,0.42626953125,45.66,0.32568359375,0.60205078125,0.072607421875,3.80E-05,0.043505859375,9.19E-05
128.02734375,0.58544921875,73.05,0.92626953125,45.66,0.82568359375,0.10205078125,0.022607421875,8.80E-05,0.493505859375,4.19E-05
178.02734375,0.33544921875,73.05,0.17626953125,45.66,0.07568359375,0.35205078125,0.097607421875,1.30E-05,0.268505859375,1.69E-05
78.02734375,0.83544921875,73.05,0.67626953125,45.66,0.57568359375,0.85205078125,0.047607421875,6.30E-05,0.718505859375,6.69E-05
53.02734375,0.46044921875,73.05,0.30126953125,45.66,0.70068359375,0.72705078125,0.010107421875,2.55E-05,0.381005859375,4.44E-06
153.02734375,0.96044921875,73.05,0.80126953125,45.66,0.20068359375,0.22705078125,0.060107421875,7.55E-05,0.831005859375,5.44E-05
103.02734375,0.21044921875,73.05,0.05126953125,45.66,0.95068359375,0.47705078125,0.035107421875,5.37E-07,0.156005859375,7.94E-05
3.02734375,0.71044921875,73.05,0.55126953125,45.66,0.45068359375,0.97705078125,0.085107421875,5.05E-05,0.606005859375,2.94E-05
2.24609375,0.29248046875,73.05,0.11767578125,45.66,0.16552734375,0.34033203125,0.094873046875,5.33E-05,0.785302734375,3.22E-05
102.24609375,0.79248046875,73.05,0.61767578125,45.66,0.66552734375,0.84033203125,0.044873046875,3.27E-06,0.335302734375,8.22E-05
152.24609375,0.04248046875,73.05,0.36767578125,45.66,0.41552734375,0.59033203125,0.069873046875,7.83E-05,0.560302734375,5.72E-05
52.24609375,0.54248046875,73.05,0.86767578125,45.66,0.91552734375,0.09033203125,0.019873046875,2.83E-05,0.110302734375,7.18E-06
77.24609375,0.16748046875,73.05,0.24267578125,45.66,0.79052734375,0.46533203125,0.032373046875,6.58E-05,0.672802734375,6.97E-05
177.24609375,0.66748046875,73.05,0.74267578125,45.66,0.29052734375,0.96533203125,0.082373046875,1.58E-05,0.222802734375,1.97E-05
127.24609375,0.41748046875,73.05,0.49267578125,45.66,0.54052734375,0.71533203125,0.007373046875,9.08E-05,0.897802734375,4.47E-05
27.24609375,0.91748046875,73.05,0.99267578125,45.66,0.04052734375,0.21533203125,0.057373046875,4.08E-05,0.447802734375,9.47E-05
39.74609375,0.10498046875,73.05,0.68017578125,45.66,0.10302734375,0.27783203125,0.001123046875,7.20E-05,0.391552734375,2.59E-05
139.74609375,0.60498046875,73.05,0.18017578125,45.66,0.60302734375,0.77783203125,0.051123046875,2.20E-05,0.841552734375,7.59E-05
189.74609375,0.35498046875,73.05,0.93017578125,45.66,0.35302734375,0.52783203125,0.026123046875,9.70E-05,0.166552734375,5.09E-05
89.74609375,0.85498046875,73.05,0.43017578125,45.66,0.85302734375,0.02783203125,0.076123046875,4.70E-05,0.616552734375,9.28E-07
64.74609375,0.47998046875,73.05,0.55517578125,45.66,0.97802734375,0.40283203125,0.063623046875,5.95E-05,0.054052734375,6.34E-05
164.74609375,0.97998046875,73.05,0.05517578125,45.66,0.47802734375,0.90283203125,0.013623046875,9.52E-06,0.504052734375,1.34E-05
114.74609375,0.22998046875,73.05,0.80517578125,45.66,0.72802734375,0.65283203125,0.088623046875,8.45E-05,0.279052734375,3.84E-05
14.74609375,0.72998046875,73.05,0.30517578125,45.66,0.22802734375,0.15283203125,0.038623046875,3.45E-05,0.729052734375,8.84E-05
