"R0","amplitude","gamma","mu","sigma","rho","psi","S_0","E_0","R_0","I_0","LogLik"
146.94800866378,0.420824777184865,73.05,0.771296778783781,45.66,0.999431605432071,0.712585799057596,0.034033203125,1.98E-05,0.199072265625,3.09E-05,-4318.51939
19.6988357050156,2.69E-08,73.05,0.013645012312085,45.66,0.471213569064814,1.26709444372362,0.021533203125,8.23E-05,0.536572265625,9.34E-05,-4620.535176
141.898545345155,0.360208358723817,73.05,0.744690297813933,45.66,0.708498357715993,0.897106933198513,0.071533203125,3.23E-05,0.086572265625,4.34E-05,-4292.456236
144.625185748535,0.369078557813968,73.05,0.780108121381711,45.66,0.759493794062049,0.828915264124691,0.046533203125,5.73E-05,0.761572265625,1.84E-05,-4291.025474
54.4139898839281,0.967012403554698,73.05,0.795155238891629,45.66,0.998510407661878,2544.37609423713,0.096533203125,7.28E-06,0.311572265625,6.84E-05,-9999.953116
42.3112251034424,0.203621111153936,73.05,0.524879505460873,45.66,0.988053227151151,0.301769619331187,0.040283203125,7.6E-05,0.255322265625,1.22E-05,-9999.391398
93.094420186369,0.239963639092486,73.05,0.001143017440979,45.66,0.494775598844317,0.871387121718839,0.090283203125,2.6E-05,0.705322265625,6.22E-05,-4323.320258
144.621676358395,0.369061616752374,73.05,0.78006804726408,45.66,0.759470004179044,0.82892134308946,0.015283203125,5.1E-05,0.030322265625,8.72E-05,-4291.024706
98.7011784645191,0.951925533990265,73.05,0.270622451285554,45.66,0.238788879662274,0.048336329101243,0.065283203125,1.03E-06,0.480322265625,3.72E-05,-19701.630249
93.5250082347417,0.309069169712254,73.05,0.617070278221594,45.66,0.224672410182013,0.404048771810193,0.077783203125,8.85E-05,0.142822265625,9.97E-05,-9988.114734
144.635547428814,0.369098452423655,73.05,0.78025784787369,45.66,0.759554410151059,0.828885316364347,0.027783203125,3.85E-05,0.592822265625,4.97E-05,-4291.025334
630.676087593255,0.469649629258934,73.05,0.708914859283214,45.66,0.563545694871294,1.2233003852035,0.052783203125,6.35E-05,0.367822265625,2.47E-05,-4638.329254
4.00390625,0.57666015625,73.05,0.39794921875,45.66,0.86376953125,0.17138671875,0.002783203125,1.35E-05,0.817822265625,7.47E-05,-22671.252826
13.9169455305355,0.047769978702835,73.05,0.217172188354514,45.66,0.999948241255399,1.12914514185828,0.031689453125,5.65E-05,0.037353515625,2.08E-05,-18388.958451
105.56640625,0.72509765625,73.05,0.514214798971358,45.66,0.43408203125,0.44482421875,0.081689453125,6.49E-06,0.487353515625,7.08E-05,-9756.908144
172.666345149033,0.432472963368322,73.05,1.17256000112667,45.66,0.999997361580408,0.763708562252853,0.006689453125,8.15E-05,0.262353515625,9.58E-05,-4302.72969
79.0855414271476,0.97379140081169,73.05,0.784427187121216,45.66,0.184902816362144,0.697353285920934,0.056689453125,3.15E-05,0.712353515625,4.58E-05,-16808.839054
49.5507631207245,0.334613813795373,73.05,0.138823201003947,45.66,0.090126503810444,0.81186250900592,0.094189453125,6.9E-05,0.374853515625,8.33E-05,-9997.958113
9095.53601856148,0.940054509945078,73.05,0.895431949150178,45.66,0.55691277973454,1.23299114286932,0.044189453125,1.9E-05,0.824853515625,3.33E-05,-4656.85437
176.759739235468,0.079384324647683,73.05,0.377175200520971,45.66,0.28443824941741,0.215304072742464,0.069189453125,9.4E-05,0.149853515625,8.25E-06,-9993.511859
73.2033522695077,0.600022749890398,73.05,0.901538094028253,45.66,0.78604311184862,0.58726020960553,0.019189453125,4.4E-05,0.599853515625,5.83E-05,-10002.305469
52.0705960469258,0.412332325668528,73.05,0.713889916355913,45.66,0.872263134537298,0.883448979299892,0.062939453125,6.27E-05,0.656103515625,1.45E-05,-9992.563321
223.107088363008,0.908622089188827,73.05,0.216050388265845,45.66,0.372995487972164,0.387972624163493,0.012939453125,1.27E-05,0.206103515625,6.45E-05,-9969.532899
250.362936375354,0.160568921809596,73.05,0.967506626218472,45.66,0.627601605670822,0.17042034539067,0.087939453125,8.77E-05,0.881103515625,8.95E-05,-9999.945806
36.5419947517439,0.159305834981909,73.05,9.98284336980842E-06,45.66,5.86180958575775E-06,125574.393146124,0.037939453125,3.77E-05,0.431103515625,3.95E-05,-4760.876372
290154.272146367,0.66265870542097,73.05,0.372120465789401,45.66,0.457741068851456,1.30995892306161,0.000439453125,5.02E-05,0.768603515625,7.7E-05,-4673.633164
172.66406646075,0.432510006243592,73.05,1.17247443538743,45.66,0.999900031904818,0.76377476250473,0.050439453125,2.44E-07,0.318603515625,2.7E-05,-4302.721164
161.306217176627,0.272030689985048,73.05,0.81756835966037,45.66,0.495377249325509,0.181520161932282,0.025439453125,7.52E-05,0.543603515625,2E-06,-9997.432987
17.7508277779566,0.630726109806018,73.05,0.230444577812928,45.66,0.99966299721475,0.806796259622287,0.075439453125,2.52E-05,0.093603515625,5.2E-05,-15659.284893
34.1580940363343,0.257691009356134,73.05,0.425326769692681,45.66,0.701409922409971,0.476055870999155,0.053564453125,3.46E-05,0.346728515625,3.64E-05,-10000.42406
148.009785451666,0.37454111057439,73.05,0.831669733980575,45.66,0.712237487095797,0.955803544967931,0.003564453125,8.46E-05,0.796728515625,8.64E-05,-4295.227666
36.0273961437552,7.46E-07,73.05,0.302821123151901,45.66,0.998732467124301,1.23288576754557,0.078564453125,9.62E-06,0.121728515625,6.14E-05,-4657.065502
98.9708995613899,0.506410698142595,73.05,0.67501008425001,45.66,0.466348145122897,0.242553128388621,0.028564453125,5.96E-05,0.571728515625,1.14E-05,-9838.562806
144.624798364495,0.369078405305021,73.05,0.780099269228785,45.66,0.759499135574142,0.828875385078639,0.016064453125,4.71E-05,0.009228515625,7.39E-05,-4291.025489
144.626513350228,0.36908282365612,73.05,0.780122804486618,45.66,0.759509106805296,0.82889449519228,0.066064453125,9.71E-05,0.459228515625,2.39E-05,-4291.024792
180.575078853752,0.377232201424899,73.05,0.05622943648954,45.66,0.096311831229563,0.604695143922469,0.041064453125,2.21E-05,0.234228515625,4.89E-05,-9982.216559
56.5388036379201,0.883490123563942,73.05,0.569600630861742,45.66,0.591139155203789,0.09873740043932,0.091064453125,7.21E-05,0.684228515625,9.89E-05,-16007.612025
70.269874260372,0.081766768990126,73.05,0.86915081514661,45.66,0.527703828799939,0.439105102274261,0.047314453125,4.09E-05,0.740478515625,3.01E-05,-9982.083556
800.198228232921,0.561809821978035,73.05,0.307897009554808,45.66,0.084713857334291,0.92742842848802,0.097314453125,9.09E-05,0.290478515625,8.01E-05,-9998.737447
144.625309913945,0.369077537261233,73.05,0.780115984141617,45.66,0.759486680398821,0.828921085584928,0.022314453125,1.59E-05,0.515478515625,5.51E-05,-4291.025425
115.473543540443,0.871429902486184,73.05,0.005189336769632,45.66,0.059309887849649,230.00055607264,0.072314453125,6.59E-05,0.065478515625,5.13E-06,-5669.77489
159.422508002959,0.396123860669806,73.05,0.993490514015674,45.66,0.828435096887468,0.830767650440004,0.084814453125,2.84E-05,0.627978515625,6.76E-05,-4293.048486
252.211080579231,0.575123728798819,73.05,2.19641679615752,45.66,0.999999987282526,1.56925227869408,0.034814453125,7.84E-05,0.177978515625,1.76E-05,-4412.410458
142.246315806703,0.181673901498923,73.05,0.73951704855,45.66,0.176501711078519,0.536656516114728,0.059814453125,3.37E-06,0.852978515625,4.26E-05,-9966.951182
11.81640625,0.69384765625,73.05,0.24951171875,45.66,0.65283203125,0.03857421875,0.009814453125,5.34E-05,0.402978515625,9.26E-05,-22671.252826
8.69140625,0.49072265625,73.05,0.57763671875,45.66,0.29345703125,0.71044921875,0.098876953125,1.81E-06,0.220166015625,2.23E-05,-22671.252826
119.564661760637,0.746606891898161,73.05,0.083517001040092,45.66,0.938407974926109,0.36288613226604,0.048876953125,5.18E-05,0.670166015625,7.23E-05,-9999.999145
595.431242875734,0.214573023298307,73.05,0.831654119380017,45.66,0.131265258787688,0.452943587208027,0.073876953125,2.68E-05,0.445166015625,9.73E-05,-9993.328851
79.3948479074332,0.735486084036505,73.05,0.304735051119299,45.66,0.542600301198049,0.961354723920188,0.023876953125,7.68E-05,0.895166015625,4.73E-05,-7565.556624
144.625577732539,0.369081920772918,73.05,0.780119845265076,45.66,0.759503725642948,0.828898219700734,0.036376953125,1.43E-05,0.332666015625,8.48E-05,-4291.024338
180.162923729826,0.647328147927165,73.05,0.01760728638517,45.66,0.150306077702054,0.803489173492159,0.086376953125,6.43E-05,0.782666015625,3.48E-05,-8499.360379
144.626251374676,0.36908396186384,73.05,0.780134936608933,45.66,0.759499387982505,0.828919526102647,0.011376953125,3.93E-05,0.107666015625,9.81E-06,-4291.024466
44.6865163418777,0.855697582968148,73.05,0.425751517293774,45.66,0.422873515146287,0.838072635055733,0.061376953125,8.93E-05,0.557666015625,5.98E-05,-12176.477172
144.623251169722,0.369077974693036,73.05,0.780078505219583,45.66,0.759496822013145,0.828914715291793,0.005126953125,2.06E-05,0.501416015625,1.61E-05,-4291.030517
200.257735232007,0.673330343754763,73.05,0.636429005191427,45.66,0.984107117162442,0.163008523093557,0.055126953125,7.06E-05,0.051416015625,6.61E-05,-9999.961443
24724.3940121626,0.256289703893743,73.05,0.417684940764144,45.66,0.462134505945455,1.30551429880405,0.030126953125,4.56E-05,0.726416015625,9.11E-05,-4674.007372
126.135088156391,0.919506401009056,73.05,0.887276139848438,45.66,0.732439798176418,0.899240114028248,0.080126953125,9.56E-05,0.276416015625,4.11E-05,-9999.410154
144.621687486251,0.369067969772694,73.05,0.780073997645049,45.66,0.759487745866416,0.828927163065732,0.067626953125,8.06E-06,0.838916015625,7.86E-05,-4291.024841
1741.1914017423,0.745349347845251,73.05,0.481147404834328,45.66,0.086342899865074,0.930353322807175,0.017626953125,5.81E-05,0.388916015625,2.86E-05,-9972.487879
144.627301935046,0.369082150898665,73.05,0.780138756854688,45.66,0.759524659876739,0.828882874086423,0.092626953125,3.31E-05,0.613916015625,3.56E-06,-4291.025473
21.19140625,0.55322265625,73.05,0.76513671875,45.66,0.35595703125,0.77294921875,0.042626953125,8.31E-05,0.163916015625,5.36E-05,-22671.252826
14.94140625,0.02197265625,73.05,0.98388671875,45.66,0.07470703125,0.24169921875,0.014501953125,7.99E-05,0.304541015625,3.17E-05,-22671.252826
11568.0827700599,0.516249094845201,73.05,0.166725216812678,45.66,0.479207741993417,1.28277353975495,0.064501953125,2.99E-05,0.754541015625,8.17E-05,-4678.003331
146.4211882115,0.371245171991237,73.05,0.809116345884091,45.66,0.695616439872016,0.976836369644121,0.039501953125,5.49E-05,0.079541015625,5.67E-05,-4296.380021
64.94140625,0.77197265625,73.05,0.23388671875,45.66,0.835620667724419,0.49169921875,0.089501953125,4.93E-06,0.529541015625,6.69E-06,-6698.512531
76.555034936666,0.611089492736914,73.05,0.381628227326451,45.66,0.799246262654618,0.621536634071292,0.052001953125,9.24E-05,0.192041015625,6.92E-05,-6622.122201
220.277196498642,0.736227884783103,73.05,0.003774656343194,45.66,0.674899557703064,1.26140342311945,0.002001953125,4.24E-05,0.642041015625,1.92E-05,-4655.956221
144.888106515169,0.369921836594299,73.05,0.783651821806118,45.66,0.764272949359163,0.824346276152014,0.077001953125,6.74E-05,0.417041015625,4.42E-05,-4291.033806
76.7379481300619,0.633029728264912,73.05,0.069357798724673,45.66,0.283832231500915,0.420651298950406,0.027001953125,1.74E-05,0.867041015625,9.42E-05,-9990.53859
102.747194496777,0.26768817941954,73.05,0.152891412177415,45.66,0.546772289842956,0.854598992017178,0.083251953125,9.87E-05,0.810791015625,2.54E-05,-4311.755901
127.44140625,0.83447265625,73.05,0.79638671875,45.66,0.643692129196192,0.67919921875,0.033251953125,4.87E-05,0.360791015625,7.54E-05,-9459.568403
127.336592297001,0.325137094160755,73.05,0.530099258573862,45.66,0.714580435814572,0.707253562270951,0.058251953125,7.37E-05,0.585791015625,5.04E-05,-4302.358281
80.4498488669593,0.585141691464377,73.05,0.531844081350067,45.66,0.89065076172404,0.44663567038375,0.008251953125,2.37E-05,0.135791015625,4.39E-07,-7077.623621
50.7205932473693,0.175815670494063,73.05,0.394795915286781,45.66,0.781936015925907,0.179885753755059,0.045751953125,8.62E-05,0.473291015625,6.29E-05,-9958.478792
215.803646133517,0.710169285995971,73.05,0.919351023684237,45.66,0.264641854014845,0.561376712952598,0.095751953125,3.62E-05,0.023291015625,1.29E-05,-9994.710158
134.779317902646,0.342390489415556,73.05,0.642799115746204,45.66,0.699987709119238,0.834544382475482,0.020751953125,6.12E-05,0.698291015625,3.79E-05,-4292.222898
2.44140625,0.95947265625,73.05,0.67138671875,45.66,0.01220703125,0.30419921875,0.070751953125,1.12E-05,0.248291015625,8.79E-05,-22671.252826
1.66015625,0.04150390625,73.05,0.22216796875,45.66,0.35205078125,0.87841796875,0.061767578125,8.45E-06,0.188525390625,9.69E-05,-22671.252826
103.050784668505,0.542881119953888,73.05,0.673971663103152,45.66,0.898703838256632,0.382358987605849,0.011767578125,5.84E-05,0.638525390625,4.69E-05,-7544.095751
5855.74742292518,0.151423860536733,73.05,1.83554476019026,45.66,0.000570179206352,1432.01166614483,0.086767578125,3.34E-05,0.413525390625,2.19E-05,-4799.288139
124.57507851979,0.806654753664472,73.05,0.977656212816027,45.66,0.608325533183769,0.656007970672671,0.036767578125,8.34E-05,0.863525390625,7.19E-05,-9472.739147
144.627794156847,0.369084666429798,73.05,0.7801504603023,45.66,0.759510860507879,0.828912782091156,0.024267578125,2.09E-05,0.301025390625,9.42E-06,-4291.025171
1362.37342012199,0.928021057536372,73.05,0.573804753962305,45.66,0.251361669617906,0.375053027692258,0.074267578125,7.09E-05,0.751025390625,5.94E-05,-9991.238956
90.2978675013005,0.109128449997717,73.05,0.175621020370275,45.66,0.993118079706512,0.148044734261204,0.049267578125,4.59E-05,0.076025390625,8.44E-05,-9999.98713
10.3319682045105,0.002232224246009,73.05,0.131281304107685,45.66,0.522743803641745,6.55889400969645,0.099267578125,9.59E-05,0.526025390625,3.44E-05,-9991.132116
53.2199506072086,0.355815050497338,73.05,0.539016668429203,45.66,0.413245900619825,0.941500185208958,0.043017578125,1.47E-05,0.469775390625,9.07E-05,-6586.496346
235.289904929337,0.849691907204722,73.05,0.037046678856137,45.66,0.909982921801498,0.430905060360818,0.093017578125,6.47E-05,0.019775390625,4.07E-05,-5633.055545
537.958312218027,0.081053181117904,73.05,0.757273156578916,45.66,0.164997518934977,0.338383231467247,0.018017578125,3.97E-05,0.694775390625,1.57E-05,-9989.924648
159.538433546459,0.406634028237474,73.05,0.985763448571026,45.66,0.882735305015082,0.787416881739767,0.068017578125,8.97E-05,0.244775390625,6.57E-05,-4294.474924
144.630406857242,0.369092405759998,73.05,0.780176797974556,45.66,0.759532726994755,0.828889506765638,0.080517578125,2.2E-06,0.807275390625,3.17E-06,-4291.026349
1376.9278848069,0.736294079306924,73.05,0.128442087539421,45.66,0.211948387320993,0.303534440377212,0.030517578125,5.22E-05,0.357275390625,5.32E-05,-9992.809255
258.666874040959,0.477370676693649,73.05,0.905469515147265,45.66,0.788655524298897,0.161477714589611,0.055517578125,2.72E-05,0.582275390625,7.82E-05,-9997.847624
14.16015625,0.97900390625,73.05,0.40966796875,45.66,0.28955078125,0.56591796875,0.005517578125,7.72E-05,0.132275390625,2.82E-05,-22671.252826
23.6816985237647,0.442103587434668,73.05,0.336200650541991,45.66,0.728672261657031,0.158693638510226,0.027392578125,8.66E-05,0.329150390625,5.63E-05,-17508.807452
137.981472270362,0.863735275426996,73.05,0.791164972485191,45.66,0.509399777573037,0.911151557095065,0.077392578125,3.66E-05,0.779150390625,6.3E-06,-9877.218917
44642.3451981267,0.017464832802327,73.05,0.869643858970826,45.66,0.466300317788447,1.31614910436771,0.002392578125,6.16E-05,0.104150390625,3.13E-05,-4673.377194
106.769508601484,0.749594053939294,73.05,0.577466288413603,45.66,0.804428971416558,0.270059616852229,0.052392578125,1.16E-05,0.554150390625,8.13E-05,-9998.669696
144.628073448622,0.36909302539449,73.05,0.780135125149888,45.66,0.759502072965294,0.828935554776994,0.089892578125,9.91E-05,0.216650390625,4.38E-05,-4291.025167
16884.3553990199,0.342522326508014,73.05,0.904066039408941,45.66,0.461995886539748,1.34004140691057,0.039892578125,4.91E-05,0.666650390625,9.38E-05,-4674.768871
145.502804291549,0.371226556536173,73.05,0.792614284656461,45.66,0.768322886282301,0.823919097285958,0.064892578125,7.41E-05,0.441650390625,6.88E-05,-4291.044966
97.8143074197724,0.909535925591248,73.05,0.570915267607086,45.66,0.282172603966373,3.38074790256356,0.014892578125,2.41E-05,0.891650390625,1.88E-05,-9999.889027
101.512060563596,0.121246924217937,73.05,0.880974063516156,45.66,0.214567079502618,0.527744199860898,0.071142578125,9.28E-05,0.835400390625,5E-05,-9990.805801
144.630080886762,0.369091719638519,73.05,0.780174663581855,45.66,0.759513606286076,0.828916595938326,0.021142578125,4.28E-05,0.385400390625,4.88E-08,-4291.025778
144.630772272114,0.369082249672637,73.05,0.780182424935956,45.66,0.759434863775768,0.829104918498918,0.096142578125,6.78E-05,0.610400390625,2.5E-05,-4291.024999
81.9321914857021,0.893152331851739,73.05,0.12460602102969,45.66,0.946367462900549,0.229281557894582,0.046142578125,1.78E-05,0.160400390625,7.5E-05,-11669.74697
144.627453674011,0.369084657958042,73.05,0.780138673380638,45.66,0.759498386826578,0.828910616084418,0.008642578125,8.03E-05,0.497900390625,3.75E-05,-4291.027897
144.628424010556,0.369080501910367,73.05,0.780162232559876,45.66,0.759499758345105,0.828916496744421,0.058642578125,3.03E-05,0.047900390625,8.75E-05,-4291.025577
76.5254311396167,3.49E-22,73.05,7.74E-08,45.66,0.454984654217337,1.30632101584236,0.033642578125,5.53E-05,0.722900390625,6.25E-05,-4669.178423
8.24464712034529,0.510458805484154,73.05,0.003051704168477,45.66,0.079744891419927,0.092731479356805,0.083642578125,5.32E-06,0.272900390625,1.25E-05,-18211.849194
11.03515625,0.30712890625,73.05,0.67529296875,45.66,0.99267578125,0.64404296875,0.019580078125,5.06E-05,0.005712890625,9.54E-05,-22671.252826
84.0882881240266,0.818145212184454,73.05,0.163058591870863,45.66,0.491511086933712,0.803517518388613,0.069580078125,6.35E-07,0.455712890625,4.54E-05,-9994.429601
151.737512787229,0.382086503570934,73.05,0.883525715526022,45.66,0.788774487382515,0.833794886906484,0.044580078125,7.56E-05,0.230712890625,2.04E-05,-4291.524799
43.3944163705872,0.433465008218119,73.05,0.268968651948493,45.66,0.686805646207579,1.01577696335174,0.094580078125,2.56E-05,0.680712890625,7.04E-05,-4251.735308
111.773014908537,0.169523399033808,73.05,0.509629647704846,45.66,0.170060146954267,0.526170415723183,0.057080078125,6.31E-05,0.343212890625,7.86E-06,-9995.030853
257.753747780795,0.700336083621369,73.05,0.029146069868614,45.66,0.621978504982927,0.167068394772578,0.007080078125,1.31E-05,0.793212890625,5.79E-05,-9981.72162
595.759156052637,0.386861622957174,73.05,0.282905618704942,45.66,0.497924239419177,1.27034183856811,0.082080078125,8.81E-05,0.118212890625,8.29E-05,-4641.29218
38.7215796184068,0.925116941315805,73.05,0.299672758698379,45.66,0.874024196036711,0.764730799009165,0.032080078125,3.81E-05,0.568212890625,3.29E-05,-9996.001483
144.623235101702,0.369070192588162,73.05,0.780080590312292,45.66,0.759490351552376,0.82889808821919,0.075830078125,6.94E-05,0.624462890625,8.91E-05,-4291.024545
287.154322807914,0.620153065677386,73.05,0.598620705764309,45.66,0.306843176588431,0.228162038038777,0.025830078125,1.94E-05,0.174462890625,3.91E-05,-9957.077141
35.0027140918187,3.53E-11,73.05,7.96E-29,45.66,0.452804500495973,1.30687470167542,0.050830078125,9.44E-05,0.849462890625,1.41E-05,-4658.633756
139.369148115261,0.974256028620148,73.05,0.902598628001628,45.66,0.94563204497424,0.968676640330333,0.000830078125,4.44E-05,0.399462890625,6.41E-05,-9636.334798
36.5683215636988,0.490184349935993,73.05,0.046779394070597,45.66,0.911863104014654,0.449621475173159,0.038330078125,5.69E-05,0.736962890625,1.61E-06,-4520.799863
163.674883729003,0.999977182026952,73.05,0.536585191829648,45.66,0.616004851905553,2.18346363379617,0.088330078125,6.88E-06,0.286962890625,5.16E-05,-10000.053167
144.627179374065,0.369087328195698,73.05,0.780123417112963,45.66,0.759516151423817,0.828896827736443,0.013330078125,8.19E-05,0.511962890625,7.66E-05,-4291.026062
23.53515625,0.74462890625,73.05,0.98779296875,45.66,0.93017578125,0.83154296875,0.063330078125,3.19E-05,0.061962890625,2.66E-05,-22671.252826
17.28515625,0.21337890625,73.05,0.76904296875,45.66,0.64892578125,0.17529296875,0.091455078125,2.88E-05,0.371337890625,6.1E-05,-22671.252826
88.629981042759,0.664918689057204,73.05,0.195361281651011,45.66,0.265935444812164,0.592116105436227,0.041455078125,7.88E-05,0.821337890625,1.1E-05,-9907.685798
144.632941744848,0.369091017106923,73.05,0.780209355602884,45.66,0.759515138603792,0.828934811771752,0.066455078125,3.76E-06,0.146337890625,3.6E-05,-4291.025264
67.0022976149839,0.961630215254375,73.05,0.017362799330871,45.66,0.397813243066409,0.44846464957923,0.016455078125,5.38E-05,0.596337890625,8.6E-05,-12555.340464
103.08231284612,0.303526273655266,73.05,0.882616875393994,45.66,0.2219758836859,0.536477177219431,0.028955078125,4.13E-05,0.033837890625,4.85E-05,-9983.561169
152.080801697291,0.386487647625591,73.05,0.885657598577176,45.66,0.816728132762685,0.810117485518611,0.078955078125,9.13E-05,0.483837890625,9.85E-05,-4291.807975
370.505887282149,0.082512928269494,73.05,0.624545628743174,45.66,0.084841592479249,0.784348650561679,0.003955078125,1.63E-05,0.258837890625,7.35E-05,-9985.19514
52.5692026749903,0.61735362069959,73.05,0.264172478789353,45.66,0.549926028744644,1.64218350696424,0.053955078125,6.63E-05,0.708837890625,2.35E-05,-4506.154522
42.0200785054313,0.401517056933269,73.05,0.434446509052673,45.66,0.583787639031315,0.263637144140921,0.010205078125,4.75E-05,0.765087890625,5.47E-05,-9998.015117
191.380666124688,0.923089257391995,73.05,0.927652746788036,45.66,0.870075417175679,0.678151732665587,0.060205078125,9.75E-05,0.315087890625,4.74E-06,-9995.581655
145.135484990017,0.368669174006202,73.05,0.790142658603335,45.66,0.696648143310337,0.959529196325481,0.035205078125,2.25E-05,0.540087890625,2.97E-05,-4295.321631
104.938352256031,0.652962142337425,73.05,0.705724813146573,45.66,0.338478368082097,0.503984921133755,0.085205078125,7.25E-05,0.090087890625,7.97E-05,-9998.90545
69.8517686049619,0.01923313327905,73.05,0.313018668811131,45.66,0.458423556810588,0.1856840966125,0.072705078125,3.5E-05,0.652587890625,4.22E-05,-9994.639659
172.656913946062,0.432460590904406,73.05,1.17243699645305,45.66,0.999999919841598,0.763702642981274,0.022705078125,8.5E-05,0.202587890625,9.22E-05,-4302.729887
144.618359621716,0.369071359010832,73.05,0.779989916903363,45.66,0.759464245117842,0.828877568699442,0.097705078125,1E-05,0.877587890625,6.72E-05,-4291.024867
4.78515625,0.77587890625,73.05,0.58154296875,45.66,0.71142578125,0.36279296875,0.047705078125,6E-05,0.427587890625,1.72E-05,-22671.252826
3.22265625,0.42431640625,73.05,0.96435546875,45.66,0.51611328125,0.52685546875,0.017236328125,1.7E-05,0.547119140625,6.49E-05,-22671.252826
81.1702894140507,0.929144923885347,73.05,0.386647366814292,45.66,0.023065458016652,0.032889699621457,0.067236328125,6.7E-05,0.097119140625,1.49E-05,-21061.314254
144.6322463565,0.369096009341761,73.05,0.780196047641551,45.66,0.759524328341551,0.828903057090978,0.042236328125,4.2E-05,0.772119140625,3.99E-05,-4291.025397
53.22265625,0.67431640625,73.05,0.21435546875,45.66,0.26611328125,0.77685546875,0.092236328125,9.2E-05,0.322119140625,8.99E-05,-9268.785196
17537.8405197389,0.112965569607215,73.05,0.822887019899956,45.66,0.477631058586579,1.28305374057677,0.054736328125,4.54E-06,0.884619140625,2.74E-05,-4673.795784
193.887621650561,0.549926344178136,73.05,0.336299464500567,45.66,0.894667169134291,0.159877059274686,0.004736328125,5.45E-05,0.434619140625,7.74E-05,-10000.011079
201.963550099097,0.291092718598989,73.05,0.58514079344507,45.66,0.153865552288709,0.412227090387309,0.079736328125,2.95E-05,0.659619140625,5.24E-05,-9983.996145
37.8410381480872,0.803576773547686,73.05,0.094846196269891,45.66,0.639673099721912,0.903485480934476,0.029736328125,7.95E-05,0.209619140625,2.39E-06,-9698.68432
144.629172033492,0.369086950283826,73.05,0.780169950229624,45.66,0.759510352489089,0.828905029217487,0.085986328125,1.08E-05,0.153369140625,7.11E-05,-4291.025284
151.529537019529,0.758229894654941,73.05,0.698915676788281,45.66,0.185036603307714,2.21415603747215,0.035986328125,6.08E-05,0.603369140625,2.11E-05,-9994.384485
573.483215684804,0.344807405899167,73.05,1.07E-26,45.66,0.478955024068942,1.25290146269689,0.060986328125,3.58E-05,0.378369140625,4.61E-05,-4642.708797
103.535642672678,0.986314003313147,73.05,0.519689973544568,45.66,0.455774245930916,0.834190861679815,0.010986328125,8.58E-05,0.828369140625,9.61E-05,-12068.441062
144.619705067802,0.36906147994905,73.05,0.780036486574135,45.66,0.759476559370247,0.828898983011914,0.048486328125,2.33E-05,0.265869140625,3.36E-05,-4291.024768
245.684454069269,0.85507234222318,73.05,0.900472847094056,45.66,0.826089294554029,0.210946681481066,0.098486328125,7.33E-05,0.715869140625,8.36E-05,-9994.753869
184.558856870116,0.093261105668589,73.05,0.146485201408508,45.66,0.119421591816225,0.461138325025982,0.023486328125,4.83E-05,0.040869140625,5.86E-05,-9989.630685
15.72265625,0.61181640625,73.05,0.65185546875,45.66,0.57861328125,0.96435546875,0.073486328125,9.83E-05,0.490869140625,8.64E-06,-22671.252826
14.5251415089331,0.999155882925636,73.05,0.179419446883077,45.66,0.999997116726531,72072.3084019648,0.095361328125,8.89E-05,0.856494140625,8.05E-05,-9999.365573
8995.11597101279,0.567143180364519,73.05,0.198880383462625,45.66,0.387188543614701,0.588447514919441,0.045361328125,3.89E-05,0.406494140625,3.05E-05,-5466.492428
144.61659165839,0.369055063747408,73.05,0.779990371747116,45.66,0.759420181180416,0.828947776407951,0.070361328125,6.39E-05,0.631494140625,5.52E-06,-4291.025225
91.9426129888979,0.94489599525153,73.05,0.380558794973859,45.66,0.690441764199953,0.476441247800637,0.020361328125,1.39E-05,0.181494140625,5.55E-05,-11836.436275
104.206170616796,0.446576752921285,73.05,0.679618955325235,45.66,0.236094069392076,0.488882149112312,0.032861328125,7.64E-05,0.518994140625,1.8E-05,-9981.812582
144.629535634147,0.369091309092161,73.05,0.78016011358273,45.66,0.759499589734644,0.828926298317874,0.082861328125,2.64E-05,0.068994140625,6.8E-05,-4291.025708
160.945095630853,0.398351138121656,73.05,1.01544131219384,45.66,0.83285851372171,0.833367507075222,0.007861328125,5.14E-05,0.743994140625,9.3E-05,-4293.473196
46.97265625,0.70556640625,73.05,0.49560546875,45.66,0.987680164265017,0.43310546875,0.057861328125,1.42E-06,0.293994140625,4.3E-05,-9912.685482
42.7532484412604,0.070088692226351,73.05,0.383024638780576,45.66,0.656174573759529,0.901910108046271,0.001611328125,8.27E-05,0.237744140625,8.68E-05,-5277.112089
115.371326834614,0.77155228533305,73.05,0.678739668749131,45.66,0.421174785202511,0.616102837249418,0.051611328125,3.27E-05,0.687744140625,3.68E-05,-9764.515608
144.628414930421,0.36908782039848,73.05,0.780148225615977,45.66,0.759497918185737,0.828898623615739,0.026611328125,5.77E-05,0.012744140625,1.18E-05,-4291.026013
621.75014197553,0.510094944789909,73.05,0.867713397221749,45.66,0.986555515679575,0.77442258426447,0.076611328125,7.67E-06,0.462744140625,6.18E-05,-4715.659671
43.6498839775526,0.094087674842982,73.05,0.021537887010371,45.66,0.243685173595964,0.208035908415935,0.064111328125,9.52E-05,0.125244140625,2.43E-05,-9996.432011
38308.7348250166,0.465750317181386,73.05,0.292972752942704,45.66,0.553411087934109,1.0915635544086,0.014111328125,4.52E-05,0.575244140625,7.43E-05,-4681.275456
144.62322647341,0.369073465324006,73.05,0.78007330861543,45.66,0.75949564048179,0.828889408400588,0.089111328125,7.02E-05,0.350244140625,9.93E-05,-4291.024736
9.47265625,0.89306640625,73.05,0.80810546875,45.66,0.79736328125,0.49560546875,0.039111328125,2.02E-05,0.800244140625,4.93E-05,-22671.252826
6.34765625,0.15869140625,73.05,0.38623046875,45.66,0.12548828125,0.76123046875,0.050048828125,7.49E-05,0.617431640625,6.65E-05,-22671.252826
118.253042132957,0.657263132746385,73.05,0.884298158478447,45.66,0.630674978925515,0.261569747252151,4.88E-05,2.49E-05,0.167431640625,1.65E-05,-9987.623046
124.729587991354,0.414324069287615,73.05,0.063396296614529,45.66,0.346015625054123,0.220032970931508,0.075048828125,9.99E-05,0.842431640625,4.15E-05,-9999.967825
55.8382186849571,0.791030056437913,73.05,0.651062608107008,45.66,0.941810460989092,0.47684880860808,0.025048828125,4.99E-05,0.392431640625,9.15E-05,-11210.960483
144.632118391005,0.369095829983836,73.05,0.78019041458885,45.66,0.759529116295434,0.828924969351965,0.012548828125,6.24E-05,0.729931640625,2.9E-05,-4291.028963
516.721829949254,0.76683920420127,73.05,0.768274975433498,45.66,0.259263834723317,0.363914583851555,0.062548828125,1.24E-05,0.279931640625,7.9E-05,-9895.613149
208.496059897012,0.042960859992422,73.05,0.419023309189485,45.66,0.500880053249264,0.192526444849746,0.037548828125,8.74E-05,0.504931640625,5.4E-05,-9252.534746
31.34765625,0.53369140625,73.05,0.51123046875,45.66,0.00048828125,0.63623046875,0.087548828125,3.74E-05,0.054931640625,3.96E-06,-22671.252826
214.778782270804,0.472256848961538,73.05,0.850607388119804,45.66,0.115951072165388,0.825240315976223,0.043798828125,5.61E-05,0.111181640625,7.27E-05,-9999.384324
144.640106424756,0.878894048247274,73.05,0.488896952178313,45.66,0.70611102749539,0.837631080745807,0.093798828125,6.1E-06,0.561181640625,2.27E-05,-9986.548822
282.024435126771,0.214218287277999,73.05,0.551530573878115,45.66,0.294635792867755,0.196193636485665,0.018798828125,8.11E-05,0.336181640625,4.77E-05,-9994.1338
55.1834273163245,0.719975488059183,73.05,0.062085833555515,45.66,0.818478448789828,0.567424119518299,0.068798828125,3.11E-05,0.786181640625,9.77E-05,-6480.848117
148.024126397384,0.375674009926399,73.05,0.82939601316746,45.66,0.777448993797703,0.825307262229613,0.081298828125,6.86E-05,0.448681640625,3.52E-05,-4291.142583
25144.3548918195,0.654531329672404,73.05,0.661286947675904,45.66,0.475049457877593,1.28747678271155,0.031298828125,1.86E-05,0.898681640625,8.52E-05,-4676.585551
144.629535132103,0.369096198380589,73.05,0.780168437414781,45.66,0.759512792312831,0.828916444934478,0.056298828125,9.36E-05,0.223681640625,6.02E-05,-4291.024705
23.9787986525645,0.828746151803974,73.05,0.179566035250976,45.66,0.200404114101041,0.699078671292449,0.006298828125,4.36E-05,0.673681640625,1.02E-05,-12441.397133
14.2989530884485,0.31494140625,73.05,0.04248046875,45.66,0.46923828125,0.29248046875,0.034423828125,4.67E-05,0.701806640625,7.58E-05,-8254.157265
144.629147450288,0.36908483244364,73.05,0.780162227628632,45.66,0.759510938102041,0.828895884901546,0.084423828125,9.67E-05,0.251806640625,2.58E-05,-4291.025124
135.90814606868,0.350072458194363,73.05,0.652904742851725,45.66,0.687506963530703,0.874177139402715,0.009423828125,2.17E-05,0.476806640625,8.30E-07,-4292.513342
72.9157438203485,0.581964918137275,73.05,0.749565241328251,45.66,0.760665923471619,0.239644150173247,0.059423828125,7.17E-05,0.026806640625,5.08E-05,-9956.638333
144.625389319298,0.369082640214342,73.05,0.780104300587345,45.66,0.759471742938999,0.828965504840958,0.096923828125,3.42E-05,0.589306640625,1.33E-05,-4291.025228
351.953425098213,0.689914379549476,73.05,0.648645967227606,45.66,0.112024147122799,0.921581168538051,0.046923828125,8.42E-05,0.139306640625,6.33E-05,-9993.185965
144.621180913095,0.369072713106511,73.05,0.780050155726812,45.66,0.759502746406537,0.828889872299493,0.071923828125,9.23E-06,0.814306640625,8.83E-05,-4291.024733
46.8302444932745,0.739910695431125,73.05,0.755706482607179,45.66,0.003254589438573,107782399711539,0.021923828125,5.92E-05,0.364306640625,3.83E-05,-9999.815431
6.32128830898806,1.97E-25,73.05,0.074268515282406,45.66,0.864267857616269,1005.85151926438,0.065673828125,2.8E-05,0.420556640625,8.21E-05,-9997.532512
172.662284893977,0.432459578604548,73.05,1.17250348157929,45.66,1,0.763666244746069,0.015673828125,7.8E-05,0.870556640625,3.21E-05,-4302.729972
770.233290726727,0.223720874932378,73.05,0.980288119264283,45.66,0.1071806427488,0.602068059697803,0.090673828125,2.98E-06,0.195556640625,7.08E-06,-9986.457332
35.764108687644,0.153222947216018,73.05,0.000349935654131,45.66,0.451469325239187,1.29004320692088,0.040673828125,5.3E-05,0.645556640625,5.71E-05,-4634.08595
144.618862802009,0.36907476492078,73.05,0.780004521334587,45.66,0.759493282955279,0.828883665485281,0.003173828125,4.05E-05,0.083056640625,1.96E-05,-4291.024477
203.502009371587,0.86507947579835,73.05,0.094667718026664,45.66,0.156266894106118,0.980172717387345,0.053173828125,9.05E-05,0.533056640625,6.96E-05,-9995.919303
143.526176576298,0.366975737115827,73.05,0.764034719233597,45.66,0.754633936533707,0.828680221176971,0.028173828125,1.55E-05,0.308056640625,9.46E-05,-4291.03652
0.09765625,0.62744140625,73.05,0.35498046875,45.66,0.40673828125,0.22998046875,0.078173828125,6.55E-05,0.758056640625,4.46E-05,-22671.252826
0.146484375,0.313720703125,73.05,0.403564453125,45.66,0.578857421875,0.655517578125,0.0922119140625,3.39E-05,0.0555908203125,3.09E-05,-22671.252826
132.41882081424,0.981993435534335,73.05,0.624561738348816,45.66,0.999997979771436,0.997758500661915,0.0422119140625,8.39E-05,0.5055908203125,8.09E-05,-9999.499289
144.617795283975,0.369086927962604,73.05,0.779982283361159,45.66,0.759470935137695,0.828903048831363,0.0672119140625,8.91E-06,0.2805908203125,5.59E-05,-4291.024827
65.7280236621041,0.639667084151149,73.05,0.583114327763469,45.66,0.677027803981406,0.890349297296876,0.0172119140625,5.89E-05,0.7305908203125,5.93E-06,-6800.483052
144.62531285366,0.369087353447995,73.05,0.780099404282887,45.66,0.759491002578639,0.828919633393852,0.0297119140625,4.64E-05,0.3930908203125,6.84E-05,-4291.024435
277.634493404703,0.710110795957023,73.05,0.767431205298425,45.66,0.963600095775658,0.157493746305042,0.0797119140625,9.64E-05,0.8430908203125,1.84E-05,-9994.803159
33941.4770598702,0.377076035675595,73.05,0.000756953692281,45.66,0.453015433097729,1.31264105061405,0.0047119140625,2.14E-05,0.1680908203125,4.34E-05,-4674.181809
15.947579025009,0.999999998679855,73.05,0.282684038881083,45.66,0.999729791963906,64137.2054739523,0.0547119140625,7.14E-05,0.6180908203125,9.34E-05,-19782.828427
63.5138699358966,0.001468426471441,73.05,0.842173177196603,45.66,0.644942060420213,0.733390611357505,0.0109619140625,4.02E-05,0.6743408203125,3.72E-05,-9993.30903
876.854582918986,0.50134584013712,73.05,0.314218269619881,45.66,0.219951619340857,0.26527794210869,0.0609619140625,9.02E-05,0.2243408203125,8.72E-05,-9995.601765
144.631727912928,0.369103235380785,73.05,0.780188915041172,45.66,0.759524275784455,0.828922812557325,0.0359619140625,1.52E-05,0.8993408203125,6.22E-05,-4291.026036
48.5421628787902,0.135337818146737,73.05,3.36E-08,45.66,0.443427919519561,1.29190864864485,0.0859619140625,6.52E-05,0.4493408203125,1.22E-05,-4618.516807
92.2486056874575,0.374219718788585,73.05,0.965887616777506,45.66,0.278299240807178,0.589954593385971,0.0734619140625,2.77E-05,0.7868408203125,7.47E-05,-9986.453163
12370.484825762,0.988468830614282,73.05,1.06697470282079,45.66,0.63969586735899,0.350433140356833,0.0234619140625,7.77E-05,0.3368408203125,2.47E-05,-6683.83083
1910.23701024217,0.081307703068606,73.05,0.680832514380356,45.66,0.133771747008469,0.408069630656054,0.0984619140625,2.66E-06,0.5618408203125,4.97E-05,-9996.09501
14.6754830097371,0.627241566590156,73.05,0.220346071935956,45.66,0.516305362667382,0.843719588622319,0.0484619140625,5.27E-05,0.1118408203125,9.97E-05,-19414.848222
31.9640864840555,0.165803425469689,73.05,1.78E-07,45.66,0.450639471634048,1.30146999405118,0.0203369140625,6.2E-05,0.3649658203125,1.53E-05,-4636.547165
116.632358837154,0.658165335347442,73.05,0.555706666738225,45.66,0.301603261142089,0.687926531125404,0.0703369140625,1.2E-05,0.8149658203125,6.53E-05,-9995.069616
144.630658352035,0.369092784796873,73.05,0.780184882543359,45.66,0.759525196642248,0.82891982112678,0.0453369140625,8.7E-05,0.1399658203125,9.03E-05,-4291.024696
77.394936732932,0.99960931581117,73.05,0.725380682124908,45.66,0.986478071442308,0.825405885219333,0.0953369140625,3.7E-05,0.5899658203125,4.03E-05,-11828.733076
56.577895925167,0.228291003787509,73.05,0.157221997687379,45.66,0.127296456562873,0.483064660822868,0.0578369140625,7.45E-05,0.0274658203125,7.78E-05,-9995.524738
144.630955048003,0.369096429068327,73.05,0.780195448139322,45.66,0.759501791057573,0.828944508477739,0.0078369140625,2.45E-05,0.4774658203125,2.78E-05,-4291.029244
4422.01116744223,0.001819288154806,73.05,0.006609512941511,45.66,0.341537957780802,1.55936032083469,0.0828369140625,9.95E-05,0.2524658203125,2.81E-06,-4692.101813
76.1034739574345,0.531088777078201,73.05,0.934458916836797,45.66,0.920111518851645,0.339379607052035,0.0328369140625,4.95E-05,0.7024658203125,5.28E-05,-9989.613849
61.6053126256143,0.467577583544641,73.05,0.7561548918277,45.66,0.983074759485183,0.308669968030849,0.0765869140625,6.83E-05,0.7587158203125,2.16E-05,-9990.118336
97.4282377646376,0.964802938723155,73.05,0.220972957730793,45.66,0.48425227362585,0.761596760735296,0.0265869140625,1.83E-05,0.3087158203125,7.16E-05,-11645.73282
158.842729816168,0.39346314604745,73.05,0.988181225707254,45.66,0.735919111659414,1.00091240107685,0.0515869140625,9.33E-05,0.5337158203125,9.66E-05,-4299.622752
96.7252928171471,0.660995929956519,73.05,0.389518356610319,45.66,0.256073178292152,0.586174102194522,0.0015869140625,4.33E-05,0.0837158203125,4.66E-05,-9963.728709
721.657631356745,0.092326443972558,73.05,0.482091976359997,45.66,0.186008965519283,0.280017066361727,0.0390869140625,5.58E-05,0.6462158203125,8.41E-05,-9998.486809
573.514281070602,0.344922051368291,73.05,0.000306894254959,45.66,0.479006004939076,1.25281049984636,0.0890869140625,5.79E-06,0.1962158203125,3.41E-05,-4642.707411
144.633902030873,0.369101502295347,73.05,0.780221370191278,45.66,0.759533688726621,0.828944034234387,0.0140869140625,8.08E-05,0.8712158203125,9.06E-06,-4291.02958
6.396484375,0.844970703125,73.05,0.372314453125,45.66,0.860107421875,0.374267578125,0.0640869140625,3.08E-05,0.4212158203125,5.91E-05,-22671.252826
9.521484375,0.079345703125,73.05,0.950439453125,45.66,0.188232421875,0.889892578125,0.0250244140625,7.61E-05,0.2102783203125,2.62E-05,-22671.252826
202.911826354973,0.528146411517411,73.05,1.46750288283038,45.66,0.601416824372777,1.70444758006907,0.0750244140625,2.61E-05,0.6602783203125,7.62E-05,-4396.360565
244.037025732659,0.326790995853712,73.05,0.693045193772355,45.66,0.43686919428205,0.176437513384505,2.44E-05,5.11E-05,0.4352783203125,5.12E-05,-9993.615878
76.3500225046156,0.82024269409201,73.05,0.192585407523843,45.66,0.937060425339638,0.638588049857574,0.0500244140625,1.1E-06,0.8852783203125,1.25E-06,-8265.871938
147.014436962423,0.373531956772049,73.05,0.814956196217487,45.66,0.770136979583459,0.828903410867733,0.0875244140625,8.86E-05,0.3227783203125,6.37E-05,-4291.082111
1015.81650268659,0.943502195100946,73.05,0.29848709830296,45.66,0.307686701981419,0.348808329405445,0.0375244140625,3.86E-05,0.7727783203125,1.37E-05,-9989.905484
119.57658703628,0.200521467542819,73.05,0.533073337630446,45.66,0.573060277831386,0.157353727447146,0.0625244140625,6.36E-05,0.0977783203125,3.87E-05,-9996.091009
40.2146387724801,0.705562496828088,73.05,0.073930840760766,45.66,0.062909456835659,0.514000424304048,0.0125244140625,1.36E-05,0.5477783203125,8.87E-05,-15457.964303
54.1745650377786,0.21812301042706,73.05,0.188630812273156,45.66,0.079988581764094,0.94922311108274,0.0687744140625,9.48E-05,0.4915283203125,3.25E-05,-9979.240432
193.053567923445,0.766481141414878,73.05,0.763452211364644,45.66,0.500743903784435,0.460023237104418,0.0187744140625,4.48E-05,0.0415283203125,8.25E-05,-9991.28972
239.857343280259,0.016139793069641,73.05,0.010195870012888,45.66,0.258002632916812,0.208814584835691,0.0937744140625,6.98E-05,0.7165283203125,5.75E-05,-9998.141354
172.659400769448,0.432468030861859,73.05,1.17246300517901,45.66,0.999999885232521,0.763692133726297,0.0437744140625,1.98E-05,0.2665283203125,7.5E-06,-4302.729862
144.617162830826,0.369060475570801,73.05,0.780004540441085,45.66,0.759479760841759,0.828893844635314,0.0062744140625,8.23E-05,0.8290283203125,7E-05,-4291.029221
1432.02134844419,0.751003929180087,73.05,0.801828583446283,45.66,0.580294286324614,1.2539172815713,0.0562744140625,3.23E-05,0.3790283203125,2E-05,-4648.937023
39.8585923883083,0.274546245400981,73.05,0.065931012785521,45.66,0.435661508184271,1.66842346907871,0.0312744140625,5.73E-05,0.6040283203125,4.5E-05,-4658.536767
22.021484375,0.891845703125,73.05,0.637939453125,45.66,0.125732421875,0.577392578125,0.0812744140625,7.35E-06,0.1540283203125,9.5E-05,-22671.252826
15.771484375,0.423095703125,73.05,0.606689453125,45.66,0.406982421875,0.421142578125,0.0593994140625,4.22E-06,0.2946533203125,1.69E-05,-22671.252826
115.771484375,0.923095703125,73.05,0.106689453125,45.66,0.916153894087023,0.921142578125,0.0093994140625,5.42E-05,0.7446533203125,6.69E-05,-9609.899638
624.22755010449,0.451434769281313,73.05,0.628926476157701,45.66,0.545390043373382,1.24356389120845,0.0843994140625,2.92E-05,0.0696533203125,9.19E-05,-4638.908903
92.8530354047264,0.693360400531512,73.05,0.330063876280274,45.66,0.655521071031561,0.251390430037715,0.0343994140625,7.92E-05,0.5196533203125,4.19E-05,-9996.547089
9297.78328459375,0.279782707669308,73.05,0.591523016414749,45.66,0.531941568802134,1.15071923482487,0.0218994140625,1.67E-05,0.1821533203125,7.94E-05,-4678.586354
436.827498997259,0.551421445935357,73.05,0.203619207577844,45.66,0.092634097685258,0.800467323539028,0.0718994140625,6.67E-05,0.6321533203125,2.94E-05,-9995.758241
144.620977856693,0.369068708252838,73.05,0.780042000981884,45.66,0.75946502948038,0.828916275197099,0.0468994140625,4.17E-05,0.4071533203125,4.37E-06,-4291.025187
50.9438258006036,0.802849309871338,73.05,0.491268939400813,45.66,0.280421674397974,0.056364537697684,0.0968994140625,9.17E-05,0.8571533203125,5.44E-05,-17777.86889
26.9967850457134,0.28749067701816,73.05,0.047791138615153,45.66,0.499344747453097,0.919725008325585,0.0406494140625,2.3E-05,0.8009033203125,2.31E-05,-4248.428968
144.626478675156,0.369083383623313,73.05,0.780120019660617,45.66,0.759501377212136,0.828906880995381,0.0906494140625,7.3E-05,0.3509033203125,7.31E-05,-4291.024822
220.131811542219,0.736649886629172,73.05,0.000114722825854,45.66,0.677445288757322,1.2564923765724,0.0156494140625,4.8E-05,0.5759033203125,9.81E-05,-4656.129041
79.8356347661112,0.985316974394366,73.05,0.78387015718725,45.66,0.617916354228886,3.47219768700734,0.0656494140625,9.8E-05,0.1259033203125,4.81E-05,-9993.120758
147.865015092968,0.377065175878266,73.05,0.825714786013301,45.66,0.787096770546969,0.817194941740235,0.0781494140625,1.05E-05,0.4634033203125,8.56E-05,-4291.209927
215.153413837917,0.85584942715821,73.05,0.543427982557894,45.66,0.220911219777082,0.859386589889392,0.0281494140625,6.05E-05,0.0134033203125,3.56E-05,-9979.370457
172.657180264906,0.432459664371319,73.05,1.17242055857167,45.66,0.999982083714312,0.7636786926068,0.0531494140625,3.55E-05,0.6884033203125,1.06E-05,-4302.72831
3.271484375,0.610595703125,73.05,0.794189453125,45.66,0.469482421875,0.108642578125,0.0031494140625,8.55E-05,0.2384033203125,6.06E-05,-22671.252826
4.833984375,0.212158203125,73.05,0.661376953125,45.66,0.289794921875,0.757080078125,0.0367431640625,4.09E-05,0.5688720703125,6.71E-06,-22671.252826
87.9623523861423,0.710066913605805,73.05,0.14833440304087,45.66,0.793680419253853,0.261252969893333,0.0867431640625,9.09E-05,0.1188720703125,5.67E-05,-9897.955427
502.383393450661,0.460828704027829,73.05,0.900336978885921,45.66,0.11709640495412,0.008047793826378,0.0117431640625,1.59E-05,0.7938720703125,8.17E-05,-18649.194265
57.5489156193429,0.961870603945195,73.05,0.410948706483167,45.66,0.540074098274021,0.504685724981063,0.0617431640625,6.59E-05,0.3438720703125,3.17E-05,-11606.837408
144.618753094969,0.369059909831918,73.05,0.780009337729011,45.66,0.759450456078398,0.828919412245816,0.0992431640625,2.84E-05,0.6813720703125,9.42E-05,-4291.024662
752.187139634361,0.822769615391861,73.05,0.026697886475561,45.66,0.21000800795615,0.454015427177761,0.0492431640625,7.84E-05,0.2313720703125,4.42E-05,-9995.91762
121.631927865224,0.085721896831095,73.05,0.769890479902754,45.66,0.918694716311488,0.158121803669091,0.0742431640625,3.44E-06,0.4563720703125,1.92E-05,-9996.242846
31.9304826400813,0.586731229065281,73.05,0.269020247157541,45.66,0.415212712170269,0.633531541602276,0.0242431640625,5.34E-05,0.0063720703125,6.92E-05,-8352.435783
37.5943503076093,0.130076037713942,73.05,6.97691403230603E-05,45.66,0.446780612420757,1.28114789131821,0.0679931640625,3.47E-05,0.0626220703125,4.64E-07,-4628.236422
201.915523491233,0.893508613478183,73.05,0.589744598138738,45.66,0.977895337652827,0.329931973217589,0.0179931640625,8.47E-05,0.5126220703125,5.05E-05,-9995.800253
550.937119992909,0.148363989909623,73.05,0.312358408282472,45.66,0.203226756398634,0.256107383522937,0.0929931640625,9.69E-06,0.2876220703125,7.55E-05,-9971.498145
144.629558776807,0.369105619873142,73.05,0.780159294210026,45.66,0.759539895148285,0.828897050543815,0.0429931640625,5.97E-05,0.7376220703125,2.55E-05,-4291.025384
144.620578922654,0.369071620239836,73.05,0.780032161785178,45.66,0.759460023084945,0.828915322486419,0.0054931640625,4.72E-05,0.4001220703125,8.8E-05,-4291.027938
14296.7426505938,0.506560423665939,73.05,0.551989282271661,45.66,0.112197053983402,0.712841764281143,0.0554931640625,9.72E-05,0.8501220703125,3.8E-05,-8864.735978
144.625675998674,0.36907893308447,73.05,0.780101781790421,45.66,0.759476797347376,0.82890143090093,0.0304931640625,2.22E-05,0.1751220703125,1.3E-05,-4291.024866
17.333984375,0.774658203125,73.05,0.973876953125,45.66,0.352294921875,0.694580078125,0.0804931640625,7.22E-05,0.6251220703125,6.3E-05,-22671.252826
23.583984375,0.305908203125,73.05,0.755126953125,45.66,0.071044921875,0.288330078125,0.0523681640625,6.28E-05,0.7094970703125,4.73E-05,-22671.252826
123.583984375,0.805908203125,73.05,0.255126953125,45.66,0.574545543544139,0.788330078125,0.0023681640625,1.28E-05,0.2594970703125,9.73E-05,-9782.595494
7894.85053346,0.00346158900165,73.05,0.476430230583559,45.66,0.461997379723752,1.31124426002639,0.0773681640625,8.78E-05,0.4844970703125,7.23E-05,-4673.388312
106.93270582046,0.613529211515716,73.05,6.96271978651509E-05,45.66,0.532677350001294,0.352941834835678,0.0273681640625,3.78E-05,0.0344970703125,2.23E-05,-9999.069889
144.636094980189,0.369098421351345,73.05,0.780260999488163,45.66,0.75956427151383,0.828896117190664,0.0148681640625,5.03E-05,0.5969970703125,5.98E-05,-4291.02684
144.629366644143,0.369089016830447,73.05,0.780161444669423,45.66,0.759523314064619,0.828894559061939,0.0648681640625,3.17E-07,0.1469970703125,9.84E-06,-4291.025562
144.630461343287,0.369101807011821,73.05,0.780166657670892,45.66,0.759526872674354,0.828901288729932,0.0398681640625,7.53E-05,0.8219970703125,3.48E-05,-4291.025526
48.6992409888345,0.934021457804563,73.05,0.130062910284691,45.66,0.195758010149142,0.162519597818139,0.0898681640625,2.53E-05,0.3719970703125,8.48E-05,-17100.40495
583.234429300662,0.361937860497967,73.05,0.128569240420923,45.66,0.490189547391211,1.25264281666305,0.0461181640625,5.66E-05,0.4282470703125,4.11E-05,-4642.093341
144.623848358545,0.369073084789492,73.05,0.780099678409423,45.66,0.759502733777066,0.828881918127764,0.0961181640625,6.57E-06,0.8782470703125,9.11E-05,-4291.024738
10640.7257426804,0.297267445839912,73.05,0.036059898807771,45.66,0.451531078035189,1.31425981244285,0.0211181640625,8.16E-05,0.2032470703125,6.61E-05,-4675.264405
212.292650169201,0.896091732328702,73.05,0.674896451437271,45.66,0.890628700324296,0.305096613791294,0.0711181640625,3.16E-05,0.6532470703125,1.61E-05,-9998.381598
48.8615005163182,0.493166088651501,73.05,0.303709640908485,45.66,0.760985895002727,0.47545587300955,0.0836181640625,6.91E-05,0.0907470703125,5.36E-05,-4750.45234
172.638301972156,0.993588922490227,73.05,0.812516192565849,45.66,0.266868409708552,0.975419528435214,0.0336181640625,1.91E-05,0.5407470703125,3.59E-06,-12819.463707
144.627910859236,0.369087806086436,73.05,0.780139181044231,45.66,0.759495198401106,0.828910769302886,0.0586181640625,9.41E-05,0.3157470703125,2.86E-05,-4291.024756
11.083984375,0.743408203125,73.05,0.567626953125,45.66,0.008544921875,0.225830078125,0.0086181640625,4.41E-05,0.7657470703125,7.86E-05,-22671.252826
7.958984375,0.446533203125,73.05,0.239501953125,45.66,0.930419921875,0.522705078125,0.0945556640625,9.88E-05,0.5266845703125,1.14E-05,-22671.252826
119.870340113225,0.978727397709373,73.05,0.613137881486323,45.66,0.419095048971598,3.34025843898119,0.0445556640625,4.88E-05,0.0766845703125,6.14E-05,-9984.577773
144.625845646572,0.369082978317573,73.05,0.780112956625418,45.66,0.759525658265739,0.828894977604995,0.0695556640625,7.38E-05,0.7516845703125,8.64E-05,-4291.024596
144.800373111234,0.660191882399771,73.05,0.985613778194973,45.66,0.339676691394352,0.726067560971396,0.0195556640625,2.38E-05,0.3016845703125,3.64E-05,-9999.937022
140.713040359892,0.05033967395261,73.05,0.116032629483349,45.66,0.095314953535183,0.644375546666762,0.0320556640625,8.63E-05,0.8641845703125,9.89E-05,-9994.537418
290.023631837412,0.572405366597077,73.05,0.612601549341349,45.66,0.556803785655584,0.164359175139321,0.0820556640625,3.63E-05,0.4141845703125,4.89E-05,-9994.69491
81661.8538479743,0.226121594489552,73.05,0.136115275343642,45.66,0.443602485577826,1.34726194264309,0.0070556640625,6.13E-05,0.6391845703125,2.39E-05,-4673.60326
32.6659906821884,0.833001697844244,73.05,0.862053653878677,45.66,0.807802390723032,0.900802005835494,0.0570556640625,1.13E-05,0.1891845703125,7.39E-05,-22363.360913
144.619338338922,0.36906675308812,73.05,0.780023686437162,45.66,0.759461325513323,0.828948024669506,0.0008056640625,8E-05,0.1329345703125,5.15E-06,-4291.027572
329.923700047341,0.631457616917882,73.05,0.036730667653599,45.66,0.362562849093864,0.190380169920763,0.0508056640625,3E-05,0.5829345703125,5.52E-05,-9969.383746
144.624940711406,0.3690718086216,73.05,0.780103988422165,45.66,0.759509364274578,0.82889115370511,0.0258056640625,5.5E-05,0.3579345703125,8.02E-05,-4291.024311
94.7843731426891,0.895793265627474,73.05,0.300714355571462,45.66,0.122795162714475,0.83607678423709,0.0758056640625,5E-06,0.8079345703125,3.02E-05,-14044.607151
596.504014239291,0.389566309110356,73.05,0.282544573869073,45.66,0.504875213090062,1.25294911375648,0.0633056640625,9.25E-05,0.2454345703125,9.27E-05,-4641.254124
144.633751504622,0.369097462263993,73.05,0.780235310923701,45.66,0.75953236723745,0.828933193908587,0.0133056640625,4.25E-05,0.6954345703125,4.27E-05,-4291.028486
659.621088621404,0.553739692370211,73.05,1.16247080894655,45.66,0.657768458546972,1.16305033901764,0.0883056640625,6.75E-05,0.0204345703125,1.77E-05,-4635.363083
30.0064935304733,0.508764540830733,73.05,0.383003066519441,45.66,0.98905335636151,0.962704428704868,0.0383056640625,1.75E-05,0.4704345703125,6.77E-05,-9914.111147
13.5905269770263,3.52E-14,73.05,0.189390061910437,45.66,0.036314271183119,199427290.529982,0.0164306640625,2.06E-05,0.8923095703125,4.58E-05,-9960.942437
111.383156353078,0.541878570595647,73.05,0.815030200140481,45.66,0.263710744196294,0.532793691742439,0.0664306640625,7.06E-05,0.4423095703125,9.58E-05,-9998.637978
144.622794122969,0.369079316372069,73.05,0.780066494245178,45.66,0.759479935078235,0.82892169287143,0.0414306640625,4.56E-05,0.6673095703125,7.08E-05,-4291.02483
74.8276154599442,0.787437175322823,73.05,0.583312823644406,45.66,0.461592103756646,0.302149050107219,0.0914306640625,9.56E-05,0.2173095703125,2.08E-05,-11573.854453
76.0277629431586,0.411067579593199,73.05,0.417893700229494,45.66,0.335585963963859,0.239423145744236,0.0539306640625,8.13E-06,0.5548095703125,5.83E-05,-9995.056108
158.596369500966,0.419298285518782,73.05,0.964139301447191,45.66,0.992302978793812,0.718833094019919,0.0039306640625,5.81E-05,0.1048095703125,8.28E-06,-4305.718406
573.565351311793,0.344891837188833,73.05,0.001269688499038,45.66,0.479127289149437,1.25254456828861,0.0789306640625,3.31E-05,0.7798095703125,3.33E-05,-4642.703071
75.2885269885612,0.647257762506508,73.05,0.69910811656803,45.66,0.589152298476751,0.438062211030065,0.0289306640625,8.31E-05,0.3298095703125,8.33E-05,-8916.342531
26.708984375,0.352783203125,73.05,0.895751953125,45.66,0.524169921875,0.116455078125,0.0851806640625,1.88E-06,0.2735595703125,3.95E-05,-22671.252826
645.032830248679,0.86610463163276,73.05,0.314949053081049,45.66,0.192134125389625,0.602776871596343,0.0351806640625,5.19E-05,0.7235595703125,8.95E-05,-9986.307841
146.490032267072,0.372537487520439,73.05,0.807418364875885,45.66,0.767404585915932,0.830267911577604,0.0601806640625,2.69E-05,0.0485595703125,6.45E-05,-4291.061198
80.9854147432263,0.602783203125,73.05,0.135596950478342,45.66,0.274169921875,0.366455078125,0.0101806640625,7.69E-05,0.4985595703125,1.45E-05,-9956.741538
81.9699642981463,0.235179051776132,73.05,0.759905628717817,45.66,0.400866908815885,0.262206879828179,0.0476806640625,1.44E-05,0.1610595703125,5.2E-05,-9975.231954
144.626438207759,0.369084522310847,73.05,0.780130717019648,45.66,0.759508730823259,0.828918766343252,0.0976806640625,6.44E-05,0.6110595703125,2.03E-06,-4291.025317
256.348736473931,0.478448868471204,73.05,0.531045802286214,45.66,0.155921533057277,0.991710360272617,0.0226806640625,3.94E-05,0.3860595703125,2.7E-05,-7475.091474
1.708984375,0.977783203125,73.05,0.020751953125,45.66,0.649169921875,0.491455078125,0.0726806640625,8.94E-05,0.8360595703125,7.7E-05,-22671.252826
2.490234375,0.020751953125,73.05,0.587158203125,45.66,0.996826171875,0.815673828125,0.0566650390625,9.29E-05,0.5583251953125,8.6E-05,-22671.252826
343.108252830146,0.520233208588575,73.05,0.119381919923072,45.66,0.496886910397362,0.311137750733143,0.0066650390625,4.29E-05,0.1083251953125,3.6E-05,-6860.938817
154.161205933991,0.258532007151247,73.05,0.820081075933993,45.66,0.768856765019517,0.148806054300582,0.0816650390625,6.79E-05,0.7833251953125,1.1E-05,-9997.743726
89.7649476079726,0.684923836586821,73.05,0.230976071106048,45.66,0.242698991769449,0.64603381469854,0.0316650390625,1.79E-05,0.3333251953125,6.1E-05,-9991.729617
95.2992512166714,0.394355447363271,73.05,0.697187273059781,45.66,0.133778689833029,0.940241875163158,0.0191650390625,8.04E-05,0.8958251953125,2.35E-05,-9984.181963
93.1929085506303,0.240378441010278,73.05,0.002310191400711,45.66,0.497687306877727,0.863989768906861,0.0691650390625,3.04E-05,0.4458251953125,7.35E-05,-4323.208906
216.677869470003,0.132309943768333,73.05,0.963304543388199,45.66,0.37201761434694,0.203740314770127,0.0441650390625,5.54E-05,0.6708251953125,9.85E-05,-9996.726662
36.4540983284754,0.645282721978263,73.05,0.454807940812748,45.66,0.875123406804872,0.706035370377751,0.0941650390625,5.4E-06,0.2208251953125,4.85E-05,-9997.858136
144.621798197115,0.369078893815994,73.05,0.780045660638861,45.66,0.759483573597688,0.828908924043004,0.0379150390625,8.66E-05,0.1645751953125,7.98E-05,-4291.024485
85.2653406490708,0.752735683868488,73.05,0.451372176593269,45.66,0.402448417751822,0.550731203910626,0.0879150390625,3.66E-05,0.6145751953125,2.98E-05,-9995.050273
190.078189749287,0.105449156059215,73.05,0.395612224054143,45.66,0.569186803523185,0.170075381594663,0.0129150390625,6.16E-05,0.3895751953125,4.76E-06,-10000.056824
133.567214676793,0.60466912669348,73.05,0.871801329787488,45.66,0.375680740673872,0.508316022429808,0.0629150390625,1.16E-05,0.8395751953125,5.48E-05,-9987.853381
144.631872218474,0.369092820019997,73.05,0.780196993604984,45.66,0.759522878479625,0.828914727329983,0.0754150390625,9.91E-05,0.2770751953125,1.73E-05,-4291.025048
159.350693936754,0.406516657212598,73.05,0.983991455222141,45.66,0.889402823832783,0.782393137744439,0.0254150390625,4.91E-05,0.7270751953125,6.73E-05,-4294.817871
273.113254373445,0.457634781412784,73.05,0.248920394704466,45.66,0.43666359885417,0.166527248630128,0.0504150390625,7.41E-05,0.0520751953125,9.23E-05,-9992.338803
14.990234375,0.958251953125,73.05,0.774658203125,45.66,0.934326171875,0.628173828125,0.0004150390625,2.41E-05,0.5020751953125,4.23E-05,-22671.252826
21.240234375,0.489501953125,73.05,0.993408203125,45.66,0.653076171875,0.346923828125,0.0285400390625,1.48E-05,0.8677001953125,7.04E-05,-22671.252826
172.664585748286,0.432472205941425,73.05,1.17253434739375,45.66,0.999999999969708,0.763691514696698,0.0785400390625,6.48E-05,0.4177001953125,2.04E-05,-4302.729873
144.604555893666,0.369041662625764,73.05,0.779799513951411,45.66,0.759417413326518,0.828889631887836,0.0035400390625,3.98E-05,0.6427001953125,4.54E-05,-4291.027682
151.85871279975,0.927350209445322,73.05,1.29880332557186,45.66,0.283547541107326,68.5074755011383,0.0535400390625,8.98E-05,0.1927001953125,9.54E-05,-5339.083802
144.630759145326,0.369101894537579,73.05,0.780179205749029,45.66,0.759509125692285,0.828941765729525,0.0910400390625,2.27E-06,0.5302001953125,3.29E-05,-4291.025036
144.623873327776,0.369083244912465,73.05,0.780080184936323,45.66,0.759499770136108,0.828907413037748,0.0410400390625,5.23E-05,0.0802001953125,8.29E-05,-4291.024989
516.741126011511,0.350779910069818,73.05,0.624673411045174,45.66,0.093322434184306,0.713262414857888,0.0660400390625,2.73E-05,0.7552001953125,5.79E-05,-9997.379161
51.9225182685087,0.865405990532698,73.05,0.117928076948471,45.66,0.528263669696196,0.219980424799888,0.0160400390625,7.73E-05,0.3052001953125,7.89E-06,-12409.422204
144.623660330119,0.369071136831549,73.05,0.780091985524225,45.66,0.759500658039863,0.828913048112447,0.0722900390625,8.52E-06,0.2489501953125,6.41E-05,-4291.024892
90.6939036255972,0.450335467045943,73.05,0.835569736605408,45.66,0.872092663360645,0.386622860255202,0.0222900390625,5.85E-05,0.6989501953125,1.41E-05,-7311.830185
168.230193592236,0.425540744196375,73.05,1.10763308238561,45.66,0.959865218160762,0.770757807215335,0.0972900390625,3.35E-05,0.0239501953125,3.91E-05,-4299.467035
103.617181718173,0.925683981142628,73.05,0.507062011718849,45.66,0.489125836183166,1.69403004025263,0.0472900390625,8.35E-05,0.4739501953125,8.91E-05,-9998.384956
144.639681566744,0.369104438491299,73.05,0.78032088005254,45.66,0.759493271475034,0.828966103255449,0.0097900390625,2.1E-05,0.1364501953125,2.66E-05,-4291.024377
161.184440119676,0.399111243031742,73.05,1.01872409891309,45.66,0.824295198397754,0.852198849614757,0.0597900390625,7.1E-05,0.5864501953125,7.66E-05,-4293.669142
144.622738854705,0.369079992373231,73.05,0.780053503946095,45.66,0.759457098236642,0.828938438713693,0.0347900390625,4.6E-05,0.3614501953125,5.16E-05,-4291.024491
8.740234375,0.552001953125,73.05,0.680908203125,45.66,0.715576171875,0.159423828125,0.0847900390625,9.6E-05,0.8114501953125,1.64E-06,-22671.252826
15.5596267382594,0.257291915548453,73.05,0.009445849334917,45.66,0.35787680728874,0.586434163788177,0.0238525390625,4.76E-05,0.6005126953125,8.13E-05,-5666.487959
119.667150660923,0.843637865359571,73.05,0.360639186594419,45.66,0.98689463045731,17.3825879544881,0.0738525390625,9.76E-05,0.1505126953125,3.13E-05,-5506.392952
332.381872638461,0.004226784138199,73.05,0.238289772630183,45.66,0.159842606503194,0.328787367258885,0.0488525390625,2.26E-05,0.8255126953125,6.32E-06,-9999.324286
172.17586535447,0.435955378998135,73.05,1.15818068570857,45.66,0.982514668492063,0.773597475931139,0.0988525390625,7.26E-05,0.3755126953125,5.63E-05,-4301.461344
144.628233088752,0.369090028126975,73.05,0.780156309926725,45.66,0.759505260701859,0.828918947817555,0.0613525390625,3.51E-05,0.7130126953125,1.88E-05,-4291.025268
748.774893389811,0.617278291898837,73.05,0.609070758377423,45.66,0.243204039583999,0.283421025419767,0.0113525390625,8.51E-05,0.2630126953125,6.88E-05,-9960.198742
144.631714590593,0.369085105470156,73.05,0.780202939199387,45.66,0.759508098411331,0.828922132496001,0.0863525390625,1.01E-05,0.4880126953125,9.38E-05,-4291.024651
30.6444609684918,0.703294444059017,73.05,0.374234405799511,45.66,0.513258409742339,1.40237293610226,0.0363525390625,6.01E-05,0.0380126953125,4.38E-05,-12192.708603
2369.79221806768,0.001978379436326,73.05,0.532239727105983,45.66,0.46804841483278,1.31109258525999,0.0801025390625,2.88E-05,0.0942626953125,7.51E-05,-4673.457795
267.012076111179,0.670323950825087,73.05,2.07875274846325,45.66,0.997704497642064,1.39021659335833,0.0301025390625,7.88E-05,0.5442626953125,2.51E-05,-4469.638242
401.887195297462,0.315843357879262,73.05,0.94381849833027,45.66,0.177571688194349,0.3273879237984,0.0551025390625,3.83E-06,0.3192626953125,7.32E-08,-9986.804115
88.4926128767574,0.819437808722638,73.05,0.442455956872626,45.66,0.67435600163796,0.767146836413337,0.0051025390625,5.38E-05,0.7692626953125,5.01E-05,-8490.488524
78.6207237821167,0.442046641202806,73.05,0.558307104366869,45.66,0.543799181190497,0.652011440839131,0.0426025390625,4.13E-05,0.4317626953125,1.26E-05,-6602.718035
1330.12270506806,0.967529462758226,73.05,0.026089908948589,45.66,0.296722274678627,0.321412100635541,0.0926025390625,9.13E-05,0.8817626953125,6.26E-05,-9990.580257
144.621540955037,0.3690741286713,73.05,0.780047604543257,45.66,0.759468525895923,0.828944780128456,0.0176025390625,1.63E-05,0.2067626953125,8.76E-05,-4291.024062
25.3922325394387,0.693179502122883,73.05,0.321212863980095,45.66,0.293215106967818,0.89358257246447,0.0676025390625,6.63E-05,0.6567626953125,3.76E-05,-14484.440283
18.115234375,0.223876953125,73.05,0.415283203125,45.66,0.012451171875,0.112548828125,0.0894775390625,6.95E-05,0.6848876953125,7.19E-05,-22671.252826
641.511501235276,0.50352458249245,73.05,0.83806223015334,45.66,0.585062221483344,1.22259388204294,0.0394775390625,1.95E-05,0.2348876953125,2.19E-05,-4637.318998
