time,S,E,R,I,H
1944,87531.466,560.6357,1546060.346,402.3514,265004.7898
1944.03832991102,89244.64468186027,532.4925590761572,1547023.2963746802,321.71100550822933,265967.7448162728
1944.07665982204,90690.15186868975,630.6383320527715,1547989.0359211117,372.40821624201084,965.7441908202153
1944.11498973306,91918.74105737939,750.4118720705515,1549124.5217624444,441.39355877194754,1135.490488863109
1944.15331964408,92874.42102189802,900.4580281261984,1550477.5081216833,528.259187151337,1352.9910104903363
1944.1916495551,93495.55996073973,1085.3053455444845,1552102.189601919,635.9137544910848,1624.6861359413863
1944.22997946612,93715.76641696601,1307.6696420819205,1554060.087662174,766.5114409719391,1957.9027213210966
1944.26830937714,93470.79559352218,1566.396109964539,1556416.3763474599,920.2778064338557,2356.2933528089097
1944.30663928816,94047.13481715228,1110.9834394400532,1558939.844767087,792.4377245955659,2523.4730946887157
1944.34496919918,94367.38851210837,1282.8026757009475,1560992.657850762,756.8507963280189,2052.8177655094237
1944.3832991102,94165.80606608743,1529.1779739884887,1563306.3985812427,900.3604959580965,2313.7454187523763
1944.42162902122,93479.97641187973,1799.7335570720672,1566052.8493626465,1063.9712638286883,2746.4554772563943
1944.45995893224,92289.17110281393,2081.7158858565886,1569274.8329832258,1238.3422974771854,3221.98832537985
1944.49828884326,90615.78852007548,2351.89274714255,1572985.8887915593,1410.7680803599526,3711.060523538873
1944.53661875428,88535.07483152921,2580.850774644911,1577157.347814535,1564.0847840296117,4171.463750024034
1944.5749486653,87966.8995690999,1730.1447819489208,1581333.2887392603,1272.7893758924113,4175.945664635213
1944.61327857632,88618.42316649543,1102.5648991590695,1584221.1041961478,819.5386617448444,2887.8202074862093
1944.65160848734,89902.30883539944,710.0956333387395,1586074.1284703142,526.3506377446392,1853.029031766906
1944.68993839836,91592.02345898926,454.8247948757989,1587268.9036938648,341.1284782431061,1194.779985649647
1944.72826830938,93025.70231881805,554.5823388210437,1588179.2702996305,334.06651382654275,910.3713708931623
1944.7665982204,94351.95552104156,626.3943957416583,1589169.6648252655,375.0919701413562,990.3992935863951
1944.80492813142,95515.81224024747,714.2087608735732,1590289.0774172372,426.23773091663884,1119.4173630824018
1944.84325804244,96891.81092229727,555.6553414732745,1591510.7745831301,402.06893547266355,1221.7019405651904
1944.88158795346,98032.44792563263,701.4215066023053,1592617.8296688325,416.3285104387609,1107.0598638394215
1944.91991786448,98980.456455741,823.0910890501204,1593878.3130600436,486.62903186212117,1260.4881728685375
1944.9582477755,99662.2459911417,969.6233851943343,1595357.3344132788,572.492068350837,1479.0261389931713
1944.99657768652,100588.19394502084,784.3741080857371,1597021.1497371523,553.9284850753464,1663.8201144159232
1945.03490759754,101792.24107669915,735.8253842787473,1598355.3284204453,442.946007401273,1334.1834784141488
1945.07323750856,102583.7331075477,892.0557654725216,1599698.6248081822,523.3660172559873,1343.301186730803
1945.11156741958,103051.30864365086,1073.521900862772,1601307.7130004654,629.4191592792039,1609.092995690353
1945.1498973306,103130.19027214682,1289.100401577589,1603243.0591819703,756.5400505504947,1935.3509902169192
1945.18822724162,102762.78374891955,1537.2947060741722,1605563.9257926375,904.5570568113942,2320.871425750628
1945.22655715264,101904.58939033732,1810.8682710992193,1608325.2354106894,1070.2838267448421,2761.3144407491814
1945.26488706366,100537.76191527591,2095.0127973863255,1611567.1694887641,1246.1924881258078,3241.9389097727394
1945.30321697468,100262.67342715769,1472.2297757293966,1614975.8259079065,1063.3115657137687,3408.661261091992
1945.34154688569,100043.41798133413,1528.4047256567853,1617601.6707000704,921.1954521174928,2625.849643115773
1945.37987679671,99319.74107075659,1720.358758672299,1620334.4178580535,1033.5635512666229,2732.7520168033725
1945.41820670773,98272.30596729745,1902.1593671885562,1623390.8935151193,1148.8589650549118,3056.4805245714388
1945.45653661875,96933.77192493435,2064.54710363933,1626759.6294875066,1255.1500708526967,3368.7408495412233
1945.49486652977,95364.94151558423,2193.228816099162,1630403.0071701424,1343.546053763769,3643.3825703240313
1945.53319644079,93648.79531822084,2275.665593646183,1634258.9215935515,1405.7102152323746,3855.9193223694265
1945.57152635181,93156.6846804761,1543.9406425280877,1638017.067992136,1148.5127669978779,3758.1513092025853
1945.60985626283,93892.72768329964,945.6370685828888,1640583.4396898302,714.2591983611806,2566.3766179200334
1945.64818617385,95199.89237584842,586.407900724153,1642170.6043759342,441.7607419754143,1587.169612446812
1945.68651608487,96855.03205025793,367.5199494753028,1643155.8434267943,275.6159188543223,985.2439809902068
1945.72484599589,98384.09225553914,407.59588039266873,1643860.2795308891,250.1338259744014,704.4410366568072
1945.76317590691,99856.00186375076,437.69628669390295,1644582.5170879746,266.7205983264098,722.2424917632353
1945.80150581793,101254.38821658114,475.2309798204654,1645358.5027718754,288.39240897578935,775.9906208239112
1945.83983572895,102767.00579696399,382.39849812750055,1646180.1721930774,273.26062616983506,821.6743605436176
1945.87816563997,104211.17201295972,439.9338606507237,1646905.5420335815,265.25614083417236,725.3747821622148
1945.91649555099,105550.36243678037,495.4841323436299,1647690.8586872986,297.0099219151368,785.3215976185774
1945.95482546201,106762.90908481422,563.1118142872887,1648575.8158631288,336.43374306408134,884.9621222326333
1945.99315537303,108078.59995718859,470.16401847583865,1649555.0800378881,331.7260153647555,979.2691239837949
1946.03148528405,109630.64613234134,404.09056439552,1650341.51996804,249.35708445005173,786.4448820942725
1946.06981519507,110958.75643377069,482.2086736500122,1651082.4824820089,284.9540768172441,740.9674681129248
1946.10814510609,112125.27366501394,571.7606953011084,1651950.149138816,336.7502808674042,867.6716133546806
1946.14647501711,113088.08043981009,682.8196549485426,1652980.0836302012,401.22636554388714,1029.9394507719887
1946.18480492813,113801.96655161201,819.4126728806046,1654211.0750061122,480.7763671806221,1230.996338679368
1946.22313483915,114215.09042340264,985.3067551165144,1655688.7715345686,577.8265887766074,1477.7014952769978
1946.26146475017,114271.07818729557,1183.0837359706281,1657465.050964262,694.2913152331262,1776.2844013839922
1946.29979466119,114736.57927228164,914.8156516680864,1659453.6299982725,647.7323782773387,1988.5840114667085
1946.33812457221,115326.80761993951,944.5732783009918,1661053.2722027637,560.1014940953174,1599.6471873633295
1946.37645448323,115432.0550911121,1141.3309066464062,1662766.695661492,669.4144273330361,1713.4284464290608
1946.41478439425,115134.32726945505,1366.5938164467352,1664823.157373575,802.9033154977886,2056.46670542421
1946.45311430527,114378.61535931149,1621.570537782184,1667281.1811789456,955.8445842544265,2458.0288054725615
1946.49144421629,113128.16939263314,1897.586212161114,1670190.3175237936,1124.112613974002,2909.1413529934966
1946.52977412731,111374.91419699867,2178.743250536535,1673582.869889444,1299.3766848218556,3392.5573832474406
1946.56810403833,110308.31144540907,1699.2057923551329,1677299.3292569497,1217.5200033202416,3716.464395938756
1946.60643394935,110550.9995653054,1115.4527619111382,1680121.7664267812,817.3544172843652,2822.4422083125746
1946.64476386037,111399.79297459414,740.0660078508317,1681997.860310673,541.8047484487923,1876.0989293345478
1946.68309377139,112647.06954005882,494.3830022677593,1683243.853976491,360.91259009323534,1245.9987158791682
1946.72142368241,113736.41891956443,563.172653074045,1684169.4335777198,336.63322297643356,925.5846544331271
1946.75975359343,114638.94923196633,651.7089923191845,1685179.947985304,387.2356252707075,1010.5194636479231
1946.79808350445,115348.36839365898,757.1303491567409,1686348.1742392043,449.09651148960154,1168.2313132253407
1946.83641341547,116104.475321431,680.2601953381247,1687684.7940653476,470.91176718677235,1336.6248892448223
1946.87474332649,116800.10896699846,777.9679625167992,1688931.395132457,461.38534029286325,1246.6061341136174
1946.91307323751,117205.58971874653,916.1167798743525,1690331.0648172349,541.2463365609713,1399.6747556968323
1946.95140314853,117319.3886753415,1077.3657053974316,1691976.542560822,636.6251582177923,1645.4828190655921
1946.98973305955,117492.49164252613,973.3759306277092,1693879.9667680946,672.7364031247113,1903.4292881021388
1947.02806297057,118245.24035883964,790.3234603377385,1695486.848433201,497.5513338441407,1606.8867513782525
1947.06639288159,118534.9244226852,957.9095003490713,1696955.8781314574,565.3885708554369,1469.0347889599254
1947.10472279261,118525.19187528046,1130.6010280918022,1698677.8396395198,667.3493188778648,1721.9666035332864
1947.14305270363,118158.78142275005,1328.3927155322099,1700708.0324553878,785.4007018431859,2030.1979169579422
1947.18138261465,117396.87620441245,1548.2281962513482,1703089.7954295252,918.0770964090109,2381.7680818382814
1947.21971252567,116213.93215426312,1782.7925475737081,1705859.6152334078,1061.7508198017842,2769.824919305887
1947.25804243669,114606.64127957923,2019.6986929438017,1709039.7901145678,1209.8186937887458,3180.180005508927
1947.29637234771,113673.98900379724,1556.5760458354164,1712476.8647309274,1119.121223559481,3437.0797507964
1947.33470225873,113292.37105466636,1446.47535071535,1715145.124182245,885.9268371615582,2668.2645950366245
1947.37303216975,112404.4822819094,1599.772297167101,1717733.7595479593,967.9739158712832,2588.6405170883777
1947.41136208077,111273.74170150337,1737.4242797667223,1720567.9768414467,1055.680035781288,2834.222452996998
1947.44969199179,109922.3853392371,1859.737527434843,1723638.465859522,1135.8131453899614,3070.4941864504226
1947.48802190281,108393.17135242281,1958.2158180527006,1726916.385135009,1202.952776701465,3277.924453396985
1947.52635181383,106742.37040012682,2025.2390855700814,1730358.1210289407,1252.0619756864396,3441.741081939271
1947.56468172485,105889.32214009391,1491.715171565295,1733799.879009756,1096.6877746067537,3441.763179280803
1947.60301163587,106312.83969623473,908.2580478734093,1736262.6924160463,686.3697391456923,2462.8186138110855
1947.64134154689,107284.46551418399,561.1769744077999,1737786.3923011445,423.4251104456381,1523.7050984954021
1947.67967145791,108592.05881983653,349.6949854247235,1738728.834563658,262.9157297697822,942.4474795397964
1947.71800136893,109885.1765494072,346.2483547654714,1739358.764448864,214.10314180633804,629.935104510929
1947.75633127995,111101.92940458747,368.1604109815515,1739972.4602124095,225.2750606858078,613.7009846777149
1947.79466119097,112265.1188415834,394.6087785157438,1740623.8135284956,240.5607315803462,651.358539114108
1947.83299110199,113456.21021686392,353.5247749200517,1741318.7578940718,244.6299835415783,694.9495906273856
1947.871321013,114707.97174629502,355.5428790276019,1741935.0647020875,216.30872848292083,616.3120350614544
1947.90965092402,115848.3492585667,394.25983515125967,1742569.0670537935,237.7212930948355,634.0075805942708
1947.94798083504,116900.33031194501,440.4217369993059,1743271.2087435808,264.69023057210563,702.1469206765157
1947.98631074606,117956.07201643745,409.1628551134254,1744051.618624371,279.7953074650033,780.4151139064912
1948.02464065708,119295.84747260746,298.9281325089889,1744716.440876537,198.17429984298414,664.8274875283338
1948.0629705681,120459.97396218735,359.1967903523417,1745281.9229040337,213.78330087531336,565.487264631273
1948.10130047912,121521.23575719977,417.8956770272536,1745926.2552330585,247.72066397914716,644.3375679643862
1948.13963039014,122447.61879077778,490.1076601250698,1746676.6299518757,289.72550018895527,750.3799598435652
1948.17796030116,123209.96593175,578.7644800636267,1747557.6988612355,341.37139953027656,881.0741528268967
1948.21629021218,123773.66412808074,686.9936382271202,1748599.0582174389,404.54765637338676,1041.364602547778
1948.2546201232,124098.51933034029,817.9507277515962,1749835.7676681746,481.2330793440992,1236.7147004904734
1948.29295003422,124530.2925878092,706.3860094478914,1751265.9392680968,492.8043037207523,1430.1768537139392
1948.33127994524,125226.83841377796,663.2895995435757,1752461.4174500518,398.572267160006,1195.4834397799505
1948.36960985626,125546.16740266352,806.1638406444328,1753672.6215707045,472.6046759963429,1211.2093819609638
1948.40793976728,125570.2873495436,971.2229774977682,1755126.9742960627,569.2568244193168,1454.3579906513844
1948.4462696783,125240.86654274608,1167.0336872500254,1756878.0344096287,684.7349634741205,1751.065383655701
1948.48459958932,124503.31378606448,1393.7486245643568,1758979.659015174,819.6205309520343,2101.6298814040324
1948.52292950034,123310.08604710028,1647.5160167585639,1761484.72975373,972.4367379592976,2505.0760213139392
1948.56125941136,122299.8124221818,1443.0137672952187,1764376.8781584124,1006.2866161712445,2892.1536956000446
1948.59958932238,122403.03378159393,968.5301840994069,1766757.162490214,701.3192932566649,2380.289630894521
1948.6379192334,123000.73587812485,660.3700701990301,1768388.0973901923,477.9942797787802,1630.9402050292467
1948.67624914442,123936.30116211828,452.87965391302635,1769501.2986916697,327.0486238836654,1113.2066105962122
1948.71457905544,124833.31888722147,477.4785418245251,1770306.9892495254,283.746315600126,805.6958697794167
1948.75290896646,125499.5068303168,572.3976206231205,1771171.1592747208,336.3543804352954,864.1753395572163
1948.79123887748,125958.8656844971,686.8524141118004,1772203.0753161062,403.00936381863085,1031.921358583172
1948.8295687885,126320.58334010708,699.3072895654439,1773436.682486133,462.57770016388525,1233.6124906213397
1948.86789869952,126794.41797997667,727.6522204128343,1774630.548762928,429.4333863931918,1193.871601108848
1948.90622861054,126890.95361154586,883.5715309887556,1775949.7781382536,517.0584858791709,1319.234703322851
1948.94455852156,126659.55220212165,1068.0479021841354,1777544.5989176948,625.3682192438046,1594.8261117972006
1948.98288843258,126281.48295909104,1087.998757891585,1779462.6694146409,719.7855207204556,1918.075834568053
1949.0212183436,126691.0067211218,764.3215022280594,1781220.434703537,529.1088491910718,1757.7706322526287
1949.05954825462,126564.83898161973,987.1225229920313,1782726.927262161,579.1143127091785,1506.49790669708
1949.09787816564,126120.28128461466,1187.1256136309642,1784507.852280404,696.4721416272112,1780.9303712101541
1949.13620807666,125271.36215982433,1417.4020760123888,1786645.5411873881,833.6242744661929,2137.694265817547
1949.17453798768,123971.8081782102,1674.1552317926107,1789192.7339986402,988.45238452923,2547.1981771034543
1949.2128678987,122194.81649883366,1947.508079525809,1792192.9277956882,1156.071335788623,3000.1991712149706
1949.25119780972,119942.29307365825,2220.9117027283082,1795670.5338719974,1327.6340672486465,3477.611460194023
1949.28952772074,118103.7309773669,1871.1193965843474,1799541.7662994424,1322.4172469270202,3871.237822453798
1949.32785763176,117376.97067815793,1536.701084623578,1802646.1503856063,966.0236267143355,3104.389491938409
1949.36618754278,116048.56230966753,1708.5850375184489,1805430.1941344212,1035.8045081923863,2784.0491630996935
1949.4045174538,114513.02140529978,1843.367845969262,1808454.038153635,1122.7756164181224,3023.8494422056133
1949.44284736482,112794.8939914789,1956.4250537167827,1811707.155293112,1198.5144122881231,3253.1225718960854
1949.48117727584,110950.15706274347,2039.7473813849542,1815150.0081485705,1257.4619131000068,3442.8582979375324
1949.51950718686,109043.85007181698,2087.000924996361,1818729.068513213,1295.1862914565531,3579.0658176736215
1949.55783709788,107669.18012481848,1698.593152263346,1822348.6738442823,1216.8898704794508,3619.610794958522
1949.5961670089,107846.8018547119,1012.0424503553375,1825105.953283753,767.9863154296994,2757.2849132184347
1949.63449691992,108667.85713257377,617.5919971434524,1826802.2667660106,468.4230669777474,1696.3189625781135
1949.67282683094,109897.57933004489,380.23856392734115,1827839.0848216596,287.3635981567506,1036.8235399888617
1949.71115674196,111237.24600336782,334.6781617892348,1828497.0595122864,210.13930709908274,657.9801774389313
1949.74948665298,112520.33809932838,352.5289168974643,1829092.2055318304,216.72069380223218,595.1515081761562
1949.787816564,113796.33810158448,373.6076701685986,1829714.8807418318,228.63534512381662,622.6807004571243
1949.82614647502,115094.48046140626,364.9172061438996,1830375.5125521352,240.46742493943356,660.6373026824259
1949.86447638604,116577.2198435912,322.7109286983134,1830969.732154975,198.46797267121252,594.2250971465013
1949.90280629706,117971.32472578333,357.95765867651056,1831547.565569108,216.03996165825959,577.8389101528925
1949.94113620808,119324.21824097243,400.11458323203,1832185.2129876344,240.36685520974194,637.6529163661038
1949.9794661191,120663.43601297482,411.2365193355826,1832898.8377809103,266.5285025373408,713.6302931386681
1950.01779603012,122355.39857872407,265.9680904010844,1833549.0977226438,192.9299202379284,650.2654437181839
1950.05612594114,123910.1331355471,334.6380666636878,1834077.1571022475,198.4213969862087,528.0648832957537
1950.09445585216,125401.58326480491,396.3137136818509,1834679.590958008,233.48151404668013,602.439361131206
1950.13278576318,126786.8159711199,475.377735176379,1835394.1366810624,278.81600392880813,714.5512303942531
1950.1711156742,128025.42205343426,577.1640123980887,1836253.0783538204,337.17246195365317,858.9471824491044
1950.20944558522,129065.3031955718,708.0970403211611,1837297.8899164796,412.2697351458321,1044.8170751968116
1950.24777549624,129840.83173186483,875.8998839707393,1838581.620513507,508.6514149204695,1283.7361130441518
1950.28610540726,130567.12260070968,862.3789520623767,1840153.2822610901,579.742942928579,1571.6672678873467
1950.32443531828,131781.13278728953,738.8499543624955,1841575.6047212793,453.7410023114154,1422.3279851507396
1950.3627652293,132488.2252926759,960.396264646621,1842964.7664168947,553.4019184667574,1389.1672246237665
1950.40109514031,132770.5896249099,1223.3374849198449,1844715.7644826984,703.8005302383873,1751.0035994905684
1950.43942505133,132489.60990166804,1557.4604915289337,1846945.4226179256,896.4033718402002,2229.6636748579904
1950.47775496235,131503.22246369117,1970.438564739494,1849780.438806554,1136.8739747633417,2835.021735825926
1950.51608487337,129676.17782724414,2459.4179536632864,1853357.6172371907,1425.9980564082184,3577.1839874228745
1950.55441478439,127468.64288448522,2542.150979809179,1857785.0146683198,1675.3757569644497,4427.402999923096
1950.59274469541,127184.52574661297,1732.751294379531,1861890.7956368981,1238.1721811598825,4105.786550702216
1950.63107460643,127743.80046873583,1216.5501143425947,1864811.9405919884,869.848474138671,2921.1505476981156
1950.66940451745,128917.0552576943,860.6505033989475,1866866.6516255508,613.5671868070285,2054.7166335580364
1950.70773442847,130144.14817561484,870.6762904714586,1868362.8836097524,514.082738104513,1496.2375894255345
1950.74606433949,130850.196378742,1097.6455964106676,1869959.4904407938,635.0295318997635,1596.612440741945
1950.78439425051,131076.21328978325,1379.5751540280103,1871955.4129519295,797.1893776005319,1995.9281261991425
1950.82272416153,130737.47766769749,1687.014441741072,1874463.1152125208,1000.4358803531452,2507.707882384203
1950.86105407255,130868.7551088492,1619.9205258783961,1877140.7067771715,951.1349646652903,2677.5971944361127
1950.89938398357,129959.80559795204,2037.307227610223,1880106.3412101872,1180.2577500627378,2965.6400710389685
1950.93771389459,128222.54439106605,2514.111905466535,1883797.2421723125,1463.1744198509298,3690.906610101019
1950.97604380561,125645.29900264941,2960.61552273432,1888333.1881019103,1779.3250121572403,4535.951589893659
1951.01437371663,125247.38865559163,1933.2279582403683,1892881.5167286382,1385.1495689299297,4548.334301186045
1951.05270362765,123881.88275848073,2338.469259772017,1896578.1256900453,1383.0963326123979,3696.6146479033887
1951.09103353867,121801.98721023812,2725.759080620304,1900775.1381939028,1617.8127415018491,4197.018202060378
1951.12936344969,119067.0562838873,3100.311151535832,1905640.022161116,1855.4688512556309,4864.889679013665
1951.16769336071,115768.64415582623,3423.5189186335183,1911144.6388353636,2070.3874303765624,5504.622401625004
1951.20602327173,112076.7089880338,3652.169061206776,1917187.7602639745,2235.6737298209455,6043.1271733507265
1951.24435318275,108221.22597194502,3752.4205403573,1923595.664112044,2327.6746443072266,6407.90961154576
1951.28268309377,105081.22224053719,3195.2659930486875,1930120.4500034654,2243.353004643308,6524.791674393555
1951.32101300479,104650.49909301226,2058.727456918905,1935232.2967676064,1439.1267372970217,5111.852565140637
1951.35934291581,103691.72783855558,2083.420276370835,1939024.335943426,1317.990971042514,3792.04498966228
1951.39767282683,102915.87656002182,2008.1212935414972,1942652.4426016456,1272.5811740705465,3628.112483157237
1951.43600273785,102288.32124376175,1921.579172131862,1946144.3360777467,1220.631020298057,3491.8993117279724
1951.47433264887,101816.44522011366,1829.1491995204626,1949483.6318626134,1164.0354935540688,3339.301630748467
1951.51266255989,101502.49260888317,1734.8687145563692,1952661.033153005,1105.4032011541424,3177.4071460536043
1951.55099247091,101499.77097986272,1501.0558228905702,1955672.1731077563,1031.8889467079032,3011.1458197028137
1951.58932238193,102866.43081788834,846.6065914284092,1958031.8523856371,651.1287113969162,2359.6851511245104
1951.62765229295,104737.60157488259,502.59545516819264,1959450.176890218,385.6029106203422,1418.3303834022313
1951.66598220397,106914.79125611785,303.59489959207167,1960294.3938970605,231.30268175114915,844.2228889813545
1951.70431211499,109189.75651189848,243.00048154621192,1960810.8482516673,155.964275475044,516.4602387363169
1951.74264202601,111381.22386601171,256.08056271858186,1961246.5916042284,157.71870123944166,435.7492380624841
1951.78097193703,113531.92764317732,272.21910704721813,1961699.3187068675,166.33983054497202,452.7329894686811
1951.81930184805,115626.56556964532,295.46052143358173,1962182.051533319,179.23447344700938,482.7387146817605
1951.85763175907,117834.19752302703,246.92619139928848,1962647.9325869062,152.86667024839716,465.88694327497444
1951.89596167009,119918.26874915474,282.54585357369996,1963095.1555239465,168.9796232352225,447.2288280606166
1951.93429158111,121911.03460893496,326.17126275055796,1963601.321223965,193.73720669921636,506.17159246454844
1951.97262149213,123786.10596919221,383.50171114912075,1964187.4109465901,226.38687829104572,586.0956167056232
1952.01095140315,125888.60906712338,258.76054504232957,1964786.1846356767,184.71747068294573,598.7795850013462
1952.04928131417,127886.1105604266,305.3100634200172,1965266.598048214,178.63921520546532,480.41931003875413
1952.08761122519,129715.85273110346,380.35527872658747,1965821.923864199,220.3580128837561,555.3317150099873
1952.12594113621,131351.64304380308,480.7223371401566,1966514.3643939747,277.0578728233399,692.4464306623552
1952.16427104723,132731.29079115737,616.0150192362559,1967391.7850102538,353.47346984527724,877.4265195083036
1952.20260095825,133772.01393157474,798.0877652899309,1968518.4839574546,456.3914457460593,1126.7048534176822
1952.24093086927,134365.17161322339,1041.5148616457268,1969980.2076681543,594.3317072176717,1461.7296207765717
1952.27926078029,134522.4797182626,1229.0422759723772,1971886.8343293995,763.1536287354858,1906.6325763484515
1952.31759069131,135387.64816820683,955.3662477461271,1973845.1528584552,618.1268802489436,1958.3244501974077
1952.35592060233,135387.6658436808,1330.411551538377,1975720.6560695663,757.0388284582655,1875.5091377879482
1952.39425051335,134659.5049789051,1751.5519986155225,1978162.1577776198,997.4766220781952,2441.507641144437
1952.43258042437,132981.47986708742,2278.7886388492293,1981367.6840494985,1303.298587003194,3205.5322133979657
1952.47091033539,130183.52895146447,2902.1374687350285,1985520.3038181337,1672.470384221003,4152.625721152158
1952.50924024641,126174.43071517353,3577.570227372067,1990775.1434645609,2085.3890309622657,5254.84561303086
1952.54757015743,121308.68291947304,3950.5376570007948,1997196.9177681194,2478.466808623352,6421.780287686456
1952.58590006845,119522.87937575488,2531.0970459186974,2003353.1594889117,1837.9768321982763,6156.2477245639175
1952.62422997947,119023.00204036928,1688.4413171111432,2007600.520342731,1232.9348341951295,4247.366873144114
1952.66255989049,119440.36272465557,1128.9694614151435,2010441.37680254,823.904790865375,2840.8624896321708
1952.70088980151,120225.87116240917,943.6169082913084,2012354.0865399553,591.2170336624416,1912.7157742610916
1952.73921971253,120529.13010749947,1109.1218517149866,2014087.9196264043,660.0570306405064,1733.8391285415755
1952.77754962355,120534.1892351839,1279.9342094432252,2016073.9540711255,761.1592976170396,1986.0404923762285
1952.81587953457,120188.53596833376,1474.2184064551325,2018364.5021137525,877.3868489488083,2290.5540966885037
1952.85420944559,120358.32264217349,1261.3542503063406,2020748.6330291894,784.3360975766241,2384.136976693816
1952.89253935661,119980.83810885294,1476.2869996587451,2023057.529541518,879.3521498232137,2308.902580459058
1952.93086926762,119235.6638661732,1688.9219501670168,2025696.5564235293,1007.7480685152669,2639.032957546697
1952.96919917864,118088.00015498424,1913.970428890882,2028710.0393020574,1145.9170428551274,3013.488962539584
1953.00752908966,118060.85667906122,1298.546875630154,2031779.2949384458,942.6019111888421,3069.261729788193
1953.04585900068,118049.43577794595,1342.63075498105,2034097.0518937164,810.3529001921773,2317.7630566775665
1953.0841889117,117587.82684087954,1515.951595072457,2036499.5167393065,909.3708080486417,2402.470953922613
1953.12251882272,116806.11693400325,1696.3232542007074,2039198.898447603,1019.8279134299958,2699.387824277961
1953.16084873374,115696.03680938751,1880.4480574016693,2042214.3864850558,1134.360248946728,3015.494162006995
1953.19917864476,114269.09931030146,2058.54814281518,2045549.954652749,1247.396328813421,3335.57430177869
1953.23750855578,112558.22136520964,2218.6970633425135,2049191.8720855704,1351.9164758281686,3641.92357738332
1953.2758384668,110681.8156136521,2286.389772877883,2053105.4028790276,1438.8039180477062,3913.5369493676285
1953.31416837782,110718.14559794978,1360.8262000781003,2056607.2009202717,1014.1013287534039,3501.804208665317
1953.35249828884,110146.65566666619,1534.5844614878968,2059257.6697628635,945.4023714716113,2650.4750189542783
1953.39082819986,109514.80399869075,1601.1164628074623,2061962.2006888306,986.452967255571,2704.5371103068965
1953.42915811088,108780.8902954992,1658.0678594107649,2064778.1047053447,1023.9995109450084,2815.9102091402688
1953.4674880219,107963.9188315579,1703.915977979087,2067690.6623001606,1055.210670727468,2912.5637960424706
1953.50581793292,107087.60394036151,1736.402205394998,2070679.9215942137,1078.5581964257037,2989.265504141894
1953.54414784394,106178.34722783019,1753.9022857710333,2073722.1329309442,1092.8758935252217,3042.2175558766626
1953.58247775496,106748.22392456364,1012.1755080141461,2076384.4510817954,763.0952449837574,2662.3243788192503
1953.62080766598,107893.9798215302,622.1535946213443,2078078.273138131,470.0445577686141,1693.8282907943878
1953.659137577,109414.6513274189,387.35884853284574,2079123.349792955,291.3084316235859,1045.082893311744
1953.69746748802,111118.20004852861,282.4993692871141,2079775.547901996,188.30159485892608,652.2043500258926
1953.73579739904,112707.13844769944,312.45206256337843,2080297.7367077721,190.6662545381717,522.1950484461818
1953.77412731006,114249.03840326707,339.79632448240875,2080852.0773914568,206.0675630138884,554.346927960968
1953.81245722108,115724.02703311884,375.021262713939,2081456.1309046478,226.2562680614971,604.0597592035938
1953.8507871321,117347.29403392605,301.57057867062366,2082067.724765694,194.7599317501274,611.6001089253201
1953.88911704312,118844.5086557224,353.4355275435296,2082627.6321567337,211.11050054199276,559.9136406348363
1953.92744695414,120245.95452241773,408.15862178234823,2083260.839807303,242.4885566851346,633.2139019463966
1953.96577686516,121520.31601546812,477.4150034059904,2083993.4822797324,282.4045567814226,732.6487258495024
1954.00410677618,123018.16992024778,345.9590306606746,2084774.2915194684,246.797412159223,780.8154954854411
1954.0424366872,124541.16212272347,357.93686141957795,2085381.0710617353,212.10662983754244,606.7858000950724
1954.08076659822,125868.14465334191,438.62737112927175,2086032.2077460228,255.83792160047915,651.1429439462094
1954.11909650924,127009.74317622182,541.4127543462932,2086827.1678614758,314.56559058786877,794.9663772716277
1954.15742642026,127910.8907656979,674.737416159919,2087810.0971934954,390.82892970507095,982.9355964939982
1954.19575633128,128503.00237015354,846.7877432439315,2089036.6316323543,489.43808735210087,1226.540706632893
1954.2340862423,128701.59538855116,1066.5608754274817,2090576.897316945,615.8642253910964,1540.271956496371
1954.27241615332,128407.04830749864,1342.5451528659946,2092516.5809991262,775.5954582551855,1939.689959286324
1954.31074606434,128992.65183324931,912.1917407070611,2094571.5517500734,642.1813192048696,2054.9770342687007
1954.34907597536,128998.17836470956,1178.0085416519603,2096334.3046804857,680.8876512436793,1762.7592193122161
1954.38740588638,128433.97670640559,1487.4902460021185,2098480.063835941,858.8461857650922,2145.7654501358406
1954.4257357974,127206.18768222649,1860.2457361273362,2101181.645713717,1077.546334059727,2701.5881797026946
1954.46406570842,125212.9806724688,2290.3141587122964,2104549.9297437416,1334.1184527791042,3368.290341032223
1954.50239561944,122394.84460310116,2754.522147142395,2108678.41554505,1617.841514307981,4128.492123547442
1954.54072553046,118770.09537668912,3209.784470539353,2113614.5618964005,1906.2265899243357,4936.152687189423
1954.57905544148,117202.09457148107,2131.2934873827603,2118673.346795174,1545.8992598780528,5058.791250108617
1954.6173853525,116911.42255873009,1413.5885024073666,2122242.608996293,1034.0344381883626,3569.2685654646148
1954.65571526352,117397.06463944889,941.7838483464343,2124620.7568573183,688.3265070339789,2378.1542341793133
1954.69404517454,118342.77997835353,678.653792210952,2126206.794267286,463.31741092267634,1586.0437889866482
1954.73237508556,118905.24843607048,824.8085258170328,2127511.3084762185,491.34278331182617,1304.5205921055096
1954.77070499658,119261.53618500853,953.8344730249461,2128989.3317830204,566.7690451338292,1478.029694121529
1954.8090349076,119348.73836978865,1104.96409652047,2130698.1518837437,656.1806298414964,1708.8264928168073
1954.84736481862,119799.59794414733,894.3593362599377,2132549.391472094,599.0936776741332,1851.245985892261
1954.88569472964,119871.79012024483,1094.4551927838736,2134259.3058262356,649.3122756247758,1709.9207569402693
1954.92402464066,119652.1874519621,1274.7327209149062,2136222.5872115553,755.8406576616678,1963.287793599314
1954.96235455168,119071.480369607,1478.2769470330472,2138506.3896112246,877.8778248897343,2283.808814310594
1955.0006844627,119076.1732202753,1109.7486166342567,2140980.648795759,794.3869754388843,2474.2656064631838
1955.03901437372,119361.9105884798,1077.4171055985532,2142897.7077983916,649.1942521846335,1917.0654311995822
1955.07734428474,119162.53906436307,1257.4225664517087,2144843.408640673,746.5483826258101,1945.7072764640297
1955.11567419576,118619.35237524484,1453.5300263022805,2147095.0690698386,864.1174487641832,2251.6668696334814
1955.15400410678,117696.27218257968,1667.9794864948183,2149694.243306692,994.2646664931859,2599.180684593162
1955.1923340178,116375.38776837771,1892.8666907059933,2152670.902918631,1132.855102961459,2976.6660680403693
1955.23066392882,114660.99716967215,2115.852608171867,2156039.892787386,1273.149642741465,3368.9963343751638
1955.26899383984,112586.40284994862,2320.7054055967005,2159793.4756529015,1405.826480920481,3753.58934183179
1955.30732375086,112098.0217530116,1486.2636889410976,2163443.622774608,1093.699562813234,3650.1536094755697
1955.34565366188,111488.67407650819,1548.7665639857653,2166150.8050766634,947.246556750615,2707.1887991992935
1955.3839835729,110575.16640350138,1662.3505767832894,2168895.88719074,1014.6732781345573,2745.0886192713697
1955.42231348392,109486.30385012085,1763.1093275669368,2171829.957338848,1079.9969637405522,2934.076661824479
1955.46064339494,108248.36104496507,1848.197075918092,2174935.9409275316,1136.8529798929856,3105.9901114686013
1955.49897330595,106898.87380791848,1912.270296628299,2178185.1368461754,1181.7441331042262,3249.202450975355
1955.53730321697,105482.79209556292,1951.0735601452143,2181539.7612977154,1211.73872733142,3354.630993793866
1955.57563312799,105307.43556308061,1253.4104429446934,2184691.8301320095,938.6743836046037,3152.0753865409774
1955.61396303901,106066.62915833679,767.6332339286364,2186781.4202350914,580.2837845309159,2089.5966632338327
1955.65229295003,107294.26421512489,476.0676931116146,2188070.224809645,358.62936759869154,1288.811139679609
1955.69062286105,108799.45263369322,307.2946043591472,2188870.191798979,224.0636929766551,799.9735575341313
1955.72895277207,110172.99190262613,349.2568236537021,2189465.153604134,213.99155400096447,594.968375358066
1955.76728268309,111511.59936930051,375.923723106644,2190083.9872875274,228.84499068584876,618.8402554057874
1955.80561259411,112788.84030598421,409.805026152513,2190750.9048782554,248.32209328329787,666.9241646649496
1955.84394250513,114196.90003598027,322.53412003657354,2191448.549871446,225.9573016133004,697.651569203664
1955.88227241615,115502.72793422324,384.01870500646976,2192071.013051625,230.79629748343447,622.4697581520263
1955.92060232717,116727.89809652898,436.01288873490563,2192757.217791114,260.5851003380931,686.2113194125272
1955.95893223819,117837.47417631149,500.59566062906833,2193537.331883851,298.0141386776902,780.1206748543151
1955.99726214921,119086.85103569867,398.9526450114226,2194394.6733151437,283.185528854383,857.3480159005053
1956.03559206023,120486.22018147296,369.8307388344483,2195072.7761005606,223.63208970874302,678.1093723686839
1956.07392197125,121685.46936356642,445.31934292539336,2195747.2683725893,261.75541346491616,674.4988609368529
1956.11225188227,122723.37223244965,536.9679189695194,2196550.945984009,314.44306400526466,803.6842025344474
1956.15058179329,123553.93263517537,653.3305570606162,2197521.4917776464,381.46991022557626,970.5523874048829
1956.18891170431,124122.95242187998,800.2913262309563,2198703.76546502,466.2966536352763,1182.2802843600439
1956.22724161533,124365.19022280583,984.1025083538134,2200152.939742392,572.7646042870451,1449.1808782928256
1956.26557152635,124205.23724592049,1210.495211838882,2201934.95501806,704.6176316839131,1782.0218814186287
1956.30390143737,124572.83845152284,903.4922460662953,2203920.4293224015,637.5027104036324,1985.4809158985383
1956.34223134839,124791.19005002681,1043.3462939515994,2205567.952612684,609.3902622338926,1647.529907245956
1956.38056125941,124482.23711198888,1291.4256637903095,2207463.75715603,750.7718529446659,1895.8111655123253
1956.41889117043,123651.46647514122,1586.1918701978277,2209801.4484230047,924.1099488025686,2337.697895473426
1956.45722108145,122217.0638091139,1926.5115114699138,2212666.4592453083,1126.9558409446531,2865.017458587564
1956.49555099247,120122.13199442865,2299.314071168951,2216134.6715055113,1353.4243638821586,3468.218905974587
1956.53388090349,117356.47250181723,2678.6778150324367,2220255.5277807284,1590.2224822281958,4120.8629323685145
1956.57221081451,115834.17019233163,1940.0763853325045,2224678.4846316976,1398.3802771259998,4422.963521258782
1956.61054072553,115672.34099689548,1288.1221690852153,2227918.7810591874,940.950830276777,3240.303109448449
1956.64887063655,116212.25043489545,861.2191410909089,2230086.234717325,628.5027793358611,2167.4603481097647
1956.68720054757,117216.84680009141,579.7160544140532,2231536.738775878,421.8609632226466,1450.510753880457
1956.72553045859,117936.25443180153,703.5666243182993,2232662.6858259058,418.6159065824718,1125.95374906778
1956.76386036961,118453.1641988568,820.6727159151226,2233926.012148867,486.2529165265933,1263.3330255492735
1956.80219028063,118722.88378576808,960.1772119245674,2235398.870777058,568.2301645400009,1472.86533487329
1956.84052019165,119143.08458835784,820.269585825434,2237075.2957814564,574.6714410896109,1676.4317158476003
1956.87885010267,119339.31929833931,999.5497537316749,2238645.478839646,591.2893336403002,1570.1897745055846
1956.91718001369,119218.91570076089,1178.8742592597748,2240443.2454990144,696.1027596891446,1797.7733806883668
1956.95550992471,118733.65882859733,1385.1195380016968,2242560.2078591185,818.8843155690174,2116.9690872854603
1956.99383983573,118473.13019412966,1180.2117922062773,2244976.752235917,827.7837390228987,2416.551110846586
1957.03216974675,118815.22639667592,1022.6124729437888,2246950.2634737114,629.0907858926009,1973.5179786064455
1957.07049965777,118611.6074569938,1218.9055799083465,2248824.319753752,721.0420687869008,1874.0630264077972
1957.10882956879,118053.46138304294,1425.0264942791748,2251011.490689734,843.9668817600004,2187.177688421359
1957.14715947981,117092.00454570734,1653.15694757314,2253564.4875699426,981.8248244352826,2553.003639750646
1957.18548939083,115702.93683515019,1895.2953091369911,2256519.820672212,1130.424529221493,2955.3398700696184
1957.22381930185,113886.11421451693,2138.0684989178862,2259898.26977945,1282.5769177425382,3378.455884540996
1957.26214921287,111674.06829232021,2363.2160278415804,2263695.951262128,1427.9122862511708,3797.6882707539485
1957.30047912389,110575.76439716661,1687.4618765996277,2267622.543749318,1231.1349729238477,3926.599287103255
1957.33880903491,109883.5957884335,1619.9322729607165,2270573.09601224,995.7013203051931,2950.559073178022
1957.37713894593,108774.26549159698,1739.6525801208747,2273450.996734299,1062.5587334962318,2877.9075408445838
1957.41546885695,107496.42821992812,1838.5727270475077,2276519.635645535,1127.750912651576,3068.645738948503
1957.45379876797,106083.7986205001,1916.4971000951466,2279755.503502662,1181.3179595689664,3235.8746943086744
1957.49212867899,104583.37833764055,1968.0796774083349,2283120.684502035,1219.5764761968435,3365.1878464716847
1957.53045859001,103048.37893131899,1989.7129339840449,2286568.2861200203,1239.8472247592827,3447.608475319525
1957.56878850103,102525.36024360615,1368.1680579445851,2289886.99916865,1020.176050082021,3318.719916283
1957.60711841205,103144.72276525243,826.56822004404,2292156.271380401,627.607153026401,2269.2790879143736
1957.64544832307,104276.02956948782,506.73998755178656,2293543.2769353534,383.6280155771591,1387.012436496753
1957.68377823409,105718.99109373118,314.1113125013416,2294394.440796081,236.6833491425899,851.170745561687
1957.72210814511,107114.97706648962,326.3408979085787,2294975.978686846,201.55174354298626,581.544777669492
1957.76043805613,108461.56221037783,346.3696103860386,2295553.6487763496,211.9637790290802,577.676978117448
1957.79876796715,109762.81243847971,372.12690406676126,2296166.7388343913,226.63012331835762,613.0969484419289
1957.83709787817,111144.21515636783,306.7057719829008,2296814.0766428136,218.1400140755282,647.3447007234321
1957.87542778919,112532.01576799052,331.6573883304657,2297373.6380140567,200.6926981175016,559.5682653615787
1957.91375770021,113831.70003690915,372.11977659784765,2297965.7056260663,223.36211407178078,592.0745078348687
1957.95208761123,115042.82273376723,422.3133263826699,2298630.2239239626,252.3912806126101,664.5251956009448
1957.99041752225,116312.2166304372,364.6146036056742,2299370.447452248,255.26644031521266,740.2304281121741
1958.02874743326,117801.50150745676,294.91847066185966,2299974.742993473,186.07023534508662,604.3024431267168
1958.06707734428,119120.45718940502,357.5617144726586,2300522.8671290153,210.84227425467023,548.1310391041682
1958.1054072553,120319.16729356893,428.103455001911,2301167.4528796407,251.27528446725202,644.592655967745
1958.14373716632,121358.21108936207,518.1522582092372,2301940.524076242,303.03394066387267,773.0781040626756
1958.18206707734,122193.72960170684,632.929547379426,2302877.735678257,369.06931536288727,937.2185120326136
1958.22039698836,122771.10788504813,778.4586154623697,2304023.949146759,452.95946374199343,1146.2203816335737
1958.25872689938,123024.28401827777,961.2579976501735,2305434.6788307815,558.6902877390515,1410.7366009761304
1958.2970568104,123458.2047139154,810.9205804650912,2307096.692411231,564.7891302283758,1662.0205020782744
1958.33538672142,124048.96018193683,838.5258425493328,2308501.337406369,492.66535594800786,1404.6519214357645
1958.37371663244,124131.79179509103,1054.000402855223,2310035.3679049616,610.2403866163114,1534.0374291594983
1958.41204654346,123753.54201210526,1315.404225064291,2311949.1475027725,762.1209785306426,1913.7865335294039
1958.45037645448,122815.67845613432,1630.6715005233207,2314334.2854139847,947.1710117080606,2385.1448533572016
1958.4887063655,121229.41737093114,1996.035191546325,2317283.81297039,1164.7139667878898,2949.5345065341753
1958.52703627652,118933.92434196378,2396.0591092634572,2320880.8255296117,1407.8383414966333,3597.0195191564394
1958.56536618754,117142.45997204688,1990.0793016150963,2325026.6441909024,1402.3860880152172,4145.825632996775
1958.60369609856,116857.37617310234,1343.1487896814888,2328329.836981768,972.3325666450127,3303.1997740692145
1958.64202600958,117270.98783223487,916.1508325770168,2330591.6399994045,663.0474885552069,2261.8100091067695
1958.6803559206,118160.37580057708,628.6366967300279,2332136.06396937,453.84896658352415,1544.4309670759283
1958.71868583162,118914.27981557095,701.4382248373064,2333282.955802149,415.20106571451737,1146.898833803126
1958.75701574264,119362.87370237795,839.9892105152526,2334550.215033431,493.5623942266363,1267.2662358503856
1958.79534565366,119515.49581384928,1006.5916397123013,2336064.1363074523,590.9590071593069,1513.9282827515347
1958.83367556468,119636.78209828636,958.620724865085,2337858.5716312327,651.5077080587467,1794.4423374837543
1958.8720054757,119788.8671818266,1059.3732303566976,2339558.9522282532,624.3667184972612,1700.387616044016
1958.91033538672,119459.26110413621,1274.5318065150504,2341473.6514737564,747.9900659774429,1914.706269847724
1958.94866529774,118691.52837389996,1521.786535252713,2343768.8605074277,894.9814673883712,2295.2160643172583
1958.98699520876,117911.47857791226,1432.6318342591862,2346475.0458855527,977.6608035024096,2706.1924163000467
1959.02532511978,118098.6254091149,1086.0072939365239,2348820.3111427277,709.5261477395416,2345.2723032122935
1959.0636550308,117624.30584407735,1336.5434045672278,2350879.9998692647,789.4423483923907,2059.6957789207886
1959.10198494182,116768.20973138552,1568.1643078256134,2353280.118139621,927.8439751312313,2400.1253293970176
1959.14031485284,115467.73335158711,1819.161638353382,2356089.318900782,1080.647818341727,2809.207828009101
1959.17864476386,113710.45198440457,2077.5268727041152,2359338.924615475,1241.0316577743818,3249.612790626968
1959.21697467488,111517.41366427096,2324.893276387035,2363036.7553666583,1398.8119843239244,3697.837837543482
1959.2553045859,108950.22152917177,2538.505359754119,2367157.41836898,1540.644272944735,4120.670100428516
1959.29363449692,107247.9672132494,1944.0267198683791,2371493.42061149,1409.6039746380939,4336.009353477264
1959.33196440794,106578.11607422298,1634.6602583437825,2374761.660219828,1028.327261341362,3268.246730932508
1959.37029431896,105434.92457626219,1730.0884006804722,2377680.674457946,1064.63838598616,2919.021369681012
1959.40862422998,104198.41764974415,1790.4804511748212,2380722.7634883495,1106.3887113665035,3042.096170910197
1959.446954141,102898.40011341264,1828.3852678700375,2383864.2325449935,1135.1529702742664,3141.47620644121
1959.48528405202,101578.96944794916,1841.627006304802,2387065.619642799,1148.9689989092558,3201.39425712886
1959.52361396304,100284.72177676663,1829.678482489077,2390283.765952053,1147.0970786391304,3218.153478223894
1959.56194387406,99643.71280424176,1379.765587862277,2393420.5464068456,1012.9779133426825,3136.7876333697254
1959.60027378508,100249.22310385105,816.4130876774769,2395681.6948136054,623.2029921726306,2261.155593638792
1959.6386036961,101366.20441005034,493.57791025806404,2397050.722603095,375.8932875418465,1369.034981714513
1959.67693360712,102794.73292832579,301.77608908378056,2397879.476640214,228.74412532095735,828.7612325713369
1959.71526351814,104262.7324439568,278.3753853323878,2398410.7244669218,174.11525967993876,531.2550241338832
1959.75359342916,105675.77492419982,291.24861841071396,2398903.898175913,179.29305674412254,493.1809079158151
1959.79192334018,107063.05083920497,307.975619438226,2399418.187800332,188.5967674854157,514.2968248523098
1959.8302532512,108472.77423821107,282.00691486219426,2399961.2255820213,192.92590692613996,543.0449837079833
1959.86858316222,109975.37846645477,266.9274453907508,2400438.2289390024,163.19475617636851,477.01056055995605
1959.90691307324,111392.50105571197,296.22675071869617,2400915.0723298327,178.605267915481,476.8505958080202
1959.94524298426,112750.27824182551,332.30126977224165,2401443.073446204,199.37251434708142,528.0083228520951
1959.98357289528,114100.46683379175,321.05650448450433,2402034.3790593296,215.84686279156875,591.31282128629
1960.0219028063,115687.96783169975,227.99448368311286,2402552.4310619617,154.208485539621,518.0592125159931
1960.06023271732,117138.37911907144,281.73517222407617,2402990.8764430457,166.67286832422212,438.4525923492745
1960.09856262834,118506.39789762032,335.111585921705,2403498.310342482,197.12331538830503,507.4411121090864
1960.13689253936,119757.42734875756,403.6355876211,2404102.9497092003,236.41629852662334,604.6465810549914
1960.17522245038,120856.60606063622,491.80759218557193,2404832.723457381,286.9775901086437,729.7809645106277
1960.2135523614,121759.35523172586,605.0993572807746,2405723.4692603652,351.9829788690499,890.7530217357889
1960.25188227242,122409.54032446453,750.0572588725353,2406820.876060763,435.2894124191492,1097.4140221215969
1960.29021218344,123072.58316117103,695.34459699087,2408152.10159895,475.5105658385669,1331.2327635735178
1960.32854209446,124037.81334925389,640.3810654409115,2409317.098806269,383.8255637389665,1165.004436565165
1960.36687200548,124562.53359910742,823.429803959879,2410505.790796996,474.5977457065906,1188.6992233658032
1960.4052019165,124701.93474634773,1046.354901443769,2412006.231425135,602.4832028498819,1500.4478647890683
1960.44353182752,124346.29910757308,1327.6171786833693,2413912.0247235177,765.0066815556515,1905.8005401178434
1960.48186173854,123381.67766543837,1672.898856290282,2416326.7448474444,966.4994242619152,2414.727372117669
1960.52019164956,121699.06829339625,2079.6607505824204,2419361.405478435,1207.38322205952,3034.667887334983
1960.55852156057,119906.41502210782,2007.058529016358,2423076.57576675,1359.5412100929268,3715.177554816843
1960.59685147159,119623.46418636052,1379.4913908204885,2426364.3089811313,986.6734327393476,3287.740491796485
1960.63518138261,120010.69462947341,967.1548437013475,2428690.2723177825,692.0385353306732,2325.970622429696
1960.67351129363,120875.993973439,682.0189937666445,2430323.2228363003,486.8993311078772,1632.9578101749858
1960.71184120465,121695.11808378667,726.1528181283759,2431529.391052742,426.89969944144303,1206.175512261432
1960.75017111567,122106.45490173427,903.6138666870706,2432853.61594631,524.5982711144062,1324.2321930703527
1960.78850102669,122134.7892810621,1121.671678186368,2434492.7564072185,650.889324967499,1639.1477648374916
1960.82683093771,121839.08416269267,1256.2861034114953,2436524.5506875417,792.9228756347966,2031.8015897427629
1960.86516084873,121773.50793012418,1286.2554238247599,2438612.2953467825,754.3330673104267,2087.751974990152
1960.90349075975,120971.70331007552,1590.0264452139852,2440953.2277133865,925.6024138921696,2340.939688838938
1960.94182067077,119561.37447295817,1935.8550780253265,2443826.526930003,1131.541352328958,2873.306546648682
1960.98015058179,117723.35863847277,2098.2198933111104,2447309.868062573,1339.0038389462236,3483.348472132601
1961.01848049281,117470.24541440165,1389.3788895673408,2450627.8284927187,998.5371562354479,3317.9677803224113
1961.05681040383,116301.89629213813,1765.2631636036883,2453389.7475296757,1044.911930578697,2761.9263959518075
1961.09514031485,114693.82849063298,2050.949143819044,2456554.9275333583,1218.2125229823362,3165.1873715016027
1961.13347022587,112584.9379041551,2335.827950385335,2460216.5492561813,1396.9381526872332,3661.629100882223
1961.17180013689,110019.55464529406,2596.2525206633363,2464368.924191912,1566.0835470060847,4152.38232552573
1961.21013004791,107093.48194145458,2803.883221823746,2468961.707216679,1708.5533223736486,4592.790427701692
1961.24845995893,103948.76051193943,2932.7069431564564,2473895.8977120314,1807.3345567735023,4934.197912612274
1961.28678986995,101493.17915631407,2405.060648798992,2478984.566187078,1719.2868127435538,5088.675907445308
1961.32511978097,100802.12366295968,1755.5867761954157,2482906.6844147528,1155.4754476689645,3922.125673992565
1961.36344969199,99686.75951309822,1776.7903196334082,2486059.4069268634,1115.1388315985703,3152.7299686429997
1961.40177960301,98656.81036786901,1742.7778788103317,2489159.7316691983,1097.5857692467744,3100.3322082411255
1961.44010951403,97720.46828931801,1691.2726426808538,2492195.5154642174,1069.102901416999,3035.7912701408304
1961.47843942505,96901.3796274249,1626.0542358807643,2495137.9593406045,1031.2762759912189,2942.451360487147
1961.51676933607,96216.43202810569,1550.9601059968832,2497964.0816943105,986.4177315127768,2826.1298464677757
1961.55509924709,95982.43213155688,1228.473564493155,2500642.642600083,886.7384841480128,2678.5684068143564
1961.59342915811,96894.26869396008,703.1282256357725,2502624.6372845243,541.8875076279552,1982.0021926691038
1961.63175906913,98250.61489377367,415.7775885927389,2503802.9645774616,319.6632799669065,1178.334805817353
1961.67008898015,99875.05238287912,249.1594364315273,2504500.9472877,190.5120838085699,697.9902258690694
1961.70841889117,101574.84888486526,207.80506255479207,2504928.851136911,132.52752880539825,427.9113664828179
1961.74674880219,103230.05350197958,213.65433570423585,2505297.975298222,132.53448008787518,369.1316797357757
1961.78507871321,104873.7374234582,221.69770531088898,2505674.234519367,136.64968779443984,376.26674068798883
1961.82340862423,106503.8289110012,227.7858116546107,2506065.614959034,143.23656367269206,391.38796035887776
1961.86173853525,108243.64521836741,190.7340382485718,2506424.1262925887,118.20093795721765,358.51885540007225
1961.90006844627,109912.26295394957,209.98182389684015,2506765.8155690823,127.09892481346306,341.6967993595861
1961.93839835729,111542.23038407075,233.5149541873672,2507139.60176551,140.5029283023053,373.7937203661493
1961.97672826831,113128.06752625917,256.674852216389,2507556.3540203427,157.77358036966712,416.7597799528009
1962.01505817933,114911.18604478703,163.3133779214728,2507951.4506544266,118.28606245118581,395.10416046657105
1962.05338809035,116617.69325678622,195.2020398568057,2508263.379040928,115.72751787376696,311.93591391449263
1962.09171800137,118257.61363066541,232.5196869496636,2508615.3271040833,136.72055578768024,351.95559154826844
1962.13004791239,119814.14353257163,281.0794317339037,2509035.1587060336,164.4067167724674,419.83913149820285
1962.16837782341,121260.30826935965,344.8063217433018,2509544.008077472,200.70815717856723,508.8569023747384
1962.20670773443,122560.45923666742,428.6538769054844,2510169.745278768,248.4347806443864,625.7447339269091
1962.24503764545,123667.4869376072,539.0872188831842,2510949.3071537986,311.28139741469175,779.5694097566015
1962.28336755647,124652.13807281751,575.2433166270387,2511926.9620516878,375.06646761956523,977.6624352447035
1962.32169746749,125951.7788909587,480.8533541574554,2512863.292010797,298.0627609262404,936.337499451285
1962.36002737851,126868.99513860907,644.23782939271,2513779.265444732,368.363931595355,915.9809769447406
1962.39835728953,127447.39963232596,842.3015676893823,2514959.8545960854,480.3890555303064,1180.5966974823496
1962.43668720055,127563.72814736425,1104.2634383705733,2516503.8507548845,629.3619942710945,1544.0037089914615
1962.47501711157,127079.02244564655,1444.3578452953323,2518527.0258717667,824.1012233621732,2023.1826723955264
1962.51334702259,125837.23082314827,1872.2648109828535,2521168.462564743,1071.8625626209612,2641.444255451167
1962.55167693361,124051.90509851092,2073.536751251499,2524572.332271531,1329.2155329135767,3403.8772783081067
1962.59000684463,123726.90124473048,1451.6437571169188,2527903.620605653,1023.8003818104936,3331.2959161744284
1962.62833675565,124038.49880623803,1050.7450002688438,2530355.2919990895,742.093326426347,2451.678984136983
1962.66666666667,124832.30023030205,764.6788872244897,2532132.9452948826,538.9907746404604,1777.6608927870825
1962.70499657769,125711.06923636328,750.6427258518702,2533447.9022779223,443.1365965718947,1314.9645846095948
1962.74332648871,126055.40362315439,980.65569868539,2534840.3122685556,561.6911729246639,1392.4175961016977
1962.78165639973,125899.01667097383,1267.1312716778575,2536632.9216713225,725.7452209630436,1792.6170129848038
1962.81998631075,125102.97468235389,1628.6923017097904,2538946.51069056,934.7612206022618,2313.5966355868172
1962.85831622177,124844.94030622572,1494.839918518285,2541480.9000493176,881.7392101284971,2534.396982605698
1962.89664613279,123532.05048490221,1916.1253239847383,2544240.0130346445,1105.0203726585228,2759.120616881749
1962.93497604381,121393.63155573225,2388.2352862965504,2547717.682757962,1385.751752467056,3477.677364192462
1962.97330595483,118352.57279486662,2898.6758397717595,2552029.7533935085,1697.675541986422,4312.078288088467
1963.01163586585,117386.06875654511,1887.3210186235972,2556447.5064752228,1352.4382835304036,4417.760747856067
1963.04996577687,115832.40881158039,2140.815006443522,2559924.8252850864,1271.2231407129843,3477.3264876127723
1963.08829568788,113555.63229373987,2473.733430874269,2563763.9166879584,1473.2082867382396,3839.0990914176873
1963.1266255989,110746.4651126615,2778.9076597057374,2568169.200069399,1670.4170596590177,4405.291082364568
1963.16495550992,107511.24673993986,3024.3267414233997,2573090.886782444,1838.30958583461,4921.694427984559
1963.20328542094,104018.32194461809,3176.515926351433,2578415.8750562966,1955.1176166904497,5324.996004203375
1963.24161533196,100474.12032242051,3213.6503302526535,2583976.0904419567,2004.3108897338168,5560.223132393782
1963.27994524298,97392.60118573309,2861.652467648945,2589566.939628834,1950.6008886438904,5590.856950401896
1963.318275154,96830.54641529023,1736.3687486312447,2594057.03307791,1252.7488616112992,4490.101228217805
1963.35660506502,95842.50529900209,1740.2854286366196,2597290.8824040927,1109.2076503756532,3233.8571164880796
1963.39493497604,95083.63325201343,1643.7187297535652,2600313.572929461,1049.4202956213128,3022.6983250184703
1963.43326488706,94508.2454360099,1540.7698329076732,2603163.9721603664,986.1029483816527,2850.4070393715006
1963.47159479808,94116.40493582087,1437.0344910736023,2605834.3681805586,921.308687099037,2670.403836944005
1963.5099247091,93902.3716180438,1336.2293662516015,2608324.271306485,857.550666725033,2489.91095042069
1963.54825462012,93931.92125061872,1170.4392452338104,2610639.01606611,791.6338045591625,2314.7525913274008
1963.58658453114,95045.12845031633,645.6557114071505,2612456.484378721,499.60998115147004,1817.4761506855607
1963.62491444216,96557.06377518026,376.62108322471795,2613537.1631004363,291.17946388419244,1080.6865640702306
1963.66324435318,98314.56222266406,223.08078633586626,2614169.3742391807,171.43982172451322,632.2189836085829
1963.7015742642,100178.16366984985,163.71355809938984,2614545.7917696517,108.49846552994772,376.4253768123091
1963.73990417522,102000.27088891386,168.5368941797456,2614841.3349563587,105.01586294759282,295.5510340127701
1963.77823408624,103817.35512275736,173.18178541718268,2615137.783838465,107.10974107139246,296.45673029464837
1963.81656399726,105621.06252039374,181.34328264235214,2615443.171742606,111.40557341489071,305.3957532315639
1963.85489390828,107518.21732540734,140.99098502689037,2615730.3856384344,90.22254756583906,287.2217458305914
1963.8932238193,109365.9508151173,156.3745302019411,2615986.794162469,94.81111205198476,256.41637482974255
1963.93155373032,111186.25918957185,173.49853525524665,2616265.1000053314,104.46775911170914,278.3136944567266
1963.96988364134,112967.93247802791,196.03080173627885,2616574.7419311088,117.29589384650721,309.6497782527682
1964.00821355236,114872.69667777477,131.48460494592626,2616884.8601851035,94.9159983628607,310.12610742546724
1964.04654346338,116758.99957979488,144.63208034682756,2617123.646476988,85.9164365364396,238.79414612729644
1964.0848733744,118583.6869585465,173.26999008563297,2617385.037141191,101.71833733055483,261.3985191801378
1964.12320328542,120343.3968304541,210.81663246135625,2617698.268609682,123.02895404913187,313.23932432621007
1964.16153319644,122015.83463954946,260.84098736917076,2618080.5334529723,151.38129224978627,382.2727001641044
1964.19986310746,123570.9525390708,327.8316568344717,2618554.8774257815,189.28884194399438,474.3518309630779
1964.23819301848,124967.83319354239,417.92026078038987,2619152.635934327,240.20191246481684,597.766368298721
1964.2765229295,126190.13090799752,502.97072850273094,2619916.2122022295,306.19904586055554,763.5841296842524
1964.31485284052,127741.80841206107,355.8161846713836,2620708.0739273517,248.01668996703353,791.8695893311767
1964.35318275154,128961.98827370316,509.85970127637455,2621431.6141577996,289.73615671357487,723.5480968530114
1964.39151266256,129893.5781079746,683.0792321875568,2622370.8336982224,386.4710725288988,939.2274092883396
1964.42984257358,130405.52268143115,920.6415176493196,2623629.9332864424,519.9091927849227,1259.1074603594277
1964.4681724846,130347.25404046176,1242.8862952252123,2625327.4463640205,701.7452919646053,1697.5209541207057
1964.50650239562,129532.53829897247,1669.8746169652898,2627616.8180237077,944.7071113577382,2289.379542169434
1964.54483230664,127719.56329863389,2246.9739577288456,2630684.326850849,1258.9607490838557,3067.5167176136765
1964.58316221766,127334.32444580806,1553.9595240454278,2634087.287208968,1081.4212287263615,3402.968258672501
1964.62149212868,127529.8779385802,1154.9496503660898,2636713.790514633,806.8226011752317,2626.511215306805
1964.6598220397,128219.00745689069,862.9538853707847,2638671.324463494,601.8839421571132,1957.5418653323059
1964.69815195072,129102.06845382178,787.7481494330616,2640140.7980386238,475.5648951407309,1469.4814966965612
1964.73648186174,129330.12092127747,1079.2776638260234,2641637.5059417714,611.565545195514,1496.7158289688439
1964.77481177276,128932.41911867555,1440.1245734906386,2643623.1134862998,816.384174595577,1985.615475529519
1964.81314168378,127710.84758770197,1905.1085032860526,2646267.4710043175,1083.4662846816966,2644.365455924192
1964.8514715948,126806.12418732529,1804.5802227002719,2649423.519348612,1088.802394205898,3156.0562911284774
1964.88980150582,124717.80200144416,2380.1206530596587,2652816.449668285,1366.067348838499,3392.9382760993985
1964.92813141684,121575.67130700093,2989.6136837665285,2657142.522157283,1731.3267882860878,4326.080456950866
1964.96646132786,117325.85334928293,3615.7159103769495,2662535.9008746967,2121.638812609035,5393.386699934532
