R0,amplitude,gamma,mu,sigma,rho,psi,S_0,E_0,R_0,I_0,LogLik
47.770279645644976,0.13373758593794904,73.05,9.069971949637428e-8,45.66,0.4431738585825697,1.290969536252971,0.2680590837036627,0.01117345948147559,0.7095681627449896,0.011199294069872067,-4619.137104
52.249039923648,0.4971145965635821,73.05,0.00011698385799879305,45.66,0.999999726591909,1.4227577797330653,0.024766550670045424,0.00012843980740134304,0.9750682726762326,0.00003673684632064417,-4860.656142
71.48799841368346,0.5217504913193414,73.05,0.3780932103046921,45.66,0.999437161103367,0.9862374388052872,0.07879478499194296,0.00006294071343458901,0.9211418814894401,3.9280518238374894e-7,-5170.320441
20.420768018965187,0.3135084454530681,73.05,5.2819451672719934e-15,45.66,0.4591818993220412,1.03184005607329,0.07752992893560655,0.00008898405503227201,0.9222667977424172,0.00011428926694398619,-4381.406692
18.918740273986955,0.30562573952731825,73.05,0.000009476084253424989,45.66,0.4645404540479881,1.14868450663408,0.06300618774279024,0.000009107068617818668,0.9368860055444093,0.0000986996441826421,-4476.050503
26.997479146962664,0.2875043511332211,73.05,0.047802100587122906,45.66,0.49938046819470766,0.9196738315300209,0.048300226191125416,0.00002732893518927053,0.9516449971170386,0.000027447756646615185,-4248.428969
21.64481197155348,0.3515762162374413,73.05,0.009272132929485585,45.66,0.5302510858124372,1.0277408687115324,0.032327046559988165,0.00010611876396055592,0.9675560214582504,0.00001081321780089147,-4377.554522
21.455500932400405,0.31772947325023676,73.05,0.10823674031534852,45.66,0.58318912664704,0.9057417346490069,0.295165920169577,0.00004930909168934073,0.704650931775577,0.00013383896315678198,-5035.53922
26.601296152008796,0.5210507040125807,73.05,0.00000911,45.66,0.542341983081398,0.917505306887521,0.03431220583516408,0.00011557031497960985,0.9655624865184603,0.000009737331396104482,-9824.627489
25.280809235985323,0.3080096094475913,73.05,0.042094569142831044,45.66,0.5045164061947068,0.9463452255966598,0.045275802395818035,0.0001409226103954544,0.9545323641073583,0.000050910886428255896,-4298.186618
42.965141216850085,0.44056921403403293,73.05,0.26367039839962736,45.66,0.8318981577077716,0.913028796062969,0.2680590837036627,0.01117345948147559,0.7095681627449896,0.011199294069872067,-4236.802052
38.60863328672715,0.49270039382708125,73.05,0.25619793422241816,45.66,0.9999660883795702,1.0796416358568655,0.024766550670045424,0.00012843980740134304,0.9750682726762326,0.00003673684632064417,-4364.482004
42.87863541836007,0.4392445644261722,73.05,0.26246240650116465,45.66,0.7907050531284162,0.9821662720397355,0.07879478499194296,0.00006294071343458901,0.9211418814894401,3.9280518238374894e-7,-4237.118333
93.05511896252106,0.2401487638545922,73.05,0.00011195128308533528,45.66,0.4970233930601726,0.866756076250311,0.07752992893560655,0.00008898405503227201,0.9222667977424172,0.00011428926694398619,-4323.403979
36.01126520557291,0.14999782943323187,73.05,6.52996741220429e-8,45.66,0.45116635943082345,1.2871463776412262,0.06300618774279024,0.000009107068617818668,0.9368860055444093,0.0000986996441826421,-4633.567183
35.94626335918705,0.15885323732211937,73.05,0.012631092815631146,45.66,0.4967654725299288,1.2039965386686171,0.048300226191125416,0.00002732893518927053,0.9516449971170386,0.000027447756646615185,-4636.692967
35.065032000085516,0.15788233006627533,73.05,1.4597881252965105e-26,45.66,0.4512488128287717,1.2947119480362255,0.032327046559988165,0.00010611876396055592,0.9675560214582504,0.00001081321780089147,-4637.003323
37.54637807107684,0.13020693612244363,73.05,2.8814029817562588e-8,45.66,0.4470395603700856,1.2800763083365596,0.295165920169577,0.00004930909168934073,0.704650931775577,0.00013383896315678198,-4628.342811
35.49675700019297,0.5199986446345941,73.05,6.479592884598788e-14,45.66,0.5171128505334558,0.9714544203260758,0.03431220583516408,0.00011557031497960985,0.9655624865184603,0.000009737331396104482,-4270.023839
37.917591810179175,0.39173831775953405,73.05,0.19623741424794194,45.66,0.7164188602868367,0.9152882322407451,0.045275802395818035,0.0001409226103954544,0.9545323641073583,0.000050910886428255896,-4238.146387
144.62595300974016,0.36907825928692817,73.05,0.7801080264808934,45.66,0.7594981445976493,0.8289186188342182,0.2680590837036627,0.01117345948147559,0.7095681627449896,0.011199294069872067,-4291.023981
53.47167755633478,0.5463966106477444,73.05,5.032408064141477e-7,45.66,1,1.4254630113264457,0.024766550670045424,0.00012843980740134304,0.9750682726762326,0.00003673684632064417,-4922.323081
71.37875637073266,0.5201167853451871,73.05,0.36586866482704594,45.66,0.9995288081990649,0.9861320562641205,0.07879478499194296,0.00006294071343458901,0.9211418814894401,3.9280518238374894e-7,-5158.104123
20.422284911978508,0.31363948977035266,73.05,0.000044031188766702586,45.66,0.45903307360623996,1.0331368652277262,0.07752992893560655,0.00008898405503227201,0.9222667977424172,0.00011428926694398619,-4381.46839
20.541033150794348,0.3044609083152281,73.05,0.0000010107619644083269,45.66,0.45360542545995775,1.0224428835344557,0.06300618774279024,0.000009107068617818668,0.9368860055444093,0.0000986996441826421,-4372.008455
26.99595491587545,0.28747308024264934,73.05,0.047778025424578804,45.66,0.4992528214469114,0.9198387715624785,0.048300226191125416,0.00002732893518927053,0.9516449971170386,0.000027447756646615185,-4248.428976
21.06274793663757,0.2598330031178173,73.05,1.938490922106367e-9,45.66,0.42572062898000335,0.9745411020529622,0.032327046559988165,0.00010611876396055592,0.9675560214582504,0.00001081321780089147,-4324.856004
26.517886979756785,0.291795071054723,73.05,0.03785431758501981,45.66,0.5221946200481525,0.9355076939815723,0.295165920169577,0.00004930909168934073,0.704650931775577,0.00013383896315678198,-4266.912994
26.372327823986225,0.5209974882031133,73.05,0.000009037351026917388,45.66,0.5423599495290473,0.9174709329471439,0.03431220583516408,0.00011557031497960985,0.9655624865184603,0.000009737331396104482,-6823.546445
25.281164568744934,0.30800970083177465,73.05,0.042100370341873555,45.66,0.5044995670488607,0.9463954257883327,0.045275802395818035,0.0001409226103954544,0.9545323641073583,0.000050910886428255896,-4298.186617
42.964206086596334,0.4405809108056241,73.05,0.26367460981795116,45.66,0.8340944519138346,0.9097931616907682,0.2680590837036627,0.01117345948147559,0.7095681627449896,0.011199294069872067,-4236.799154
38.90003525213241,0.49885266116995397,73.05,0.26115001297416246,45.66,0.9990305824078429,1.0983944559337646,0.024766550670045424,0.00012843980740134304,0.9750682726762326,0.00003673684632064417,-4364.794632
42.87180728520296,0.4392420616825466,73.05,0.26246488252893785,45.66,0.8065854114808673,0.9520644034199374,0.07879478499194296,0.00006294071343458901,0.9211418814894401,3.9280518238374894e-7,-4236.396231
36.52359963904168,0.1444861195826427,73.05,3.985340379079484e-14,45.66,0.45005741075094435,1.284969987258155,0.07752992893560655,0.00008898405503227201,0.9222667977424172,0.00011428926694398619,-4632.10927
36.01084437956586,0.14998213444255484,73.05,2.726523185329322e-8,45.66,0.4511578794915423,1.2872169241791496,0.06300618774279024,0.000009107068617818668,0.9368860055444093,0.0000986996441826421,-4633.56718
35.55212441718552,0.1512040859412258,73.05,6.400093965393716e-8,45.66,0.45063610830162676,1.2906470772375371,0.048300226191125416,0.00002732893518927053,0.9516449971170386,0.000027447756646615185,-4635.083502
35.0645603664334,0.1578876913667423,73.05,0.0000012336458962380397,45.66,0.45123480625100976,1.2947060762823404,0.032327046559988165,0.00010611876396055592,0.9675560214582504,0.00001081321780089147,-4637.003351
37.5468746748558,0.13022139164123406,73.05,1.6316590114369378e-10,45.66,0.4470771561600472,1.2800059746791648,0.295165920169577,0.00004930909168934073,0.704650931775577,0.00013383896315678198,-4628.342808
50.54143381267342,0.5201479454393745,73.05,0.000007717602282869286,45.66,0.5426695688225115,0.9175263636761086,0.03431220583516408,0.00011557031497960985,0.9655624865184603,0.000009737331396104482,-5787.66911
37.91749586521969,0.3917365849791158,73.05,0.19623591567183596,45.66,0.7163794096779678,0.9153283776394785,0.045275802395818035,0.0001409226103954544,0.9545323641073583,0.000050910886428255896,-4238.146388
37.23552001897743,0.13447999330627544,73.05,2.425354767263813e-7,45.66,0.4470851295059398,1.28503360496316,0.2680590837036627,0.01117345948147559,0.7095681627449896,0.011199294069872067,-4629.035282
44.07716737304767,0.5007729220413663,73.05,0.18927761056287612,45.66,0.8356585962742853,0.8017956800310212,0.024766550670045424,0.00012843980740134304,0.9750682726762326,0.00003673684632064417,-4307.819525
70.9394398981055,0.5209850842886706,73.05,0.36263642819350844,45.66,0.999473742092031,0.9862793825885068,0.07879478499194296,0.00006294071343458901,0.9211418814894401,3.9280518238374894e-7,-5159.48444
20.43464638119454,0.31469456430009907,73.05,0.0004331859006062322,45.66,0.4529722319881093,1.0416670197967448,0.07752992893560655,0.00008898405503227201,0.9222667977424172,0.00011428926694398619,-4382.101481
20.541120886116992,0.3044599748313977,73.05,0.000003669633399602772,45.66,0.4536422025511223,1.0222748929170256,0.06300618774279024,0.000009107068617818668,0.9368860055444093,0.0000986996441826421,-4372.011047
27.084130926394376,0.2892642398998819,73.05,0.049472405923140034,45.66,0.49971499266634095,0.9474600985079826,0.048300226191125416,0.00002732893518927053,0.9516449971170386,0.000027447756646615185,-4248.778668
21.64161390515226,0.35182720914963733,73.05,0.008888291478782876,45.66,0.5604443451423206,0.9593208674749352,0.032327046559988165,0.00010611876396055592,0.9675560214582504,0.00001081321780089147,-4378.5188
26.521675115441152,0.29235658139812815,73.05,0.037937130072194486,45.66,0.5364718281411579,0.9057784312302503,0.295165920169577,0.00004930909168934073,0.704650931775577,0.00013383896315678198,-4267.14774
22.291343875803626,0.5203530207102196,73.05,0.0000076072100412855095,45.66,0.5434223562539616,0.9157772433693918,0.03431220583516408,0.00011557031497960985,0.9655624865184603,0.000009737331396104482,-5849.787702
25.281061864117387,0.30801124890824766,73.05,0.04209763246980993,45.66,0.5045166665835968,0.9463379605896628,0.045275802395818035,0.0001409226103954544,0.9545323641073583,0.000050910886428255896,-4298.186617
42.96436182344057,0.44058015064872597,73.05,0.2636693021650402,45.66,0.8335649381981521,0.9106716211775163,0.2680590837036627,0.01117345948147559,0.7095681627449896,0.011199294069872067,-4236.799403
38.95233230913329,0.4999567684426904,73.05,0.2620907673046514,45.66,0.9993446316234876,1.1004354443508706,0.024766550670045424,0.00012843980740134304,0.9750682726762326,0.00003673684632064417,-4364.895424
52.139818733721945,0.518806858446378,73.05,0.3849445100710574,45.66,0.9984038333421144,0.9708395945225333,0.07879478499194296,0.00006294071343458901,0.9211418814894401,3.9280518238374894e-7,-4249.142829
36.52326934267754,0.14448283535283052,73.05,3.76217082639164e-23,45.66,0.45004155134773316,1.284989379261354,0.07752992893560655,0.00008898405503227201,0.9222667977424172,0.00011428926694398619,-4632.10927
36.01156325809529,0.15001109065950324,73.05,1.5434134536617e-8,45.66,0.4511329692842493,1.2873192291353837,0.06300618774279024,0.000009107068617818668,0.9368860055444093,0.0000986996441826421,-4633.567179
35.98458211132343,0.15915213674631823,73.05,0.013875605879204273,45.66,0.4991333459419092,1.2006501335886495,0.048300226191125416,0.00002732893518927053,0.9516449971170386,0.000027447756646615185,-4636.822125
35.06561095498771,0.1578839695324124,73.05,1.7414398913825157e-7,45.66,0.4512317839339121,1.2947318892144488,0.032327046559988165,0.00010611876396055592,0.9675560214582504,0.00001081321780089147,-4637.003327
37.54671899590664,0.13020581517821286,73.05,2.3120235378000864e-8,45.66,0.4470798574873974,1.2799497245427243,0.295165920169577,0.00004930909168934073,0.704650931775577,0.00013383896315678198,-4628.342811
58.65708600431234,0.5201107164391067,73.05,0.000009213729927780367,45.66,0.5422471584444022,0.9175051192928869,0.03431220583516408,0.00011557031497960985,0.9655624865184603,0.000009737331396104482,-5760.956778
37.91599369315533,0.3917751445958047,73.05,0.19625803139781417,45.66,0.7218468376553472,0.9055923202487348,0.045275802395818035,0.0001409226103954544,0.9545323641073583,0.000050910886428255896,-4238.170232
37.230095664074526,0.13383477436940408,73.05,1.954226406325367e-8,45.66,0.44829889150393637,1.2801262629853762,0.2680590837036627,0.01117345948147559,0.7095681627449896,0.011199294069872067,-4629.032897
68.64479680652384,0.49825944032132613,73.05,0.3219588645592513,45.66,0.9791343079804687,0.9306666691041019,0.024766550670045424,0.00012843980740134304,0.9750682726762326,0.00003673684632064417,-5127.56072
142.34983018074027,0.36116923307327886,73.05,0.7518449703866664,45.66,0.6977960235690174,0.9278539389350264,0.07879478499194296,0.00006294071343458901,0.9211418814894401,3.9280518238374894e-7,-4293.717233
20.420788520054046,0.31351261327587227,73.05,9.135278236971944e-8,45.66,0.45916072798964525,1.0319029936194881,0.07752992893560655,0.00008898405503227201,0.9222667977424172,0.00011428926694398619,-4381.40682
20.541774848849546,0.3045096706758,73.05,0.00001655480047947822,45.66,0.45385382103503097,1.0217776353433108,0.06300618774279024,0.000009107068617818668,0.9368860055444093,0.0000986996441826421,-4372.023669
18.78804502178621,0.3326247311447516,73.05,6.467717427306903e-131,45.66,0.44691200337954834,1.0912281759581843,0.048300226191125416,0.00002732893518927053,0.9516449971170386,0.000027447756646615185,-4434.841522
21.64480842686808,0.35157322192633444,73.05,0.009272999927568514,45.66,0.5302471196956995,1.0277404658367475,0.032327046559988165,0.00010611876396055592,0.9675560214582504,0.00001081321780089147,-4377.554522
26.55453987671346,0.2926770131609576,73.05,0.039617657146960326,45.66,0.550180284976975,0.8651819794592533,0.295165920169577,0.00004930909168934073,0.704650931775577,0.00013383896315678198,-4268.247472
28.435026435012055,0.5205199687716111,73.05,0.0000068146106855398036,45.66,0.5432815182502759,0.9231616227721039,0.03431220583516408,0.00011557031497960985,0.9655624865184603,0.000009737331396104482,-5884.764071
25.28087947412001,0.308005663875396,73.05,0.042094493921105654,45.66,0.5045019809512911,0.9463795185412147,0.045275802395818035,0.0001409226103954544,0.9545323641073583,0.000050910886428255896,-4298.186617
33.314719202670695,0.45318032573256395,73.05,0.18272679399778866,45.66,0.8807033483953396,1.0038445255655988,0.2680590837036627,0.01117345948147559,0.7095681627449896,0.011199294069872067,-4353.682927
38.60221223444037,0.4925715473722579,73.05,0.2560901594855799,45.66,0.9999999467367862,1.0791317379412553,0.024766550670045424,0.00012843980740134304,0.9750682726762326,0.00003673684632064417,-4364.480947
42.8717137793587,0.44349035478626836,73.05,0.26225649779588933,45.66,1,0.7881497227886272,0.07879478499194296,0.00006294071343458901,0.9211418814894401,3.9280518238374894e-7,-4247.438087
36.52294318492197,0.14447677352872101,73.05,4.737767682166726e-19,45.66,0.45001643821481263,1.2850932738803025,0.07752992893560655,0.00008898405503227201,0.9222667977424172,0.00011428926694398619,-4632.10927
48.2378614564821,0.13562706104758465,73.05,1.3196979815185325e-7,45.66,0.44336837952028374,1.2923858792964718,0.06300618774279024,0.000009107068617818668,0.9368860055444093,0.0000986996441826421,-4619.35727
35.551859928362504,0.15119506374151426,73.05,8.309393466469473e-21,45.66,0.4506265367779851,1.2906783294824318,0.048300226191125416,0.00002732893518927053,0.9516449971170386,0.000027447756646615185,-4635.083498
35.064654245598376,0.15788091169272028,73.05,2.4644607490474713e-8,45.66,0.45123025165023195,1.2947641394606846,0.032327046559988165,0.00010611876396055592,0.9675560214582504,0.00001081321780089147,-4637.003323
37.547919613925984,0.13023198021204557,73.05,0.00004232524146861015,45.66,0.44689209118138057,1.2807551886562887,0.295165920169577,0.00004930909168934073,0.704650931775577,0.00013383896315678198,-4628.348331
59.0971103305547,0.5200552442404778,73.05,0.00000892431974216804,45.66,0.5424851968390655,0.9176843518220268,0.03431220583516408,0.00011557031497960985,0.9655624865184603,0.000009737331396104482,-5761.353661
37.917924663496294,0.3917364816075991,73.05,0.19624145706986046,45.66,0.7163567659609946,0.9153701948134123,0.045275802395818035,0.0001409226103954544,0.9545323641073583,0.000050910886428255896,-4238.146388
53.54136093866423,0.4383399411438253,73.05,0.2500305601507262,45.66,0.8437412548077443,0.9118766213827555,0.2680590837036627,0.01117345948147559,0.7095681627449896,0.011199294069872067,-4999.839036
49.44270456968476,0.49764330597772016,73.05,0.3488830457098841,45.66,0.9726749069290915,0.9285033314299276,0.024766550670045424,0.00012843980740134304,0.9750682726762326,0.00003673684632064417,-4239.864008
143.31377413580205,0.36497960032129406,73.05,0.7630681099542143,45.66,0.7288407225093145,0.8743878323979501,0.07879478499194296,0.00006294071343458901,0.9211418814894401,3.9280518238374894e-7,-4291.667289
20.420809117494453,0.31351328946819385,73.05,9.649822920716893e-7,45.66,0.45915942975100166,1.031944528000367,0.07752992893560655,0.00008898405503227201,0.9222667977424172,0.00011428926694398619,-4381.408038
20.541595136797525,0.304495810720761,73.05,0.00001260956757376735,45.66,0.4538164141615154,1.0218865730128592,0.06300618774279024,0.000009107068617818668,0.9368860055444093,0.0000986996441826421,-4372.019805
18.814513338441067,0.3402329263563573,73.05,0.000007407188831882686,45.66,0.49999436077462533,0.9904275462218758,0.048300226191125416,0.00002732893518927053,0.9516449971170386,0.000027447756646615185,-4437.784229
38.43220583403981,0.39631874207348633,73.05,0.20312864039476397,45.66,0.7260973980946233,0.9132823579997366,0.032327046559988165,0.00010611876396055592,0.9675560214582504,0.00001081321780089147,-4236.462483
26.517842711942727,0.29186586505771095,73.05,0.037837538007974326,45.66,0.5245835271356302,0.9302183681051618,0.295165920169577,0.00004930909168934073,0.704650931775577,0.00013383896315678198,-4266.919838
27.948886706078646,0.5192855695145525,73.05,0.000006467082253658889,45.66,0.54379488561939,0.9194182602888462,0.03431220583516408,0.00011557031497960985,0.9655624865184603,0.000009737331396104482,-7187.92997
25.280816423202594,0.30801316815800395,73.05,0.042089538253470275,45.66,0.5045177524031118,0.946391313649789,0.045275802395818035,0.0001409226103954544,0.9545323641073583,0.000050910886428255896,-4298.186619
33.314608439431446,0.4531786432407057,73.05,0.18272250611086183,45.66,0.8807243166522472,1.0038037486837172,0.2680590837036627,0.01117345948147559,0.7095681627449896,0.011199294069872067,-4353.682927
49.59866007304947,0.5000938428572297,73.05,0.35102920004742316,45.66,0.9999892943206528,0.9123069019275559,0.024766550670045424,0.00012843980740134304,0.9750682726762326,0.00003673684632064417,-4239.564677
42.871502744127845,0.4434907030560629,73.05,0.2622551383505397,45.66,1,0.7881478574062644,0.07879478499194296,0.00006294071343458901,0.9211418814894401,3.9280518238374894e-7,-4247.438087
36.52298442455748,0.14446350922394813,73.05,1.7187499450540473e-19,45.66,0.4500263693330566,1.2850599912674896,0.07752992893560655,0.00008898405503227201,0.9222667977424172,0.00011428926694398619,-4632.10927
36.01185130540921,0.14999748435077973,73.05,1.6522495774036157e-8,45.66,0.45115015588874824,1.2872619830432872,0.06300618774279024,0.000009107068617818668,0.9368860055444093,0.0000986996441826421,-4633.567179
35.551068228065624,0.15119911695440647,73.05,9.961325152141027e-32,45.66,0.4506245035807677,1.2906974020288358,0.048300226191125416,0.00002732893518927053,0.9516449971170386,0.000027447756646615185,-4635.083499
25.232455118283927,0.2704335716982453,73.05,0.00001622283437096143,45.66,0.4205228622790936,0.9549829131712109,0.032327046559988165,0.00010611876396055592,0.9675560214582504,0.00001081321780089147,-4260.338653
37.551612191338364,0.1301075740471205,73.05,0.00022180932881223526,45.66,0.44681741641715766,1.2815428524189438,0.295165920169577,0.00004930909168934073,0.704650931775577,0.00013383896315678198,-4628.371747
35.4904476571021,0.5199534848015365,73.05,6.486728054156512e-7,45.66,0.5318432145153518,0.9224591303412609,0.03431220583516408,0.00011557031497960985,0.9655624865184603,0.000009737331396104482,-4270.576081
37.92715157740939,0.39176368045904314,73.05,0.19639663959242032,45.66,0.7140170933777554,0.9229198442372615,0.045275802395818035,0.0001409226103954544,0.9545323641073583,0.000050910886428255896,-4238.16247
50.010290130314466,0.46670741104833074,73.05,0.0009047102427671208,45.66,0.8539700299894245,1.1096364525831752,0.2680590837036627,0.01117345948147559,0.7095681627449896,0.011199294069872067,-4874.514634
49.41426806187357,0.4970274239073938,73.05,0.3488448704715377,45.66,0.966437625534025,0.9460896195822456,0.024766550670045424,0.00012843980740134304,0.9750682726762326,0.00003673684632064417,-4240.038832
43.02914318339091,0.4477177083326481,73.05,0.2618544510438617,45.66,0.9999999978490768,0.9639300528846073,0.07879478499194296,0.00006294071343458901,0.9211418814894401,3.9280518238374894e-7,-4264.391954
20.420780452374494,0.3135123037676716,73.05,3.1982735386976244e-16,45.66,0.45917909650455935,1.0318386979704,0.07752992893560655,0.00008898405503227201,0.9222667977424172,0.00011428926694398619,-4381.406692
20.54094620534276,0.3044484714194019,73.05,8.161800088510188e-10,45.66,0.4535511015768213,1.0225396926056902,0.06300618774279024,0.000009107068617818668,0.9368860055444093,0.0000986996441826421,-4372.007471
26.936860061244715,0.2863544912637271,73.05,0.04665926782041872,45.66,0.4988754863332072,0.9071914484350883,0.048300226191125416,0.00002732893518927053,0.9516449971170386,0.000027447756646615185,-4248.506273
30.28424942971558,0.3182640345866768,73.05,0.09143448486967026,45.66,0.5579105055815904,0.9235141657643133,0.032327046559988165,0.00010611876396055592,0.9675560214582504,0.00001081321780089147,-4246.231533
27.257145291975455,0.32592183371669753,73.05,0.10820736185457154,45.66,0.5809119707890091,0.905836646827366,0.295165920169577,0.00004930909168934073,0.704650931775577,0.00013383896315678198,-4995.304267
26.971757069023447,0.5204725660696973,73.05,0.000007491428051952111,45.66,0.5431999586783477,0.9214017691976515,0.03431220583516408,0.00011557031497960985,0.9655624865184603,0.000009737331396104482,-6199.435855
25.28700444180702,0.30839583735942744,73.05,0.042165498236646684,45.66,0.5271075999401627,0.8882776953741633,0.045275802395818035,0.0001409226103954544,0.9545323641073583,0.000050910886428255896,-4299.02607
33.3147398003908,0.4531824592297612,73.05,0.18272712434345043,45.66,0.8806792506524882,1.0038631256822415,0.2680590837036627,0.01117345948147559,0.7095681627449896,0.011199294069872067,-4353.682928
38.71025390210107,0.4948221753810725,73.05,0.25787406266212576,45.66,0.9995939762143102,1.086956326423171,0.024766550670045424,0.00012843980740134304,0.9750682726762326,0.00003673684632064417,-4364.52803
52.30696080243716,0.5219245003172467,73.05,0.38665197848828825,45.66,0.9994566748780349,0.9862353913902642,0.07879478499194296,0.00006294071343458901,0.9211418814894401,3.9280518238374894e-7,-4248.935604
36.52295358086029,0.14447502062874382,73.05,3.0324892036656043e-38,45.66,0.4500330596343745,1.2850979122689288,0.07752992893560655,0.00008898405503227201,0.9222667977424172,0.00011428926694398619,-4632.10927
36.011488359839774,0.14999812508359747,73.05,1.8790160838888523e-8,45.66,0.4511564194164559,1.2872360412807056,0.06300618774279024,0.000009107068617818668,0.9368860055444093,0.0000986996441826421,-4633.567179
35.552064992172326,0.15117780701315506,73.05,2.6079320829842735e-11,45.66,0.45062290130961,1.2906757596978609,0.048300226191125416,0.00002732893518927053,0.9516449971170386,0.000027447756646615185,-4635.083498
25.971304623749177,0.28051293660018267,73.05,0.031938425020116144,45.66,0.5205491923848021,0.8653340203400471,0.032327046559988165,0.00010611876396055592,0.9675560214582504,0.00001081321780089147,-4262.450772
37.546365090789635,0.13021888575213236,73.05,4.9912927387114386e-9,45.66,0.44706722700761725,1.2799823536095332,0.295165920169577,0.00004930909168934073,0.704650931775577,0.00013383896315678198,-4628.342808
35.49700842711606,0.5200004701827705,73.05,5.222349634030286e-25,45.66,0.5169942926997607,0.9718205750897878,0.03431220583516408,0.00011557031497960985,0.9655624865184603,0.000009737331396104482,-4270.023846
37.91709087864788,0.3917423486142554,73.05,0.19623869494392937,45.66,0.7168489519372097,0.914437227938874,0.045275802395818035,0.0001409226103954544,0.9545323641073583,0.000050910886428255896,-4238.146578
62.29188055356845,0.43669908353206194,73.05,0.26397088457136847,45.66,0.8370570104569341,0.9122532565877621,0.2680590837036627,0.01117345948147559,0.7095681627449896,0.011199294069872067,-5028.059129
62.19803768215067,0.46328781076394226,73.05,0.26122136218353,45.66,0.630698503630043,2.628808188439688,0.024766550670045424,0.00012843980740134304,0.9750682726762326,0.00003673684632064417,-4826.459459
52.01131424177082,0.5165177378055121,73.05,0.3838351995626378,45.66,0.9999922610135127,0.9807406353218677,0.07879478499194296,0.00006294071343458901,0.9211418814894401,3.9280518238374894e-7,-4249.351028
14.022562987164294,0.2810141981021617,73.05,1.7775282081117197e-15,45.66,0.4785749104820521,1.2495095608587992,0.07752992893560655,0.00008898405503227201,0.9222667977424172,0.00011428926694398619,-4597.35782
20.540935862263282,0.30447336290231947,73.05,7.24274887026197e-8,45.66,0.45362990720705915,1.0223448659847207,0.06300618774279024,0.000009107068617818668,0.9368860055444093,0.0000986996441826421,-4372.007564
24.757704783416656,0.3813111570391097,73.05,0.0541342821345467,45.66,0.49410988979647974,1.320629039175958,0.048300226191125416,0.00002732893518927053,0.9516449971170386,0.000027447756646615185,-4383.397549
21.061254859923654,0.2594306938979203,73.05,0.00006223016216710631,45.66,0.4267418281528813,0.9692322303172658,0.032327046559988165,0.00010611876396055592,0.9675560214582504,0.00001081321780089147,-4324.973267
22.1399583483414,0.325667626174089,73.05,0.107639462113061,45.66,0.5850799526523083,0.905635907565596,0.295165920169577,0.00004930909168934073,0.704650931775577,0.00013383896315678198,-6021.852631
26.213501014439178,0.5197057129353239,73.05,0.00000637213564139514,45.66,0.5436439652556715,0.920615113728191,0.03431220583516408,0.00011557031497960985,0.9655624865184603,0.000009737331396104482,-6859.814245
25.28091177243632,0.30801169109945514,73.05,0.0420938890296357,45.66,0.5045075771463978,0.9463627762975395,0.045275802395818035,0.0001409226103954544,0.9545323641073583,0.000050910886428255896,-4298.186617
33.300243765724204,0.4526374025515355,73.05,0.1823443568149681,45.66,0.8837000727732947,1.0001685705373984,0.2680590837036627,0.01117345948147559,0.7095681627449896,0.011199294069872067,-4353.691329
49.48272882388916,0.49827597623738024,73.05,0.34945217690197294,45.66,0.974651373325691,0.932962558368074,0.024766550670045424,0.00012843980740134304,0.9750682726762326,0.00003673684632064417,-4239.829084
52.28664349611337,0.5215189205256795,73.05,0.386494047863115,45.66,0.9994613462030099,0.9861350572484483,0.07879478499194296,0.00006294071343458901,0.9211418814894401,3.9280518238374894e-7,-4248.938425
36.5236872279169,0.14450948698629917,73.05,6.397215464835404e-21,45.66,0.4500488655652174,1.28503701587413,0.07752992893560655,0.00008898405503227201,0.9222667977424172,0.00011428926694398619,-4632.10927
36.011487866979884,0.1499889230701655,73.05,1.8865115432150033e-8,45.66,0.45115881418819187,1.2872068884275585,0.06300618774279024,0.000009107068617818668,0.9368860055444093,0.0000986996441826421,-4633.567179
35.99680596771826,0.15932718489577177,73.05,0.014274780432329206,45.66,0.4968492023875562,1.2074405936897206,0.048300226191125416,0.00002732893518927053,0.9516449971170386,0.000027447756646615185,-4636.702054
35.064046784938256,0.15792276511874687,73.05,3.3445127055442e-7,45.66,0.4512532749487159,1.2947847057344501,0.032327046559988165,0.00010611876396055592,0.9675560214582504,0.00001081321780089147,-4637.003334
37.555330596173235,0.13044561641487398,73.05,0.00028010148115583484,45.66,0.44635897807736646,1.2832929420702095,0.295165920169577,0.00004930909168934073,0.704650931775577,0.00013383896315678198,-4628.379906
35.49649659982992,0.5200236340704335,73.05,0.000004818758882622197,45.66,0.5411943528641325,0.913322218281339,0.03431220583516408,0.00011557031497960985,0.9655624865184603,0.000009737331396104482,-4270.81269
37.91790921694286,0.3917396589485922,73.05,0.19624127194873342,45.66,0.7164234332876904,0.9152807428336698,0.045275802395818035,0.0001409226103954544,0.9545323641073583,0.000050910886428255896,-4238.146388
40.17858292848955,0.5128179093509685,73.05,0.31702428599493254,45.66,0.9999999979926781,1.1466459900308432,0.2680590837036627,0.01117345948147559,0.7095681627449896,0.011199294069872067,-4388.810639
35.25103465628685,0.4926455635271046,73.05,0.0023185836844810946,45.66,0.9999997729664607,0.8595726773150456,0.024766550670045424,0.00012843980740134304,0.9750682726762326,0.00003673684632064417,-4420.113505
71.79613821769647,0.521784606834107,73.05,0.38660900731065917,45.66,0.9994592433291395,0.9856872885558021,0.07879478499194296,0.00006294071343458901,0.9211418814894401,3.9280518238374894e-7,-5172.471433
14.14209958670474,0.2959776558819427,73.05,0.00699341961663899,45.66,0.46205489812410167,1.3413589971505941,0.07752992893560655,0.00008898405503227201,0.9222667977424172,0.00011428926694398619,-4593.813255
20.54093995780579,0.304449311760748,73.05,2.1567175537724733e-22,45.66,0.4535641247464156,1.0224979386900936,0.06300618774279024,0.000009107068617818668,0.9368860055444093,0.0000986996441826421,-4372.00747
18.814066425827033,0.3401241220199259,73.05,0.0000017894802449908402,45.66,0.49933553583246754,0.9915652224378727,0.048300226191125416,0.00002732893518927053,0.9516449971170386,0.000027447756646615185,-4437.704417
30.281553000115736,0.31816506004027206,73.05,0.0913623376768124,45.66,0.5562289448365941,0.926885774175701,0.032327046559988165,0.00010611876396055592,0.9675560214582504,0.00001081321780089147,-4246.234349
21.51200321488723,0.32522655940133366,73.05,0.11158174173903841,45.66,0.5861697193550856,0.9060812780608899,0.295165920169577,0.00004930909168934073,0.704650931775577,0.00013383896315678198,-5011.435877
35.49681215476884,0.5200009714308766,73.05,1.6535942738986576e-10,45.66,0.5170583174878236,0.9715402846705667,0.03431220583516408,0.00011557031497960985,0.9655624865184603,0.000009737331396104482,-4270.023842
25.28113744892183,0.3080144483822449,73.05,0.042097459581628215,45.66,0.5045089676218271,0.9463791442650855,0.045275802395818035,0.0001409226103954544,0.9545323641073583,0.000050910886428255896,-4298.186617
33.39619666834448,0.4561165176667717,73.05,0.18488875718226533,45.66,0.8511150056539023,1.0302250783606512,0.2680590837036627,0.01117345948147559,0.7095681627449896,0.011199294069872067,-4354.278552
38.602250175265794,0.49257156372679106,73.05,0.25609070339169177,45.66,0.9999999492507695,1.0791268059139019,0.024766550670045424,0.00012843980740134304,0.9750682726762326,0.00003673684632064417,-4364.480947
52.30297147686635,0.5218401084257243,73.05,0.3866343004647085,45.66,0.9995559492762629,0.986751471292797,0.07879478499194296,0.00006294071343458901,0.9211418814894401,3.9280518238374894e-7,-4248.931925
36.522835855653206,0.14446948652221572,73.05,2.917446387650457e-20,45.66,0.45003499974198796,1.2850212154643068,0.07752992893560655,0.00008898405503227201,0.9222667977424172,0.00011428926694398619,-4632.10927
36.01131440592161,0.15001613304217995,73.05,1.7508604627024247e-8,45.66,0.4511499044539857,1.2872673977186806,0.06300618774279024,0.000009107068617818668,0.9368860055444093,0.0000986996441826421,-4633.567179
36.00407887099403,0.15945686594845135,73.05,0.014523344457670182,45.66,0.4989408240624264,1.2027545194362665,0.048300226191125416,0.00002732893518927053,0.9516449971170386,0.000027447756646615185,-4636.812034
30.286209306166032,0.3183384667639231,73.05,0.09149529253666319,45.66,0.5599420353627149,0.9190583668528249,0.032327046559988165,0.00010611876396055592,0.9675560214582504,0.00001081321780089147,-4246.236307
37.54661420362508,0.1302173059970776,73.05,3.6759890297337004e-8,45.66,0.44705827146808674,1.2799975666449033,0.295165920169577,0.00004930909168934073,0.704650931775577,0.00013383896315678198,-4628.342813
35.50100682132017,0.5200718251370807,73.05,0.000006674478829021986,45.66,0.5441626892262178,0.9147312176902564,0.03431220583516408,0.00011557031497960985,0.9655624865184603,0.000009737331396104482,-4270.857614
37.91474081126731,0.39174545332753125,73.05,0.19622013428655405,45.66,0.7199439601024332,0.9084145843816979,0.045275802395818035,0.0001409226103954544,0.9545323641073583,0.000050910886428255896,-4238.158111
47.28192640039765,0.4598992627031982,73.05,0.31012071383428735,45.66,0.8613416894816716,0.9259127735193903,0.2680590837036627,0.01117345948147559,0.7095681627449896,0.011199294069872067,-4284.631397
35.48926175376396,0.16945811318379086,73.05,0.03075214469787724,45.66,0.4806473311244074,1.2959512110701235,0.024766550670045424,0.00012843980740134304,0.9750682726762326,0.00003673684632064417,-4640.145695
71.71511153016112,0.5209256421798105,73.05,0.3875904892066866,45.66,0.9996341013829652,0.9859633187549766,0.07879478499194296,0.00006294071343458901,0.9211418814894401,3.9280518238374894e-7,-5169.439164
19.229944500816117,0.2538521522361047,73.05,0.0008702501341810461,45.66,0.427258803138737,0.9330723046704263,0.07752992893560655,0.00008898405503227201,0.9222667977424172,0.00011428926694398619,-4639.939556
20.540970792241062,0.3044540951704701,73.05,2.014275554370249e-9,45.66,0.4535693595200546,1.022532208426699,0.06300618774279024,0.000009107068617818668,0.9368860055444093,0.0000986996441826421,-4372.007473
18.815832975910098,0.3405425260448153,73.05,0.00002374733225826239,45.66,0.5014903617745999,0.9885858137860308,0.048300226191125416,0.00002732893518927053,0.9516449971170386,0.000027447756646615185,-4437.974222
21.062646780396406,0.25981503765517383,73.05,2.06305588201043e-7,45.66,0.42568452507488275,0.9745930874562054,0.032327046559988165,0.00010611876396055592,0.9675560214582504,0.00001081321780089147,-4324.856359
19.89247887539388,0.35088978661289827,73.05,0.0002478551905802636,45.66,0.4777768713762903,1.0799358759207842,0.295165920169577,0.00004930909168934073,0.704650931775577,0.00013383896315678198,-4404.60294
35.502131898326965,0.5200714777198441,73.05,0.000014638994137710513,45.66,0.5429651326397331,0.9208546619651841,0.03431220583516408,0.00011557031497960985,0.9655624865184603,0.000009737331396104482,-4270.734769
25.28094469490945,0.30800907596254296,73.05,0.04209692257330972,45.66,0.5045099351127459,0.9463976123276449,0.045275802395818035,0.0001409226103954544,0.9545323641073583,0.000050910886428255896,-4298.186617
33.30719136961672,0.4530037385479072,73.05,0.18245565909250822,45.66,0.9278240083653955,0.9336150232362233,0.2680590837036627,0.01117345948147559,0.7095681627449896,0.011199294069872067,-4354.728486
38.906376043255044,0.4989889755399018,73.05,0.26126111295768006,45.66,0.9985726540512178,1.099488849029714,0.024766550670045424,0.00012843980740134304,0.9750682726762326,0.00003673684632064417,-4364.824117
42.87521337684078,0.4392737232124003,73.05,0.26241149573291095,45.66,0.7971298086550499,0.9698925999368779,0.07879478499194296,0.00006294071343458901,0.9211418814894401,3.9280518238374894e-7,-4236.786738
36.523524390241704,0.1445023617624245,73.05,1.1881309607855308e-11,45.66,0.45004571618904143,1.2850058051572082,0.07752992893560655,0.00008898405503227201,0.9222667977424172,0.00011428926694398619,-4632.10927
36.01057586573201,0.14998658202789378,73.05,1.0504238629873115e-9,45.66,0.45114197722731264,1.2872745816324789,0.06300618774279024,0.000009107068617818668,0.9368860055444093,0.0000986996441826421,-4633.567178
35.94752476698825,0.15891461798541268,73.05,0.012578515858829468,45.66,0.49654291113258753,1.2044700269902184,0.048300226191125416,0.00002732893518927053,0.9516449971170386,0.000027447756646615185,-4636.681095
30.286865974952967,0.3183601315166794,73.05,0.09150700473549013,45.66,0.5603785930864561,0.9182471686453743,0.032327046559988165,0.00010611876396055592,0.9675560214582504,0.00001081321780089147,-4246.238289
37.54653844993945,0.13021574280088777,73.05,1.4196520415096327e-9,45.66,0.4470805653224678,1.2799361770627549,0.295165920169577,0.00004930909168934073,0.704650931775577,0.00013383896315678198,-4628.342808
39.6455013078765,0.5252361801384977,73.05,5.1837779660929026e-27,45.66,0.6713856968529738,1.6014877906647296,0.03431220583516408,0.00011557031497960985,0.9655624865184603,0.000009737331396104482,-4768.555027
37.91821067999746,0.3917440861109763,73.05,0.19623904088153343,45.66,0.7162137374333486,0.9157327373624006,0.045275802395818035,0.0001409226103954544,0.9545323641073583,0.000050910886428255896,-4238.146431
144.63255061413338,0.36909902518677523,73.05,0.7802042631472152,45.66,0.7595311301044196,0.8289185319547163,0.2680590837036627,0.01117345948147559,0.7095681627449896,0.011199294069872067,-4291.023981
50.10507567244568,0.5028597343490586,73.05,0.36390072174498383,45.66,0.954262904249271,1.0062204095938903,0.024766550670045424,0.00012843980740134304,0.9750682726762326,0.00003673684632064417,-4243.108461
71.74831680961461,0.5219003721565872,73.05,0.38737875978308695,45.66,0.9996071214069786,0.986409528386618,0.07879478499194296,0.00006294071343458901,0.9211418814894401,3.9280518238374894e-7,-5172.413122
19.226674417023514,0.2526786850001011,73.05,0.0008258455229529701,45.66,0.4288248338131326,0.9329752290224471,0.07752992893560655,0.00008898405503227201,0.9222667977424172,0.00011428926694398619,-4637.88161
20.54101444348488,0.304454468535974,73.05,9.996699331139327e-7,45.66,0.4535794951910723,1.0224873489962631,0.06300618774279024,0.000009107068617818668,0.9368860055444093,0.0000986996441826421,-4372.008442
26.99717097096196,0.2875000313928097,73.05,0.047794232089406974,45.66,0.4993725704024205,0.9196641583617581,0.048300226191125416,0.00002732893518927053,0.9516449971170386,0.000027447756646615185,-4248.428969
30.284015120039225,0.31825814876526687,73.05,0.09142715319116446,45.66,0.5579091918038921,0.9234940702823141,0.032327046559988165,0.00010611876396055592,0.9675560214582504,0.00001081321780089147,-4246.231533
20.027818480425182,0.37479724422133864,73.05,0.006688284777594787,45.66,0.6330433961281843,0.8200362763119151,0.295165920169577,0.00004930909168934073,0.704650931775577,0.00013383896315678198,-4431.012316
28.373198951403833,0.5188759101503709,73.05,0.000005295249875345952,45.66,0.5442982209225085,0.923831973300181,0.03431220583516408,0.00011557031497960985,0.9655624865184603,0.000009737331396104482,-5876.443054
25.281088260764577,0.30801266079746686,73.05,0.042097083723119266,45.66,0.5045060410477634,0.946375833221995,0.045275802395818035,0.0001409226103954544,0.9545323641073583,0.000050910886428255896,-4298.186617
33.338845347737255,0.4540747953835899,73.05,0.18335123632195957,45.66,0.9426045369896672,0.9063247209065297,0.2680590837036627,0.01117345948147559,0.7095681627449896,0.011199294069872067,-4355.768522
38.602067098562394,0.4925673870391296,73.05,0.2560869076662005,45.66,0.9999999260473126,1.0791347020466853,0.024766550670045424,0.00012843980740134304,0.9750682726762326,0.00003673684632064417,-4364.480948
43.09842750227107,0.44783822237080817,73.05,0.2624013586904565,45.66,0.999999999983316,0.9771393794169928,0.07879478499194296,0.00006294071343458901,0.9211418814894401,3.9280518238374894e-7,-4266.564068
36.52293683576723,0.1444662310753726,73.05,7.632302140754415e-16,45.66,0.45002775364279696,1.2850451195028953,0.07752992893560655,0.00008898405503227201,0.9222667977424172,0.00011428926694398619,-4632.10927
36.01180598750996,0.15000066366289058,73.05,7.282380495624954e-8,45.66,0.4511671048225421,1.2871823930533977,0.06300618774279024,0.000009107068617818668,0.9368860055444093,0.0000986996441826421,-4633.567183
35.98906045773088,0.1592463184473842,73.05,0.014028388724327259,45.66,0.49910036069338126,1.2011579732909226,0.048300226191125416,0.00002732893518927053,0.9516449971170386,0.000027447756646615185,-4636.820326
30.287152024615715,0.3183790725410134,73.05,0.09152268589355075,45.66,0.560258538500086,0.918807906388454,0.032327046559988165,0.00010611876396055592,0.9675560214582504,0.00001081321780089147,-4246.237092
37.54679052905996,0.13023649841822632,73.05,0.000010409136282478126,45.66,0.44695472060955277,1.2804154589547077,0.295165920169577,0.00004930909168934073,0.704650931775577,0.00013383896315678198,-4628.344168
35.500494380472794,0.5200663023515312,73.05,0.000006089945903013345,45.66,0.5439183566793017,0.9145568301217519,0.03431220583516408,0.00011557031497960985,0.9655624865184603,0.000009737331396104482,-4270.852765
37.90632001761679,0.391361451134419,73.05,0.19609985057438287,45.66,0.7079883699056789,0.9246466023868987,0.045275802395818035,0.0001409226103954544,0.9545323641073583,0.000050910886428255896,-4238.184424
37.230050590143094,0.13382863208643128,73.05,2.4354743460502544e-8,45.66,0.4483310638227938,1.2800677567441416,0.2680590837036627,0.01117345948147559,0.7095681627449896,0.011199294069872067,-4629.032897
69.31725942477057,0.4982380880484824,73.05,0.34593705895721333,45.66,0.9793594908815068,0.9321158336471128,0.024766550670045424,0.00012843980740134304,0.9750682726762326,0.00003673684632064417,-5131.863434
37.106095819428475,0.18766931621173819,73.05,2.7799709279073126e-7,45.66,0.3709249981514452,1.678728857630997,0.07879478499194296,0.00006294071343458901,0.9211418814894401,3.9280518238374894e-7,-4640.764815
20.420791658098366,0.3135160667500352,73.05,3.533192007351398e-10,45.66,0.459181631850748,1.0318353406721814,0.07752992893560655,0.00008898405503227201,0.9222667977424172,0.00011428926694398619,-4381.406693
22.939169845068246,0.4003867476480815,73.05,0.07208026301875217,45.66,0.5904243755560898,1.1249593014684343,0.06300618774279024,0.000009107068617818668,0.9368860055444093,0.0000986996441826421,-4458.137757
18.816221260685094,0.34063334940027573,73.05,0.000026012136860313668,45.66,0.4999103295095759,0.9931853065495805,0.048300226191125416,0.00002732893518927053,0.9516449971170386,0.000027447756646615185,-4437.80778
21.065303731865356,0.25957718959563253,73.05,0.00028833937335400253,45.66,0.41269293143031255,1.0172760984487925,0.032327046559988165,0.00010611876396055592,0.9675560214582504,0.00001081321780089147,-4325.693016
19.89307896460923,0.35159109750111234,73.05,0.0002336026921406658,45.66,0.47831183766344965,1.0816289811242457,0.295165920169577,0.00004930909168934073,0.704650931775577,0.00013383896315678198,-4404.595553
26.3267895859834,0.5196492811716886,73.05,0.00000657715509903705,45.66,0.5435213704808433,0.920828000059489,0.03431220583516408,0.00011557031497960985,0.9655624865184603,0.000009737331396104482,-6798.528239
25.28110860200991,0.3080086382124316,73.05,0.04210163543242559,45.66,0.5045207959162513,0.9463790217213145,0.045275802395818035,0.0001409226103954544,0.9545323641073583,0.000050910886428255896,-4298.186618
30.35854549635071,0.3160283211908522,73.05,0.09356624909085767,45.66,0.5803593233669097,0.8624354861777387,0.2680590837036627,0.01117345948147559,0.7095681627449896,0.011199294069872067,-4235.558106
38.96244286631932,0.5002019639606049,73.05,0.26226932065597913,45.66,0.99981569520599,1.09975726884657,0.024766550670045424,0.00012843980740134304,0.9750682726762326,0.00003673684632064417,-4364.905943
42.855339278205776,0.4394415264949465,73.05,0.26226426325249613,45.66,0.8359636661586669,0.9003913374298311,0.07879478499194296,0.00006294071343458901,0.9211418814894401,3.9280518238374894e-7,-4235.991033
36.52295813248301,0.14447368273083053,73.05,1.9718963214647873e-11,45.66,0.4500363179880832,1.2850876496874526,0.07752992893560655,0.00008898405503227201,0.9222667977424172,0.00011428926694398619,-4632.10927
36.01104014493639,0.14997321066763766,73.05,2.2092098247005708e-8,45.66,0.4511450406952928,1.2872570472078244,0.06300618774279024,0.000009107068617818668,0.9368860055444093,0.0000986996441826421,-4633.56718
35.987639074342574,0.15938135960286534,73.05,0.014046497180965092,45.66,0.4986267817241652,1.2024605517764608,0.048300226191125416,0.00002732893518927053,0.9516449971170386,0.000027447756646615185,-4636.794653
30.287593034703647,0.3183941897873484,73.05,0.09152675622150899,45.66,0.5599916912508552,0.9196933142324827,0.032327046559988165,0.00010611876396055592,0.9675560214582504,0.00001081321780089147,-4246.235449
37.54630064991152,0.1302168253490556,73.05,7.13459310436361e-8,45.66,0.4470956304836901,1.279949554455012,0.295165920169577,0.00004930909168934073,0.704650931775577,0.00013383896315678198,-4628.342818
35.50402963935933,0.5200950421830997,73.05,0.000009579616967579764,45.66,0.5445638311975973,0.9209122874528317,0.03431220583516408,0.00011557031497960985,0.9655624865184603,0.000009737331396104482,-4270.803075
37.91775775362652,0.39173957419283106,73.05,0.1962415378514631,45.66,0.7163785946862228,0.9153385053657261,0.045275802395818035,0.0001409226103954544,0.9545323641073583,0.000050910886428255896,-4238.146388
42.963291139600486,0.44059377078442796,73.05,0.2636679840306718,45.66,0.8365485020280818,0.9059561543093467,0.2680590837036627,0.01117345948147559,0.7095681627449896,0.011199294069872067,-4236.802628
84.293059155198,0.44681593208754883,73.05,0.7300760902906784,45.66,0.9052299922174213,2.4791722760135233,0.024766550670045424,0.00012843980740134304,0.9750682726762326,0.00003673684632064417,-4781.35998
32.48231032018154,0.42223172625645944,73.05,0.1672051297710579,45.66,0.8001057709714138,0.9641817517447726,0.07879478499194296,0.00006294071343458901,0.9211418814894401,3.9280518238374894e-7,-4358.940797
20.420780532523192,0.31350755033007965,73.05,8.318995064682744e-8,45.66,0.45916896688666325,1.0319156115118555,0.07752992893560655,0.00008898405503227201,0.9222667977424172,0.00011428926694398619,-4381.406809
21.788244189470866,0.3829750509661941,73.05,0.014100649912609798,45.66,0.5636703338554627,1.0419088413738933,0.06300618774279024,0.000009107068617818668,0.9368860055444093,0.0000986996441826421,-4388.203414
26.99767114287508,0.2875093011587473,73.05,0.047805001385242615,45.66,0.4994479448539506,0.9195990950066958,0.048300226191125416,0.00002732893518927053,0.9516449971170386,0.000027447756646615185,-4248.428977
21.64482642384498,0.35157833337955163,73.05,0.009271543360430535,45.66,0.5302550193687773,1.02772472673678,0.032327046559988165,0.00010611876396055592,0.9675560214582504,0.00001081321780089147,-4377.554522
21.521565429458008,0.3308496991893603,73.05,0.11209355885229695,45.66,0.5884281908085877,0.9087362512832751,0.295165920169577,0.00004930909168934073,0.704650931775577,0.00013383896315678198,-4998.149048
27.078265442032908,0.5203245830032444,73.05,0.000007926410875298777,45.66,0.5414342075341216,0.9180506231753583,0.03431220583516408,0.00011557031497960985,0.9655624865184603,0.000009737331396104482,-7173.531279
25.281309124014665,0.30801679597143805,73.05,0.042103380509697266,45.66,0.5045196165484982,0.9464190787168152,0.045275802395818035,0.0001409226103954544,0.9545323641073583,0.000050910886428255896,-4298.186618
30.348517364651116,0.315493859689173,73.05,0.09328535784737157,45.66,0.5602012479305061,0.9078606483264553,0.2680590837036627,0.01117345948147559,0.7095681627449896,0.011199294069872067,-4234.98705
38.79933542969568,0.49669991405164693,73.05,0.25939339963198116,45.66,0.9999995159436952,1.0914349584312215,0.024766550670045424,0.00012843980740134304,0.9750682726762326,0.00003673684632064417,-4364.59879
42.880466147209546,0.4392470126398076,73.05,0.2624702286597871,45.66,0.7879890745156406,0.9873440694286137,0.07879478499194296,0.00006294071343458901,0.9211418814894401,3.9280518238374894e-7,-4237.272351
36.523426773785296,0.14448536612425047,73.05,2.5821530879828156e-9,45.66,0.4500597632924875,1.2849893827653438,0.07752992893560655,0.00008898405503227201,0.9222667977424172,0.00011428926694398619,-4632.10927
36.011653836047145,0.14999873197125366,73.05,4.790820087669597e-8,45.66,0.45115522296522137,1.287235446129459,0.06300618774279024,0.000009107068617818668,0.9368860055444093,0.0000986996441826421,-4633.567181
35.55230108369964,0.15118760271802517,73.05,1.3770143082192172e-21,45.66,0.4506302733797094,1.2906504262976326,0.048300226191125416,0.00002732893518927053,0.9516449971170386,0.000027447756646615185,-4635.083498
30.284284781258265,0.318266973112531,73.05,0.0914307006826443,45.66,0.5579241024697934,0.9234695967619742,0.032327046559988165,0.00010611876396055592,0.9675560214582504,0.00001081321780089147,-4246.231534
37.54656988120763,0.1302155287479932,73.05,0.0000011060513915687482,45.66,0.44704695199315214,1.2800441964737275,0.295165920169577,0.00004930909168934073,0.704650931775577,0.00013383896315678198,-4628.342951
58.85610657520519,0.5185500416486559,73.05,0.000006643712031805501,45.66,0.5436921476228014,0.9164134199893857,0.03431220583516408,0.00011557031497960985,0.9655624865184603,0.000009737331396104482,-5748.861227
37.91794029776174,0.39174056501196847,73.05,0.19624103278749405,45.66,0.7163993292339017,0.9153472335102432,0.045275802395818035,0.0001409226103954544,0.9545323641073583,0.000050910886428255896,-4238.146388
144.62485595827235,0.36907927981237915,73.05,0.7800923542578855,45.66,0.7594741797844174,0.8289437508413988,0.2680590837036627,0.01117345948147559,0.7095681627449896,0.011199294069872067,-4291.023981
49.478556195073566,0.4981960072374694,73.05,0.34940805510040807,45.66,0.9737614619274652,0.9335583814720001,0.024766550670045424,0.00012843980740134304,0.9750682726762326,0.00003673684632064417,-4239.843532
172.65986839101308,0.4324580097394816,73.05,1.1724809380725092,45.66,1,0.7636795765329789,0.07879478499194296,0.00006294071343458901,0.9211418814894401,3.9280518238374894e-7,-4302.729872
25.090952158032124,0.26530522697524866,73.05,0.01960496525617656,45.66,0.44896631279399113,0.9544548688100029,0.07752992893560655,0.00008898405503227201,0.9222667977424172,0.00011428926694398619,-4249.315865
18.93871012539342,0.3054730119079389,73.05,0.0005272955170758179,45.66,0.4623477337561356,1.1557847104698493,0.06300618774279024,0.000009107068617818668,0.9368860055444093,0.0000986996441826421,-4475.864352
26.998509945434318,0.2875230870173657,73.05,0.0478215318316795,45.66,0.4995122131639297,0.9194840814769685,0.048300226191125416,0.00002732893518927053,0.9516449971170386,0.000027447756646615185,-4248.42899
21.06269754653974,0.25982471613481206,73.05,1.709914028556267e-9,45.66,0.4256844124713824,0.9746196746888505,0.032327046559988165,0.00010611876396055592,0.9675560214582504,0.00001081321780089147,-4324.856003
21.427568822293537,0.32539047179793884,73.05,0.10695403129972449,45.66,0.5842291202342371,0.9060719024834928,0.295165920169577,0.00004930909168934073,0.704650931775577,0.00013383896315678198,-5034.871319
26.949948835859573,0.5197836558733925,73.05,0.00000723582200349561,45.66,0.5431450762398896,0.9174521359851846,0.03431220583516408,0.00011557031497960985,0.9655624865184603,0.000009737331396104482,-6203.518697
25.280218143721246,0.30807043515941646,73.05,0.04206160786837296,45.66,0.5101275464924021,0.9305727252200043,0.045275802395818035,0.0001409226103954544,0.9545323641073583,0.000050910886428255896,-4298.243002
28.011985406856553,0.4202166068644256,73.05,0.10196606527477355,45.66,0.7440360517348872,1.0195431912057014,0.2680590837036627,0.01117345948147559,0.7095681627449896,0.011199294069872067,-4369.179137
38.79072406980148,0.496516321430861,73.05,0.25924241107606744,45.66,0.9994139325882345,1.0921040875967791,0.024766550670045424,0.00012843980740134304,0.9750682726762326,0.00003673684632064417,-4364.60797
42.87180471715606,0.44348911842116245,73.05,0.26225440725135474,45.66,1,0.7881787633890849,0.07879478499194296,0.00006294071343458901,0.9211418814894401,3.9280518238374894e-7,-4247.438088
36.523170554750855,0.14450103178785648,73.05,1.723674000251551e-13,45.66,0.45002878155078657,1.2850574181194163,0.07752992893560655,0.00008898405503227201,0.9222667977424172,0.00011428926694398619,-4632.10927
36.01130293370225,0.1499996895027993,73.05,1.787176009670876e-8,45.66,0.45115020519373994,1.287221090270432,0.06300618774279024,0.000009107068617818668,0.9368860055444093,0.0000986996441826421,-4633.567179
35.55243788877716,0.15118800906790852,73.05,3.7495438249985125e-8,45.66,0.4506202462328594,1.2906751454758427,0.048300226191125416,0.00002732893518927053,0.9516449971170386,0.000027447756646615185,-4635.0835
35.065050234187304,0.1578843904108811,73.05,7.871754474466263e-9,45.66,0.4512558543043731,1.2946804849769566,0.032327046559988165,0.00010611876396055592,0.9675560214582504,0.00001081321780089147,-4637.003323
144.62649433911963,0.3690775653994341,73.05,0.7801300618778966,45.66,0.7595171166838629,0.8288829622446772,0.295165920169577,0.00004930909168934073,0.704650931775577,0.00013383896315678198,-4291.025251
58.93424995254901,0.5196214751942223,73.05,0.000008042708228728378,45.66,0.5440106781646978,0.9196670041563109,0.03431220583516408,0.00011557031497960985,0.9655624865184603,0.000009737331396104482,-5750.557287
37.91747638753832,0.3917421390563517,73.05,0.19623293587046473,45.66,0.7164035567687369,0.9153204579455085,0.045275802395818035,0.0001409226103954544,0.9545323641073583,0.000050910886428255896,-4238.146389
150.61606613653308,0.3851953568611272,73.05,0.8619246741854922,45.66,0.806794481091946,0.8094184945306254,0.2680590837036627,0.01117345948147559,0.7095681627449896,0.011199294069872067,-4291.595848
80.12959328006474,0.49837048098952214,73.05,0.28479036756522413,45.66,0.9848391921400657,0.9448572673271425,0.024766550670045424,0.00012843980740134304,0.9750682726762326,0.00003673684632064417,-5174.809269
36.90535044861657,0.13983068778494462,73.05,8.185451600839029e-15,45.66,0.4485930515686831,1.2848550234589278,0.07879478499194296,0.00006294071343458901,0.9211418814894401,3.9280518238374894e-7,-4631.467061
20.42077436608791,0.31351213184707016,73.05,2.722784595765796e-50,45.66,0.45918289558709774,1.0318502090292958,0.07752992893560655,0.00008898405503227201,0.9222667977424172,0.00011428926694398619,-4381.406692
20.54095482880675,0.3044484324636901,73.05,4.590094454291621e-9,45.66,0.45356542084738477,1.022495260690084,0.06300618774279024,0.000009107068617818668,0.9368860055444093,0.0000986996441826421,-4372.007475
27.02268221579078,0.2879777629220122,73.05,0.04826024242832365,45.66,0.4993936843211447,0.923884871577254,0.048300226191125416,0.00002732893518927053,0.9516449971170386,0.000027447756646615185,-4248.436889
21.06239406485753,0.2597702614100104,73.05,2.0574509826252405e-7,45.66,0.42735693923721185,0.9685345778718315,0.032327046559988165,0.00010611876396055592,0.9675560214582504,0.00001081321780089147,-4324.863694
26.521533327399112,0.29269776830036176,73.05,0.03787244959857067,45.66,0.5391899599902449,0.9016009498433706,0.295165920169577,0.00004930909168934073,0.704650931775577,0.00013383896315678198,-4267.235158
27.97760203664626,0.5200396870793702,73.05,0.000007729608268459386,45.66,0.5428531797011478,0.9180580780576502,0.03431220583516408,0.00011557031497960985,0.9655624865184603,0.000009737331396104482,-7202.73888
25.291044356068856,0.30811746328283873,73.05,0.04234091587401857,45.66,0.49451370130746525,0.9754783873066258,0.045275802395818035,0.0001409226103954544,0.9545323641073583,0.000050910886428255896,-4298.36335
33.32092439210106,0.4535759931265058,73.05,0.182793899729694,45.66,0.9156330738281434,0.9571994917664267,0.2680590837036627,0.01117345948147559,0.7095681627449896,0.011199294069872067,-4354.148395
38.824946225143684,0.4972385565333233,73.05,0.2598374108522656,45.66,0.9999938649937599,1.0929520611730816,0.024766550670045424,0.00012843980740134304,0.9750682726762326,0.00003673684632064417,-4364.632616
42.872253806882526,0.43925190224065613,73.05,0.26244181947730644,45.66,0.8046757415229672,0.9556612877261476,0.07879478499194296,0.00006294071343458901,0.9211418814894401,3.9280518238374894e-7,-4236.465786
36.52296861702734,0.1444862835692741,73.05,4.113352627561049e-9,45.66,0.45002932574244225,1.28509041603327,0.07752992893560655,0.00008898405503227201,0.9222667977424172,0.00011428926694398619,-4632.10927
36.011422168377315,0.14999245457855434,73.05,2.420218090254587e-8,45.66,0.45114721547791226,1.2872347641541388,0.06300618774279024,0.000009107068617818668,0.9368860055444093,0.0000986996441826421,-4633.567179
35.63033211627904,0.1569315829226344,73.05,0.0012947843182109402,45.66,0.4983303992914538,1.1764350416066647,0.048300226191125416,0.00002732893518927053,0.9516449971170386,0.000027447756646615185,-4636.870607
35.064401823178365,0.15790881349798055,73.05,2.9984501458638605e-9,45.66,0.45123743720436843,1.2947611791954179,0.032327046559988165,0.00010611876396055592,0.9675560214582504,0.00001081321780089147,-4637.003323
37.54636744329371,0.13019471838041052,73.05,9.985764546640457e-9,45.66,0.4470540171056182,1.2800091518441588,0.295165920169577,0.00004930909168934073,0.704650931775577,0.00013383896315678198,-4628.342809
59.00022678944886,0.5197470823842101,73.05,0.000007131361237351484,45.66,0.5441225913346778,0.9196700572432731,0.03431220583516408,0.00011557031497960985,0.9655624865184603,0.000009737331396104482,-5751.953415
37.91416516558446,0.39171640829549614,73.05,0.19619481390152893,45.66,0.7178672479815973,0.9117884092586037,0.045275802395818035,0.0001409226103954544,0.9545323641073583,0.000050910886428255896,-4238.149508
61.17246681197632,0.43862648749523997,73.05,0.2584726564247296,45.66,0.8436249388373465,0.9129943637851009,0.2680590837036627,0.01117345948147559,0.7095681627449896,0.011199294069872067,-5022.866438
76.68106384190132,0.4963369741565578,73.05,0.20764851477839202,45.66,0.993368342005125,0.9473923577785515,0.024766550670045424,0.00012843980740134304,0.9750682726762326,0.00003673684632064417,-5172.439578
141.4982208424746,0.35975158110560623,73.05,0.7387072773094271,45.66,0.7106529786092506,0.8926124025943117,0.07879478499194296,0.00006294071343458901,0.9211418814894401,3.9280518238374894e-7,-4292.307937
24.851186561835398,0.2603128464626809,73.05,0.014041289345957242,45.66,0.44432523826891934,0.9113433367425081,0.07752992893560655,0.00008898405503227201,0.9222667977424172,0.00011428926694398619,-4249.841091
18.93639742886768,0.3055207757963831,73.05,0.0004592744260172769,45.66,0.4624564472292265,1.1551774721175772,0.06300618774279024,0.000009107068617818668,0.9368860055444093,0.0000986996441826421,-4475.887982
27.031856311268925,0.28819683033721444,73.05,0.04841892162321893,45.66,0.49935129386517285,0.9278466161827675,0.048300226191125416,0.00002732893518927053,0.9516449971170386,0.000027447756646615185,-4248.457877
21.3325781853715,0.2974748959114151,73.05,0.0037038881585587987,45.66,0.5890213580087059,0.7793251408463631,0.032327046559988165,0.00010611876396055592,0.9675560214582504,0.00001081321780089147,-4364.625722
20.251386330863987,0.4323856428424798,73.05,0.014639362957633304,45.66,0.5095388855065706,1.207784725226134,0.295165920169577,0.00004930909168934073,0.704650931775577,0.00013383896315678198,-4435.012321
27.07086884708581,0.5200620197824755,73.05,0.0000116459895453283,45.66,0.5433707415828141,0.9170388231897137,0.03431220583516408,0.00011557031497960985,0.9655624865184603,0.000009737331396104482,-7167.88758
25.281178922582768,0.3080130868720942,73.05,0.04210106749469108,45.66,0.5045300316145962,0.9463382133818824,0.045275802395818035,0.0001409226103954544,0.9545323641073583,0.000050910886428255896,-4298.186617
42.96598280072406,0.44058024682649494,73.05,0.2636780489106139,45.66,0.8305372481663734,0.9156436255306969,0.2680590837036627,0.01117345948147559,0.7095681627449896,0.011199294069872067,-4236.80796
38.89789874283697,0.4988008529684951,73.05,0.2611127376054313,45.66,0.9983546280739125,1.0995445914542983,0.024766550670045424,0.00012843980740134304,0.9750682726762326,0.00003673684632064417,-4364.814501
52.30731482444695,0.5219261520717899,73.05,0.3866651390715954,45.66,0.9994035702488565,0.9868079797996975,0.07879478499194296,0.00006294071343458901,0.9211418814894401,3.9280518238374894e-7,-4248.937987
36.522949252386596,0.14446951944892786,73.05,3.94992177502009e-18,45.66,0.45001663999247693,1.285099347715252,0.07752992893560655,0.00008898405503227201,0.9222667977424172,0.00011428926694398619,-4632.10927
36.01167786796441,0.15000412172475075,73.05,4.326636069972499e-8,45.66,0.45116700295805534,1.2872150634376442,0.06300618774279024,0.000009107068617818668,0.9368860055444093,0.0000986996441826421,-4633.567181
35.9786482712959,0.15921186036381446,73.05,0.01367224143711954,45.66,0.49746708112157517,1.204698218359468,0.048300226191125416,0.00002732893518927053,0.9516449971170386,0.000027447756646615185,-4636.732279
30.291026397882113,0.3185593828436565,73.05,0.09162891918344479,45.66,0.5624367976598699,0.9158360591696555,0.032327046559988165,0.00010611876396055592,0.9675560214582504,0.00001081321780089147,-4246.248885
37.546748500458186,0.13020352316069375,73.05,1.870314492773322e-8,45.66,0.4470843939268717,1.2799321946021254,0.295165920169577,0.00004930909168934073,0.704650931775577,0.00013383896315678198,-4628.342811
58.88801531205796,0.5202184051998707,73.05,0.000008255470204387062,45.66,0.5437706853163146,0.9200185668449881,0.03431220583516408,0.00011557031497960985,0.9655624865184603,0.000009737331396104482,-5754.50985
37.91554448838323,0.3917386486781426,73.05,0.19624061330395526,45.66,0.7195687613706809,0.9093241482975366,0.045275802395818035,0.0001409226103954544,0.9545323641073583,0.000050910886428255896,-4238.15527
42.963390578453854,0.4404135785178576,73.05,0.2637382095882642,45.66,0.8322050285187008,0.910575903899417,0.2680590837036627,0.01117345948147559,0.7095681627449896,0.011199294069872067,-4236.801711
67.30374401292339,0.49170852009961113,73.05,0.06286090169143899,45.66,0.9999410755535988,1.9961320314349187,0.024766550670045424,0.00012843980740134304,0.9750682726762326,0.00003673684632064417,-4977.283868
36.965636847689126,0.1361283149509019,73.05,1.0606480158365406e-8,45.66,0.5525604275192957,0.9659511339660284,0.07879478499194296,0.00006294071343458901,0.9211418814894401,3.9280518238374894e-7,-4645.189328
24.798619255835213,0.2595276374762296,73.05,0.012762295274510706,45.66,0.43509946484417644,0.9414557833649501,0.07752992893560655,0.00008898405503227201,0.9222667977424172,0.00011428926694398619,-4249.861926
18.918376014538023,0.3056300439533247,73.05,2.429954586289839e-9,45.66,0.4646574338575419,1.1483217760647688,0.06300618774279024,0.000009107068617818668,0.9368860055444093,0.0000986996441826421,-4476.054141
26.99637220291305,0.2874838291768456,73.05,0.047782155619425955,45.66,0.49928745502460337,0.9198011619736229,0.048300226191125416,0.00002732893518927053,0.9516449971170386,0.000027447756646615185,-4248.428971
21.620605222671358,0.34980434919909964,73.05,0.008319389642667808,45.66,0.5419050086752081,0.9891029445592551,0.032327046559988165,0.00010611876396055592,0.9675560214582504,0.00001081321780089147,-4377.856917
21.491235245241775,0.3238778914972368,73.05,0.11037629398241315,45.66,0.583455907377568,0.9067113685961397,0.295165920169577,0.00004930909168934073,0.704650931775577,0.00013383896315678198,-5022.18236
26.316517268567495,0.5204521339944732,73.05,0.000009357822607788262,45.66,0.5422527301407588,0.9180937988060961,0.03431220583516408,0.00011557031497960985,0.9655624865184603,0.000009737331396104482,-7023.958637
25.28273656438232,0.30802591405982416,73.05,0.04213664253632356,45.66,0.5020733285695909,0.9533448291342362,0.045275802395818035,0.0001409226103954544,0.9545323641073583,0.000050910886428255896,-4298.197146
42.9645655243279,0.44056620521124157,73.05,0.26368373739057777,45.66,0.8332785923861176,0.9109708051623013,0.2680590837036627,0.01117345948147559,0.7095681627449896,0.011199294069872067,-4236.799595
38.873389927891,0.4982776392407547,73.05,0.260682117456734,45.66,0.999105504699868,1.0970520658316951,0.024766550670045424,0.00012843980740134304,0.9750682726762326,0.00003673684632064417,-4364.741348
52.30712985804566,0.5219238164869086,73.05,0.3866616337739637,45.66,0.9994914053068009,0.986312382693439,0.07879478499194296,0.00006294071343458901,0.9211418814894401,3.9280518238374894e-7,-4248.934141
36.52305496916931,0.14446825055859044,73.05,2.8516737337666912e-37,45.66,0.45002305484034566,1.2850579061572316,0.07752992893560655,0.00008898405503227201,0.9222667977424172,0.00011428926694398619,-4632.10927
36.011143673654225,0.15000677932601228,73.05,4.833063442449319e-8,45.66,0.451165334659117,1.2871964250476815,0.06300618774279024,0.000009107068617818668,0.9368860055444093,0.0000986996441826421,-4633.567181
35.55252974990386,0.15118851397452937,73.05,3.3682127590559644e-8,45.66,0.4506138893168938,1.2907349574453653,0.048300226191125416,0.00002732893518927053,0.9516449971170386,0.000027447756646615185,-4635.083501
30.288434226843272,0.3184139269794316,73.05,0.09154711741239095,45.66,0.5600330811821752,0.9196878209276917,0.032327046559988165,0.00010611876396055592,0.9675560214582504,0.00001081321780089147,-4246.23553
37.54610747150193,0.13020132182827482,73.05,3.0585550490919715e-9,45.66,0.4470458444681354,1.2800500412995728,0.295165920169577,0.00004930909168934073,0.704650931775577,0.00013383896315678198,-4628.342808
58.80341570091687,0.5195965394185351,73.05,0.000007378399633512039,45.66,0.5433441112272775,0.9179709547701657,0.03431220583516408,0.00011557031497960985,0.9655624865184603,0.000009737331396104482,-5758.22243
37.91558934750516,0.3917542944058503,73.05,0.19622591059286154,45.66,0.7188713328761906,0.9106502777363766,0.045275802395818035,0.0001409226103954544,0.9545323641073583,0.000050910886428255896,-4238.151745
42.96451733101018,0.4405817146629188,73.05,0.26367504939418684,45.66,0.8339028209719088,0.9101916632414405,0.2680590837036627,0.01117345948147559,0.7095681627449896,0.011199294069872067,-4236.799222
49.42288384919125,0.49713915371028694,73.05,0.3490142343635141,45.66,0.9666120938338821,0.9492319138765593,0.024766550670045424,0.00012843980740134304,0.9750682726762326,0.00003673684632064417,-4240.075541
47.070229823795415,0.272392237144598,73.05,0.000007856740124133092,45.66,1,0.8614614323387803,0.07879478499194296,0.00006294071343458901,0.9211418814894401,3.9280518238374894e-7,-4781.040711
25.10557141709602,0.2654022349873687,73.05,0.019996830597961385,45.66,0.46338555500105827,0.9052676638738036,0.07752992893560655,0.00008898405503227201,0.9222667977424172,0.00011428926694398619,-4249.143193
20.54096403120122,0.30445494674951107,73.05,3.9488931960956126e-9,45.66,0.45355237209748467,1.022556239588343,0.06300618774279024,0.000009107068617818668,0.9368860055444093,0.0000986996441826421,-4372.007474
18.788035075116834,0.33262299138366913,73.05,0,45.66,0.4469323011787409,1.0911735552548176,0.048300226191125416,0.00002732893518927053,0.9516449971170386,0.000027447756646615185,-4434.841522
21.595276658599087,0.3470613143084804,73.05,0.007793616734976096,45.66,0.5495620952027254,0.9435696816702054,0.032327046559988165,0.00010611876396055592,0.9675560214582504,0.00001081321780089147,-4379.286223
21.585638812361598,0.3203442388829619,73.05,0.115730970426653,45.66,0.5833020086439551,0.9081248173799156,0.295165920169577,0.00004930909168934073,0.704650931775577,0.00013383896315678198,-5011.133939
22.36255062421975,0.5206197567823728,73.05,0.000008466828061870236,45.66,0.5427509151184684,0.9171705081224603,0.03431220583516408,0.00011557031497960985,0.9655624865184603,0.000009737331396104482,-7078.458839
37.9192674513864,0.3917188463388008,73.05,0.1962423534744765,45.66,0.7135378178778836,0.9206805665254864,0.045275802395818035,0.0001409226103954544,0.9545323641073583,0.000050910886428255896,-4238.153315
42.96407819721258,0.44060508551816674,73.05,0.2636698692579037,45.66,0.8341649282202896,0.9097157267703804,0.2680590837036627,0.01117345948147559,0.7095681627449896,0.011199294069872067,-4236.799195
38.243328532074905,0.4853135934582742,73.05,0.25063817073633937,45.66,0.9995131755936365,1.052286301043659,0.024766550670045424,0.00012843980740134304,0.9750682726762326,0.00003673684632064417,-4364.818638
52.31214078176406,0.5220436106661395,73.05,0.386670636738032,45.66,0.9989770271585044,0.9867481981339419,0.07879478499194296,0.00006294071343458901,0.9211418814894401,3.9280518238374894e-7,-4248.956284
36.52335634690353,0.1445040423726036,73.05,5.385534201957475e-13,45.66,0.4500327028606134,1.285092483328635,0.07752992893560655,0.00008898405503227201,0.9222667977424172,0.00011428926694398619,-4632.10927
36.011237767895196,0.14999583261358834,73.05,4.8991246995037566e-8,45.66,0.45116791659008887,1.287196171033695,0.06300618774279024,0.000009107068617818668,0.9368860055444093,0.0000986996441826421,-4633.567181
35.55224857987848,0.15119399281691034,73.05,2.7986549121247196e-40,45.66,0.45061646574434033,1.2907181667336731,0.048300226191125416,0.00002732893518927053,0.9516449971170386,0.000027447756646615185,-4635.083498
30.28714482868519,0.318366985189003,73.05,0.0915140187165845,45.66,0.559355363284243,0.9208542386318006,0.032327046559988165,0.00010611876396055592,0.9675560214582504,0.00001081321780089147,-4246.233423
37.546397741381966,0.13019215591696567,73.05,9.05278873626416e-9,45.66,0.4470674324282314,1.2799814523016764,0.295165920169577,0.00004930909168934073,0.704650931775577,0.00013383896315678198,-4628.342809
59.09220066935576,0.5195938868836663,73.05,0.00000929661922588158,45.66,0.5439460742467875,0.9187813141814233,0.03431220583516408,0.00011557031497960985,0.9655624865184603,0.000009737331396104482,-5754.802287
37.91714926568024,0.391739507213241,73.05,0.19623404040685477,45.66,0.7168219912058432,0.9144896080559148,0.045275802395818035,0.0001409226103954544,0.9545323641073583,0.000050910886428255896,-4238.146554
144.6235052340876,0.369073077562883,73.05,0.7800743742741043,45.66,0.759455357208086,0.8289433503360781,0.2680590837036627,0.01117345948147559,0.7095681627449896,0.011199294069872067,-4291.023981
44.90444776859904,0.49711461043033417,73.05,0.212952834386723,45.66,0.7676464670229933,0.9289281221275799,0.024766550670045424,0.00012843980740134304,0.9750682726762326,0.00003673684632064417,-4291.521984
71.44914956607047,0.5219332032397371,73.05,0.3742846303512219,45.66,0.9995342533863935,0.9861265930745265,0.07879478499194296,0.00006294071343458901,0.9211418814894401,3.9280518238374894e-7,-5170.141251
19.207609583074614,0.25160306604014465,73.05,0.000704430362203982,45.66,0.4325941005672403,0.9333839487926294,0.07752992893560655,0.00008898405503227201,0.9222667977424172,0.00011428926694398619,-4631.85232
22.93875339034681,0.40037317815603224,73.05,0.07207353828922261,45.66,0.5903798223616608,1.1250297914999225,0.06300618774279024,0.000009107068617818668,0.9368860055444093,0.0000986996441826421,-4458.137757
22.998081660817913,0.25157518393248196,73.05,2.465676332733462e-9,45.66,0.4401459535719615,0.9394933076800834,0.048300226191125416,0.00002732893518927053,0.9516449971170386,0.000027447756646615185,-4273.947687
21.180781058886744,0.27710978158481825,73.05,0.0012602777806935321,45.66,0.537032376666833,0.75947128103328,0.032327046559988165,0.00010611876396055592,0.9675560214582504,0.00001081321780089147,-4346.77612
31.388925635736303,0.3262013775220487,73.05,0.10865071313365068,45.66,0.5999515707204708,0.856665823806475,0.295165920169577,0.00004930909168934073,0.704650931775577,0.00013383896315678198,-4234.031995
26.24287525911591,0.5200493912711049,73.05,0.00000911,45.66,0.542341983081398,0.917505306887521,0.03431220583516408,0.00011557031497960985,0.9655624865184603,0.000009737331396104482,-7801.637259
37.919957299030294,0.3917178535768753,73.05,0.19624923912148506,45.66,0.7135048488033092,0.9207138486392779,0.045275802395818035,0.0001409226103954544,0.9545323641073583,0.000050910886428255896,-4238.153413
27.6785512586064,0.4410727353446795,73.05,0.18396859861319875,45.66,0.8187871336871944,0.9177470375748803,0.2680590837036627,0.01117345948147559,0.7095681627449896,0.011199294069872067,-5339.139801
49.658725766895785,0.5011771022946714,73.05,0.3516415220033209,45.66,0.9965766148163157,0.9207135684790475,0.024766550670045424,0.00012843980740134304,0.9750682726762326,0.00003673684632064417,-4239.611856
52.22725553305804,0.5203671919667865,73.05,0.38599633045671466,45.66,0.9990070398243628,0.9862171616322778,0.07879478499194296,0.00006294071343458901,0.9211418814894401,3.9280518238374894e-7,-4248.994688
36.5241045523121,0.14449221855233738,73.05,3.060106725627608e-8,45.66,0.4500485772650148,1.285036707881776,0.07752992893560655,0.00008898405503227201,0.9222667977424172,0.00011428926694398619,-4632.109273
36.010383981891366,0.14999380405394622,73.05,6.150935229953567e-8,45.66,0.4511226020397706,1.287328668949186,0.06300618774279024,0.000009107068617818668,0.9368860055444093,0.0000986996441826421,-4633.567183
35.600839786978135,0.15624876574614155,73.05,0.00005934340422340104,45.66,0.499308386442798,1.1711532409413854,0.048300226191125416,0.00002732893518927053,0.9516449971170386,0.000027447756646615185,-4636.964703
30.28892607759817,0.318453301137264,73.05,0.09155767447460511,45.66,0.5606908554353752,0.9186142362202696,0.032327046559988165,0.00010611876396055592,0.9675560214582504,0.00001081321780089147,-4246.238258
37.54933126539757,0.1303048693975674,73.05,0.00008902762982077728,45.66,0.44674121235534126,1.2813306940998592,0.295165920169577,0.00004930909168934073,0.704650931775577,0.00013383896315678198,-4628.354481
35.503901631557596,0.5201165862613696,73.05,0.0000048045188891556285,45.66,0.5448351616060426,0.9158361212447462,0.03431220583516408,0.00011557031497960985,0.9655624865184603,0.000009737331396104482,-4270.872706
37.915604305898334,0.3917463749229785,73.05,0.19625074012780763,45.66,0.7202447399834361,0.9080582513128466,0.045275802395818035,0.0001409226103954544,0.9545323641073583,0.000050910886428255896,-4238.15943
170.3108493488504,0.42953562518605215,73.05,1.1392907257928646,45.66,0.981587673031327,0.7717640408471609,0.2680590837036627,0.01117345948147559,0.7095681627449896,0.011199294069872067,-4301.19619
49.50802765783407,0.49859237106153265,73.05,0.34993967903417733,45.66,0.9829786228242543,0.9289313051412216,0.024766550670045424,0.00012843980740134304,0.9750682726762326,0.00003673684632064417,-4239.722088
71.04738422891889,0.5219089287516447,73.05,0.3701258535387473,45.66,0.9994940816927012,0.9861179842149431,0.07879478499194296,0.00006294071343458901,0.9211418814894401,3.9280518238374894e-7,-5164.622384
13.558926871698542,0.3225997566366976,73.05,3.52844343787581e-41,45.66,0.5680298997887215,1.278696189207722,0.07752992893560655,0.00008898405503227201,0.9222667977424172,0.00011428926694398619,-4632.336148
22.93907376355822,0.4003851692794968,73.05,0.07207918835743972,45.66,0.5904016192624526,1.1249964034986966,0.06300618774279024,0.000009107068617818668,0.9368860055444093,0.0000986996441826421,-4458.137756
26.996525215314936,0.28748814194620176,73.05,0.047783776642435605,45.66,0.49930582430276566,0.9197478021693779,0.048300226191125416,0.00002732893518927053,0.9516449971170386,0.000027447756646615185,-4248.428969
21.06601551662289,0.26004037550236664,73.05,0.0001457046762430914,45.66,0.41405869664882655,1.0153426069362084,0.032327046559988165,0.00010611876396055592,0.9675560214582504,0.00001081321780089147,-4325.411897
21.709233078529884,0.3229344998793278,73.05,0.12199477882037206,45.66,0.5871815097083328,0.9115842507876194,0.295165920169577,0.00004930909168934073,0.704650931775577,0.00013383896315678198,-5000.091886
22.2391441630037,0.520049391300949,73.05,0.000009089181474907535,45.66,0.5443174845949867,0.917505306887521,0.03431220583516408,0.00011557031497960985,0.9655624865184603,0.000009737331396104482,-7560.074877
25.281197311844608,0.30801413478932815,73.05,0.0421012238597784,45.66,0.504533499130057,0.9463562699619587,0.045275802395818035,0.0001409226103954544,0.9545323641073583,0.000050910886428255896,-4298.186617
29.224802479385467,0.4405772923400231,73.05,0.2550315255980378,45.66,0.834180957033207,0.909609333896729,0.2680590837036627,0.01117345948147559,0.7095681627449896,0.011199294069872067,-5637.878285
49.51963168795624,0.49881776125984645,73.05,0.34995524822593005,45.66,0.989765110025247,0.9125401374188811,0.024766550670045424,0.00012843980740134304,0.9750682726762326,0.00003673684632064417,-4239.657381
52.29965040862562,0.5217086761303368,73.05,0.3867611164114777,45.66,0.9999999502655317,0.9929496560503529,0.07879478499194296,0.00006294071343458901,0.9211418814894401,3.9280518238374894e-7,-4248.945588
36.52342641148077,0.14450155702088435,73.05,0.0000021885551125508614,45.66,0.45004538200196326,1.285010075896651,0.07752992893560655,0.00008898405503227201,0.9222667977424172,0.00011428926694398619,-4632.109455
36.01166912825293,0.15001508211231382,73.05,3.9485239512688786e-8,45.66,0.4511217702993912,1.2873324733901386,0.06300618774279024,0.000009107068617818668,0.9368860055444093,0.0000986996441826421,-4633.567181
35.55178801227474,0.15116125708114134,73.05,2.785284896142479e-62,45.66,0.4506198890212996,1.290688207638441,0.048300226191125416,0.00002732893518927053,0.9516449971170386,0.000027447756646615185,-4635.083499
30.284252181213983,0.31825994914749467,73.05,0.09143597926627645,45.66,0.5578928561543037,0.9235258372742111,0.032327046559988165,0.00010611876396055592,0.9675560214582504,0.00001081321780089147,-4246.231534
37.545980645980435,0.13020579241299648,73.05,9.440535584084981e-9,45.66,0.4470516109929698,1.2800662251352293,0.295165920169577,0.00004930909168934073,0.704650931775577,0.00013383896315678198,-4628.342809
43.377611795454335,0.6376077779220941,73.05,1.4339640808488004e-22,45.66,0.7451861224978272,1.4243339871619312,0.03431220583516408,0.00011557031497960985,0.9655624865184603,0.000009737331396104482,-4544.576894
37.918030249828696,0.39173415158493935,73.05,0.1962410013506613,45.66,0.7162157814913497,0.9156796985669604,0.045275802395818035,0.0001409226103954544,0.9545323641073583,0.000050910886428255896,-4238.146421
143.54048896493995,0.36555732538915287,73.05,0.7660004708868812,45.66,0.7456050093464366,0.8422252759373889,0.2680590837036627,0.01117345948147559,0.7095681627449896,0.011199294069872067,-4291.099577
54.6373855886203,0.4974725541033242,73.05,0.0670557278259471,45.66,0.9999999986131767,1.4994734878809584,0.024766550670045424,0.00012843980740134304,0.9750682726762326,0.00003673684632064417,-4852.525858
70.96595567142289,0.5219665946252382,73.05,0.3714974138138859,45.66,0.9994947940319954,0.9861449866574328,0.07879478499194296,0.00006294071343458901,0.9211418814894401,3.9280518238374894e-7,-5165.17169
14.022930888139651,0.28112023506156525,73.05,0.000010871378623931652,45.66,0.4787962348044085,1.248837685430771,0.07752992893560655,0.00008898405503227201,0.9222667977424172,0.00011428926694398619,-4597.346543
20.541204806514603,0.3045244804195565,73.05,0.0000011159995838540039,45.66,0.4541165139503451,1.0213894961257182,0.06300618774279024,0.000009107068617818668,0.9368860055444093,0.0000986996441826421,-4372.008968
27.012024561969067,0.28779735145190694,73.05,0.04806250995618323,45.66,0.4993481964749694,0.9231417541847584,0.048300226191125416,0.00002732893518927053,0.9516449971170386,0.000027447756646615185,-4248.434152
17.188949707481168,0.2058442750280053,73.05,0.044949367162079173,45.66,0.5667200044598215,1.2139944736544916,0.032327046559988165,0.00010611876396055592,0.9675560214582504,0.00001081321780089147,-4574.887991
19.453691396838302,0.31922396163430344,73.05,0.10541705517277489,45.66,0.5811115631263915,0.9056378589975954,0.295165920169577,0.00004930909168934073,0.704650931775577,0.00013383896315678198,-7628.171162
22.01894626817707,0.5210187371346725,73.05,0.000008955082046042823,45.66,0.5423444782930187,0.9175144973109937,0.03431220583516408,0.00011557031497960985,0.9655624865184603,0.000009737331396104482,-5445.207281
25.280350872448558,0.30800513672676244,73.05,0.042080070993490294,45.66,0.5056279959714495,0.9433263926051416,0.045275802395818035,0.0001409226103954544,0.9545323641073583,0.000050910886428255896,-4298.188699
24.017710506957442,0.43865049101603476,73.05,0.15358579458647956,45.66,0.8339815285424906,0.937440217133487,0.2680590837036627,0.01117345948147559,0.7095681627449896,0.011199294069872067,-4930.702934
38.66860943475304,0.49394914141202895,73.05,0.257178313953158,45.66,0.9996762411367123,1.084197367209411,0.024766550670045424,0.00012843980740134304,0.9750682726762326,0.00003673684632064417,-4364.503462
52.287601408071176,0.5215540968121221,73.05,0.3864704391027638,45.66,0.999192409519082,0.9854643735333011,0.07879478499194296,0.00006294071343458901,0.9211418814894401,3.9280518238374894e-7,-4248.948735
36.52305687783798,0.1444830143889822,73.05,5.800821152105604e-10,45.66,0.4500558910828353,1.2850245719850955,0.07752992893560655,0.00008898405503227201,0.9222667977424172,0.00011428926694398619,-4632.10927
36.01129717074253,0.1499930177386182,73.05,1.7420181587396426e-8,45.66,0.4511449133985329,1.2872884466456815,0.06300618774279024,0.000009107068617818668,0.9368860055444093,0.0000986996441826421,-4633.567179
35.55197274018864,0.1512016428016344,73.05,5.0582706184406983e-169,45.66,0.4506226458800221,1.2906779134215594,0.048300226191125416,0.00002732893518927053,0.9516449971170386,0.000027447756646615185,-4635.083498
30.28407673220023,0.3182616029348873,73.05,0.09143107477369748,45.66,0.5579227990739608,0.9234961198377047,0.032327046559988165,0.00010611876396055592,0.9675560214582504,0.00001081321780089147,-4246.231533
37.546678003477076,0.1302016375665471,73.05,1.5369191884284905e-8,45.66,0.44705335534497626,1.2800357231278907,0.295165920169577,0.00004930909168934073,0.704650931775577,0.00013383896315678198,-4628.34281
50.500302248854396,0.5202670663215828,73.05,0.000007215366609742073,45.66,0.5431060405823481,0.9162777292583735,0.03431220583516408,0.00011557031497960985,0.9655624865184603,0.000009737331396104482,-5793.262445
37.9164269815535,0.39174824424066645,73.05,0.19623272429319544,45.66,0.7184211014675106,0.911415322500565,0.045275802395818035,0.0001409226103954544,0.9545323641073583,0.000050910886428255896,-4238.150113
144.77871344316642,0.36912313687794485,73.05,0.7826843196188425,45.66,0.7549547660854548,0.8374570988581523,0.2680590837036627,0.01117345948147559,0.7095681627449896,0.011199294069872067,-4291.048931
44.59696386077691,0.49845841559482534,73.05,0.20405967534441724,45.66,0.7939005601818746,0.863191742102848,0.024766550670045424,0.00012843980740134304,0.9750682726762326,0.00003673684632064417,-4297.118067
143.13163564211044,0.3631769774398758,73.05,0.7626396351583948,45.66,0.7033173846592891,0.9240733986764136,0.07879478499194296,0.00006294071343458901,0.9211418814894401,3.9280518238374894e-7,-4293.509047
14.022587036203259,0.2810282767508752,73.05,2.3956399099050653e-20,45.66,0.4785163750679093,1.2496638548707852,0.07752992893560655,0.00008898405503227201,0.9222667977424172,0.00011428926694398619,-4597.357819
18.918338802198328,0.30562721843659585,73.05,4.45924855520783e-11,45.66,0.4646407227465168,1.1483777242825104,0.06300618774279024,0.000009107068617818668,0.9368860055444093,0.0000986996441826421,-4476.054142
27.02411739036419,0.28799147575516965,73.05,0.048306092328296836,45.66,0.4993186548762971,0.9249906141641827,0.048300226191125416,0.00002732893518927053,0.9516449971170386,0.000027447756646615185,-4248.44099
16.78473837009435,0.2367216334820084,73.05,0.018369274754682283,45.66,0.529668628265896,0.9558472467889856,0.032327046559988165,0.00010611876396055592,0.9675560214582504,0.00001081321780089147,-4614.769893
20.63371451882279,0.3249716159663036,73.05,0.10147969705603255,45.66,0.5809072739220216,0.9056458684155264,0.295165920169577,0.00004930909168934073,0.704650931775577,0.00013383896315678198,-5972.626184
21.800945165183503,0.5210507040125807,73.05,0.00000911,45.66,0.542341983081398,0.917505306887521,0.03431220583516408,0.00011557031497960985,0.9655624865184603,0.000009737331396104482,-6947.069064
37.91764201642715,0.3917348935611712,73.05,0.1962381547553112,45.66,0.7164106216261988,0.9152860801229417,0.045275802395818035,0.0001409226103954544,0.9545323641073583,0.000050910886428255896,-4238.146388
30.510975513258682,0.44001274727909506,73.05,0.26045226602113875,45.66,0.8385723348356067,0.9118221659417128,0.2680590837036627,0.01117345948147559,0.7095681627449896,0.011199294069872067,-5066.689216
37.99228559461236,0.48031598675293086,73.05,0.247374410201073,45.66,0.990628270384717,1.0446701297837528,0.024766550670045424,0.00012843980740134304,0.9750682726762326,0.00003673684632064417,-4365.428813
52.32245583869132,0.5222052181205763,73.05,0.3868421575600338,45.66,0.9999772197393245,0.9888509095104224,0.07879478499194296,0.00006294071343458901,0.9211418814894401,3.9280518238374894e-7,-4248.917219
36.52376380817581,0.14447786660889467,73.05,2.0730037851405725e-8,45.66,0.4500287009098326,1.2850850054428826,0.07752992893560655,0.00008898405503227201,0.9222667977424172,0.00011428926694398619,-4632.109272
36.011138731279935,0.15002427483159947,73.05,1.8016160257839697e-8,45.66,0.45114331679868996,1.2872929379224318,0.06300618774279024,0.000009107068617818668,0.9368860055444093,0.0000986996441826421,-4633.56718
35.596223787082586,0.15649427529028218,73.05,0.0000015524724263659365,45.66,0.4983649555338056,1.173797951720938,0.048300226191125416,0.00002732893518927053,0.9516449971170386,0.000027447756646615185,-4636.894086
35.06522323658335,0.15788455822871042,73.05,0.000016503646974354015,45.66,0.45122545428623567,1.2948332426720925,0.032327046559988165,0.00010611876396055592,0.9675560214582504,0.00001081321780089147,-4637.0037
37.546612684364916,0.1302212139800247,73.05,8.784117876638032e-12,45.66,0.44704704388521993,1.2800953838480922,0.295165920169577,0.00004930909168934073,0.704650931775577,0.00013383896315678198,-4628.342808
58.79152206607273,0.51994358224463,73.05,0.000008867443802904969,45.66,0.5443993247549566,0.9183859575810297,0.03431220583516408,0.00011557031497960985,0.9655624865184603,0.000009737331396104482,-5752.604872
37.914043173569176,0.3917363922334805,73.05,0.19622081731428953,45.66,0.7202639029728773,0.9075973352206699,0.045275802395818035,0.0001409226103954544,0.9545323641073583,0.000050910886428255896,-4238.161049
30.349162110034314,0.3155061394744902,73.05,0.09331276329328528,45.66,0.5586068551947716,0.911869413130331,0.2680590837036627,0.01117345948147559,0.7095681627449896,0.011199294069872067,-4234.9911
67.36239591907795,0.49815397052555194,73.05,0.2988140144139417,45.66,0.9703867565920795,0.9343937558848411,0.024766550670045424,0.00012843980740134304,0.9750682726762326,0.00003673684632064417,-5121.510942
142.20549152361335,0.3613932629180382,73.05,0.7491498448690628,45.66,0.6910251987476379,0.9418327843117779,0.07879478499194296,0.00006294071343458901,0.9211418814894401,3.9280518238374894e-7,-4294.406762
14.02309526657355,0.2810791409909071,73.05,0.00001608241205764908,45.66,0.477585774254505,1.2521248786799553,0.07752992893560655,0.00008898405503227201,0.9222667977424172,0.00011428926694398619,-4597.341797
22.939181714577167,0.4003899920467637,73.05,0.07208093569531396,45.66,0.5904065195067976,1.1250056404147502,0.06300618774279024,0.000009107068617818668,0.9368860055444093,0.0000986996441826421,-4458.137756
18.814830222818994,0.34031178549044316,73.05,0.000010557158938676852,45.66,0.5003944217248196,0.9897491101965368,0.048300226191125416,0.00002732893518927053,0.9516449971170386,0.000027447756646615185,-4437.832684
19.994497471279534,0.3145894915001883,73.05,0.08962747330290541,45.66,0.5578497896997401,0.9242313464834162,0.032327046559988165,0.00010611876396055592,0.9675560214582504,0.00001081321780089147,-5469.641046
21.50945755256204,0.3246793945068086,73.05,0.1041878905555125,45.66,0.5795599617592404,0.9055982516237332,0.295165920169577,0.00004930909168934073,0.704650931775577,0.00013383896315678198,-5046.123869
22.293567810389558,0.5198599621044852,73.05,0.00001072951940978496,45.66,0.543861165354164,0.9164957953988858,0.03431220583516408,0.00011557031497960985,0.9655624865184603,0.000009737331396104482,-5807.354749
37.91904751217134,0.3917193337579746,73.05,0.19624111561845897,45.66,0.7137047493749257,0.9201963618875659,0.045275802395818035,0.0001409226103954544,0.9545323641073583,0.000050910886428255896,-4238.152185
30.53547859356754,0.44074102560601747,73.05,0.2635902565806452,45.66,0.8365028352162127,0.9097536890943216,0.2680590837036627,0.01117345948147559,0.7095681627449896,0.011199294069872067,-5094.550617
38.871720042554806,0.49823534101558314,73.05,0.2606530416508001,45.66,0.9985542574556868,1.0979936582284056,0.024766550670045424,0.00012843980740134304,0.9750682726762326,0.00003673684632064417,-4364.757656
42.86377042085339,0.4393253045785142,73.05,0.26236949860969216,45.66,0.8205055124665092,0.92684341953551,0.07879478499194296,0.00006294071343458901,0.9211418814894401,3.9280518238374894e-7,-4236.050349
