R0,amplitude,gamma,mu,sigma,rho,psi,S_0,E_0,I_0,R_0
55.419921875,0.711181640625,73.05,0.310791015625,45.66,0.978271484375,0.211181640625,0.0948486328125,2.07275390625E-05,9.82177734375E-05,0.4888916015625
80.419921875,0.086181640625,73.05,0.685791015625,45.66,0.853271484375,0.336181640625,0.0573486328125,8.32275390625E-05,3.57177734375E-05,0.1513916015625
180.419921875,0.586181640625,73.05,0.185791015625,45.66,0.353271484375,0.836181640625,0.0073486328125,3.32275390625E-05,8.57177734375E-05,0.6013916015625
130.419921875,0.336181640625,73.05,0.935791015625,45.66,0.603271484375,0.586181640625,0.0823486328125,5.82275390625E-05,6.07177734375E-05,0.3763916015625
30.419921875,0.836181640625,73.05,0.435791015625,45.66,0.103271484375,0.086181640625,0.0323486328125,8.2275390625E-06,1.07177734375E-05,0.8263916015625
42.919921875,0.148681640625,73.05,0.248291015625,45.66,0.040771484375,0.398681640625,0.0760986328125,7.69775390625E-05,6.69677734375E-05,0.8826416015625
142.919921875,0.648681640625,73.05,0.748291015625,45.66,0.540771484375,0.898681640625,0.0260986328125,2.69775390625E-05,1.69677734375E-05,0.4326416015625
192.919921875,0.398681640625,73.05,0.498291015625,45.66,0.290771484375,0.648681640625,0.0510986328125,5.19775390625E-05,4.19677734375E-05,0.6576416015625
92.919921875,0.898681640625,73.05,0.998291015625,45.66,0.790771484375,0.148681640625,0.0010986328125,1.9775390625E-06,9.19677734375E-05,0.2076416015625
67.919921875,0.273681640625,73.05,0.123291015625,45.66,0.915771484375,0.273681640625,0.0385986328125,8.94775390625E-05,2.94677734375E-05,0.5451416015625
167.919921875,0.773681640625,73.05,0.623291015625,45.66,0.415771484375,0.773681640625,0.0885986328125,3.94775390625E-05,7.94677734375E-05,0.0951416015625
117.919921875,0.023681640625,73.05,0.373291015625,45.66,0.665771484375,0.523681640625,0.0135986328125,6.44775390625E-05,5.44677734375E-05,0.7701416015625
17.919921875,0.523681640625,73.05,0.873291015625,45.66,0.165771484375,0.023681640625,0.0635986328125,1.44775390625E-05,4.4677734375E-06,0.3201416015625
24.169921875,0.054931640625,73.05,0.904541015625,45.66,0.384521484375,0.992431640625,0.0917236328125,2.38525390625E-05,8.25927734375E-05,0.1232666015625
124.169921875,0.554931640625,73.05,0.404541015625,45.66,0.884521484375,0.492431640625,0.0417236328125,7.38525390625E-05,3.25927734375E-05,0.5732666015625
174.169921875,0.304931640625,73.05,0.654541015625,45.66,0.134521484375,0.242431640625,0.0667236328125,4.88525390625E-05,7.5927734375E-06,0.3482666015625
74.169921875,0.804931640625,73.05,0.154541015625,45.66,0.634521484375,0.742431640625,0.0167236328125,9.88525390625E-05,5.75927734375E-05,0.7982666015625
99.169921875,0.429931640625,73.05,0.779541015625,45.66,0.509521484375,0.867431640625,0.0292236328125,1.13525390625E-05,2.00927734375E-05,0.2357666015625
199.169921875,0.929931640625,73.05,0.279541015625,45.66,0.009521484375,0.367431640625,0.0792236328125,6.13525390625E-05,7.00927734375E-05,0.6857666015625
149.169921875,0.179931640625,73.05,0.529541015625,45.66,0.759521484375,0.117431640625,0.0042236328125,3.63525390625E-05,9.50927734375E-05,0.0107666015625
49.169921875,0.679931640625,73.05,0.029541015625,45.66,0.259521484375,0.617431640625,0.0542236328125,8.63525390625E-05,4.50927734375E-05,0.4607666015625
36.669921875,0.367431640625,73.05,0.342041015625,45.66,0.322021484375,0.929931640625,0.0104736328125,5.1025390625E-06,7.63427734375E-05,0.5170166015625
136.669921875,0.867431640625,73.05,0.842041015625,45.66,0.822021484375,0.429931640625,0.0604736328125,5.51025390625E-05,2.63427734375E-05,0.0670166015625
186.669921875,0.117431640625,73.05,0.092041015625,45.66,0.072021484375,0.179931640625,0.0354736328125,3.01025390625E-05,1.3427734375E-06,0.7420166015625
86.669921875,0.617431640625,73.05,0.592041015625,45.66,0.572021484375,0.679931640625,0.0854736328125,8.01025390625E-05,5.13427734375E-05,0.2920166015625
61.669921875,0.242431640625,73.05,0.467041015625,45.66,0.697021484375,0.804931640625,0.0729736328125,1.76025390625E-05,1.38427734375E-05,0.8545166015625
161.669921875,0.742431640625,73.05,0.967041015625,45.66,0.197021484375,0.304931640625,0.0229736328125,6.76025390625E-05,6.38427734375E-05,0.4045166015625
111.669921875,0.492431640625,73.05,0.217041015625,45.66,0.947021484375,0.054931640625,0.0979736328125,4.26025390625E-05,8.88427734375E-05,0.6295166015625
11.669921875,0.992431640625,73.05,0.717041015625,45.66,0.447021484375,0.554931640625,0.0479736328125,9.26025390625E-05,3.88427734375E-05,0.1795166015625
8.544921875,0.195556640625,73.05,0.107666015625,45.66,0.618896484375,0.195556640625,0.0620361328125,3.79150390625E-05,7.16552734375E-05,0.4467041015625
108.544921875,0.695556640625,73.05,0.607666015625,45.66,0.118896484375,0.695556640625,0.0120361328125,8.79150390625E-05,2.16552734375E-05,0.8967041015625
158.544921875,0.445556640625,73.05,0.357666015625,45.66,0.868896484375,0.945556640625,0.0870361328125,1.29150390625E-05,4.66552734375E-05,0.2217041015625
58.544921875,0.945556640625,73.05,0.857666015625,45.66,0.368896484375,0.445556640625,0.0370361328125,6.29150390625E-05,9.66552734375E-05,0.6717041015625
83.544921875,0.320556640625,73.05,0.232666015625,45.66,0.493896484375,0.070556640625,0.0245361328125,2.54150390625E-05,3.41552734375E-05,0.1092041015625
183.544921875,0.820556640625,73.05,0.732666015625,45.66,0.993896484375,0.570556640625,0.0745361328125,7.54150390625E-05,8.41552734375E-05,0.5592041015625
133.544921875,0.070556640625,73.05,0.482666015625,45.66,0.243896484375,0.820556640625,0.0495361328125,4.15E-07,5.91552734375E-05,0.3342041015625
33.544921875,0.570556640625,73.05,0.982666015625,45.66,0.743896484375,0.320556640625,0.0995361328125,5.04150390625E-05,9.1552734375E-06,0.7842041015625
46.044921875,0.383056640625,73.05,0.670166015625,45.66,0.681396484375,0.133056640625,0.0432861328125,3.16650390625E-05,6.54052734375E-05,0.7279541015625
146.044921875,0.883056640625,73.05,0.170166015625,45.66,0.181396484375,0.633056640625,0.0932861328125,8.16650390625E-05,1.54052734375E-05,0.2779541015625
196.044921875,0.133056640625,73.05,0.920166015625,45.66,0.931396484375,0.883056640625,0.0182861328125,6.6650390625E-06,4.04052734375E-05,0.5029541015625
96.044921875,0.633056640625,73.05,0.420166015625,45.66,0.431396484375,0.383056640625,0.0682861328125,5.66650390625E-05,9.04052734375E-05,0.0529541015625
71.044921875,0.008056640625,73.05,0.545166015625,45.66,0.306396484375,0.008056640625,0.0807861328125,4.41650390625E-05,2.79052734375E-05,0.6154541015625
171.044921875,0.508056640625,73.05,0.045166015625,45.66,0.806396484375,0.508056640625,0.0307861328125,9.41650390625E-05,7.79052734375E-05,0.1654541015625
121.044921875,0.258056640625,73.05,0.795166015625,45.66,0.056396484375,0.758056640625,0.0557861328125,1.91650390625E-05,5.29052734375E-05,0.8404541015625
21.044921875,0.758056640625,73.05,0.295166015625,45.66,0.556396484375,0.258056640625,0.0057861328125,6.91650390625E-05,2.9052734375E-06,0.3904541015625
14.794921875,0.289306640625,73.05,0.451416015625,45.66,0.775146484375,0.726806640625,0.0276611328125,6.60400390625E-05,8.72802734375E-05,0.0810791015625
114.794921875,0.789306640625,73.05,0.951416015625,45.66,0.275146484375,0.226806640625,0.0776611328125,1.60400390625E-05,3.72802734375E-05,0.5310791015625
164.794921875,0.039306640625,73.05,0.201416015625,45.66,0.525146484375,0.476806640625,0.0026611328125,9.10400390625E-05,1.22802734375E-05,0.3060791015625
64.794921875,0.539306640625,73.05,0.701416015625,45.66,0.025146484375,0.976806640625,0.0526611328125,4.10400390625E-05,6.22802734375E-05,0.7560791015625
89.794921875,0.164306640625,73.05,0.326416015625,45.66,0.150146484375,0.601806640625,0.0901611328125,5.35400390625E-05,2.47802734375E-05,0.4185791015625
189.794921875,0.664306640625,73.05,0.826416015625,45.66,0.650146484375,0.101806640625,0.0401611328125,3.5400390625E-06,7.47802734375E-05,0.8685791015625
139.794921875,0.414306640625,73.05,0.076416015625,45.66,0.400146484375,0.351806640625,0.0651611328125,7.85400390625E-05,9.97802734375E-05,0.1935791015625
39.794921875,0.914306640625,73.05,0.576416015625,45.66,0.900146484375,0.851806640625,0.0151611328125,2.85400390625E-05,4.97802734375E-05,0.6435791015625
27.294921875,0.101806640625,73.05,0.763916015625,45.66,0.962646484375,0.664306640625,0.0714111328125,5.97900390625E-05,8.10302734375E-05,0.5873291015625
127.294921875,0.601806640625,73.05,0.263916015625,45.66,0.462646484375,0.164306640625,0.0214111328125,9.7900390625E-06,3.10302734375E-05,0.1373291015625
177.294921875,0.351806640625,73.05,0.513916015625,45.66,0.712646484375,0.414306640625,0.0964111328125,8.47900390625E-05,6.0302734375E-06,0.8123291015625
77.294921875,0.851806640625,73.05,0.013916015625,45.66,0.212646484375,0.914306640625,0.0464111328125,3.47900390625E-05,5.60302734375E-05,0.3623291015625
52.294921875,0.476806640625,73.05,0.888916015625,45.66,0.087646484375,0.539306640625,0.0089111328125,7.22900390625E-05,1.85302734375E-05,0.6998291015625
152.294921875,0.976806640625,73.05,0.388916015625,45.66,0.587646484375,0.039306640625,0.0589111328125,2.22900390625E-05,6.85302734375E-05,0.2498291015625
102.294921875,0.226806640625,73.05,0.638916015625,45.66,0.337646484375,0.289306640625,0.0339111328125,9.72900390625E-05,9.35302734375E-05,0.4748291015625
2.294921875,0.726806640625,73.05,0.138916015625,45.66,0.837646484375,0.789306640625,0.0839111328125,4.72900390625E-05,4.35302734375E-05,0.0248291015625
3.076171875,0.269775390625,73.05,0.689697265625,45.66,0.560302734375,0.402587890625,0.0991455078125,4.37744140625E-05,4.62646484375E-05,0.4080322265625
103.076171875,0.769775390625,73.05,0.189697265625,45.66,0.060302734375,0.902587890625,0.0491455078125,9.37744140625E-05,9.62646484375E-05,0.8580322265625
153.076171875,0.019775390625,73.05,0.939697265625,45.66,0.810302734375,0.652587890625,0.0741455078125,1.87744140625E-05,7.12646484375E-05,0.1830322265625
53.076171875,0.519775390625,73.05,0.439697265625,45.66,0.310302734375,0.152587890625,0.0241455078125,6.87744140625E-05,2.12646484375E-05,0.6330322265625
78.076171875,0.144775390625,73.05,0.564697265625,45.66,0.435302734375,0.277587890625,0.0366455078125,3.12744140625E-05,5.87646484375E-05,0.0705322265625
178.076171875,0.644775390625,73.05,0.064697265625,45.66,0.935302734375,0.777587890625,0.0866455078125,8.12744140625E-05,8.7646484375E-06,0.5205322265625
128.076171875,0.394775390625,73.05,0.814697265625,45.66,0.185302734375,0.527587890625,0.0116455078125,6.2744140625E-06,3.37646484375E-05,0.2955322265625
28.076171875,0.894775390625,73.05,0.314697265625,45.66,0.685302734375,0.027587890625,0.0616455078125,5.62744140625E-05,8.37646484375E-05,0.7455322265625
40.576171875,0.082275390625,73.05,0.002197265625,45.66,0.747802734375,0.465087890625,0.0053955078125,2.50244140625E-05,4.00146484375E-05,0.6892822265625
140.576171875,0.582275390625,73.05,0.502197265625,45.66,0.247802734375,0.965087890625,0.0553955078125,7.50244140625E-05,9.00146484375E-05,0.2392822265625
190.576171875,0.332275390625,73.05,0.252197265625,45.66,0.997802734375,0.715087890625,0.0303955078125,2.44E-08,6.50146484375E-05,0.4642822265625
90.576171875,0.832275390625,73.05,0.752197265625,45.66,0.497802734375,0.215087890625,0.0803955078125,5.00244140625E-05,1.50146484375E-05,0.0142822265625
65.576171875,0.457275390625,73.05,0.127197265625,45.66,0.372802734375,0.340087890625,0.0678955078125,3.75244140625E-05,5.25146484375E-05,0.5767822265625
165.576171875,0.957275390625,73.05,0.627197265625,45.66,0.872802734375,0.840087890625,0.0178955078125,8.75244140625E-05,2.5146484375E-06,0.1267822265625
115.576171875,0.207275390625,73.05,0.377197265625,45.66,0.122802734375,0.590087890625,0.0928955078125,1.25244140625E-05,2.75146484375E-05,0.8017822265625
15.576171875,0.707275390625,73.05,0.877197265625,45.66,0.622802734375,0.090087890625,0.0428955078125,6.25244140625E-05,7.75146484375E-05,0.3517822265625
21.826171875,0.238525390625,73.05,0.845947265625,45.66,0.841552734375,0.933837890625,0.0147705078125,7.18994140625E-05,1.18896484375E-05,0.0986572265625
121.826171875,0.738525390625,73.05,0.345947265625,45.66,0.341552734375,0.433837890625,0.0647705078125,2.18994140625E-05,6.18896484375E-05,0.5486572265625
171.826171875,0.488525390625,73.05,0.595947265625,45.66,0.591552734375,0.183837890625,0.0397705078125,9.68994140625E-05,8.68896484375E-05,0.3236572265625
71.826171875,0.988525390625,73.05,0.095947265625,45.66,0.091552734375,0.683837890625,0.0897705078125,4.68994140625E-05,3.68896484375E-05,0.7736572265625
96.826171875,0.363525390625,73.05,0.970947265625,45.66,0.216552734375,0.808837890625,0.0522705078125,5.93994140625E-05,9.93896484375E-05,0.4361572265625
196.826171875,0.863525390625,73.05,0.470947265625,45.66,0.716552734375,0.308837890625,0.0022705078125,9.3994140625E-06,4.93896484375E-05,0.8861572265625
146.826171875,0.113525390625,73.05,0.720947265625,45.66,0.466552734375,0.058837890625,0.0772705078125,8.43994140625E-05,2.43896484375E-05,0.2111572265625
46.826171875,0.613525390625,73.05,0.220947265625,45.66,0.966552734375,0.558837890625,0.0272705078125,3.43994140625E-05,7.43896484375E-05,0.6611572265625
34.326171875,0.426025390625,73.05,0.408447265625,45.66,0.904052734375,0.996337890625,0.0835205078125,5.31494140625E-05,5.6396484375E-06,0.6049072265625
134.326171875,0.926025390625,73.05,0.908447265625,45.66,0.404052734375,0.496337890625,0.0335205078125,3.1494140625E-06,5.56396484375E-05,0.1549072265625
184.326171875,0.176025390625,73.05,0.158447265625,45.66,0.654052734375,0.246337890625,0.0585205078125,7.81494140625E-05,8.06396484375E-05,0.8299072265625
84.326171875,0.676025390625,73.05,0.658447265625,45.66,0.154052734375,0.746337890625,0.0085205078125,2.81494140625E-05,3.06396484375E-05,0.3799072265625
59.326171875,0.051025390625,73.05,0.283447265625,45.66,0.029052734375,0.871337890625,0.0460205078125,6.56494140625E-05,9.31396484375E-05,0.7174072265625
159.326171875,0.551025390625,73.05,0.783447265625,45.66,0.529052734375,0.371337890625,0.0960205078125,1.56494140625E-05,4.31396484375E-05,0.2674072265625
109.326171875,0.301025390625,73.05,0.033447265625,45.66,0.279052734375,0.121337890625,0.0210205078125,9.06494140625E-05,1.81396484375E-05,0.4924072265625
9.326171875,0.801025390625,73.05,0.533447265625,45.66,0.779052734375,0.621337890625,0.0710205078125,4.06494140625E-05,6.81396484375E-05,0.0424072265625
12.451171875,0.004150390625,73.05,0.142822265625,45.66,0.169677734375,0.136962890625,0.0319580078125,8.90869140625E-05,4.78271484375E-05,0.2252197265625
112.451171875,0.504150390625,73.05,0.642822265625,45.66,0.669677734375,0.636962890625,0.0819580078125,3.90869140625E-05,9.78271484375E-05,0.6752197265625
162.451171875,0.254150390625,73.05,0.392822265625,45.66,0.419677734375,0.886962890625,0.0069580078125,6.40869140625E-05,7.28271484375E-05,0.0002197265625
62.451171875,0.754150390625,73.05,0.892822265625,45.66,0.919677734375,0.386962890625,0.0569580078125,1.40869140625E-05,2.28271484375E-05,0.4502197265625
87.451171875,0.379150390625,73.05,0.017822265625,45.66,0.794677734375,0.011962890625,0.0944580078125,7.65869140625E-05,6.03271484375E-05,0.1127197265625
187.451171875,0.879150390625,73.05,0.517822265625,45.66,0.294677734375,0.511962890625,0.0444580078125,2.65869140625E-05,1.03271484375E-05,0.5627197265625
137.451171875,0.129150390625,73.05,0.267822265625,45.66,0.544677734375,0.761962890625,0.0694580078125,5.15869140625E-05,3.53271484375E-05,0.3377197265625
37.451171875,0.629150390625,73.05,0.767822265625,45.66,0.044677734375,0.261962890625,0.0194580078125,1.5869140625E-06,8.53271484375E-05,0.7877197265625
49.951171875,0.316650390625,73.05,0.580322265625,45.66,0.107177734375,0.199462890625,0.0632080078125,8.28369140625E-05,4.15771484375E-05,0.8439697265625
149.951171875,0.816650390625,73.05,0.080322265625,45.66,0.607177734375,0.699462890625,0.0132080078125,3.28369140625E-05,9.15771484375E-05,0.3939697265625
199.951171875,0.066650390625,73.05,0.830322265625,45.66,0.357177734375,0.949462890625,0.0882080078125,5.78369140625E-05,6.65771484375E-05,0.6189697265625
99.951171875,0.566650390625,73.05,0.330322265625,45.66,0.857177734375,0.449462890625,0.0382080078125,7.8369140625E-06,1.65771484375E-05,0.1689697265625
74.951171875,0.191650390625,73.05,0.705322265625,45.66,0.982177734375,0.074462890625,0.0007080078125,9.53369140625E-05,5.40771484375E-05,0.5064697265625
174.951171875,0.691650390625,73.05,0.205322265625,45.66,0.482177734375,0.574462890625,0.0507080078125,4.53369140625E-05,4.0771484375E-06,0.0564697265625
124.951171875,0.441650390625,73.05,0.955322265625,45.66,0.732177734375,0.824462890625,0.0257080078125,7.03369140625E-05,2.90771484375E-05,0.7314697265625
24.951171875,0.941650390625,73.05,0.455322265625,45.66,0.232177734375,0.324462890625,0.0757080078125,2.03369140625E-05,7.90771484375E-05,0.2814697265625
18.701171875,0.472900390625,73.05,0.299072265625,45.66,0.450927734375,0.668212890625,0.0538330078125,1.72119140625E-05,7.2021484375E-06,0.1408447265625
118.701171875,0.972900390625,73.05,0.799072265625,45.66,0.950927734375,0.168212890625,0.0038330078125,6.72119140625E-05,5.72021484375E-05,0.5908447265625
168.701171875,0.222900390625,73.05,0.049072265625,45.66,0.200927734375,0.418212890625,0.0788330078125,4.22119140625E-05,8.22021484375E-05,0.3658447265625
68.701171875,0.722900390625,73.05,0.549072265625,45.66,0.700927734375,0.918212890625,0.0288330078125,9.22119140625E-05,3.22021484375E-05,0.8158447265625
93.701171875,0.097900390625,73.05,0.424072265625,45.66,0.575927734375,0.543212890625,0.0163330078125,4.7119140625E-06,9.47021484375E-05,0.2533447265625
193.701171875,0.597900390625,73.05,0.924072265625,45.66,0.075927734375,0.043212890625,0.0663330078125,5.47119140625E-05,4.47021484375E-05,0.7033447265625
143.701171875,0.347900390625,73.05,0.174072265625,45.66,0.825927734375,0.293212890625,0.0413330078125,2.97119140625E-05,1.97021484375E-05,0.0283447265625
43.701171875,0.847900390625,73.05,0.674072265625,45.66,0.325927734375,0.793212890625,0.0913330078125,7.97119140625E-05,6.97021484375E-05,0.4783447265625
31.201171875,0.160400390625,73.05,0.986572265625,45.66,0.263427734375,0.730712890625,0.0475830078125,1.09619140625E-05,9.52E-07,0.5345947265625
131.201171875,0.660400390625,73.05,0.486572265625,45.66,0.763427734375,0.230712890625,0.0975830078125,6.09619140625E-05,5.09521484375E-05,0.0845947265625
181.201171875,0.410400390625,73.05,0.736572265625,45.66,0.013427734375,0.480712890625,0.0225830078125,3.59619140625E-05,7.59521484375E-05,0.7595947265625
81.201171875,0.910400390625,73.05,0.236572265625,45.66,0.513427734375,0.980712890625,0.0725830078125,8.59619140625E-05,2.59521484375E-05,0.3095947265625
56.201171875,0.285400390625,73.05,0.861572265625,45.66,0.638427734375,0.605712890625,0.0850830078125,2.34619140625E-05,8.84521484375E-05,0.8720947265625
156.201171875,0.785400390625,73.05,0.361572265625,45.66,0.138427734375,0.105712890625,0.0350830078125,7.34619140625E-05,3.84521484375E-05,0.4220947265625
106.201171875,0.035400390625,73.05,0.611572265625,45.66,0.888427734375,0.355712890625,0.0600830078125,4.84619140625E-05,1.34521484375E-05,0.6470947265625
6.201171875,0.535400390625,73.05,0.111572265625,45.66,0.388427734375,0.855712890625,0.0100830078125,9.84619140625E-05,6.34521484375E-05,0.1970947265625
4.638671875,0.136962890625,73.05,0.494384765625,45.66,0.318115234375,0.004150390625,0.0311767578125,3.04931640625E-05,1.57958984375E-05,0.7666259765625
104.638671875,0.636962890625,73.05,0.994384765625,45.66,0.818115234375,0.504150390625,0.0811767578125,8.04931640625E-05,6.57958984375E-05,0.3166259765625
154.638671875,0.386962890625,73.05,0.244384765625,45.66,0.068115234375,0.754150390625,0.0061767578125,5.4931640625E-06,9.07958984375E-05,0.5416259765625
54.638671875,0.886962890625,73.05,0.744384765625,45.66,0.568115234375,0.254150390625,0.0561767578125,5.54931640625E-05,4.07958984375E-05,0.0916259765625
79.638671875,0.261962890625,73.05,0.369384765625,45.66,0.693115234375,0.129150390625,0.0936767578125,4.29931640625E-05,7.82958984375E-05,0.6541259765625
179.638671875,0.761962890625,73.05,0.869384765625,45.66,0.193115234375,0.629150390625,0.0436767578125,9.29931640625E-05,2.82958984375E-05,0.2041259765625
129.638671875,0.011962890625,73.05,0.119384765625,45.66,0.943115234375,0.879150390625,0.0686767578125,1.79931640625E-05,3.2958984375E-06,0.8791259765625
29.638671875,0.511962890625,73.05,0.619384765625,45.66,0.443115234375,0.379150390625,0.0186767578125,6.79931640625E-05,5.32958984375E-05,0.4291259765625
42.138671875,0.449462890625,73.05,0.806884765625,45.66,0.380615234375,0.066650390625,0.0749267578125,4.92431640625E-05,2.20458984375E-05,0.3728759765625
142.138671875,0.949462890625,73.05,0.306884765625,45.66,0.880615234375,0.566650390625,0.0249267578125,9.92431640625E-05,7.20458984375E-05,0.8228759765625
192.138671875,0.199462890625,73.05,0.556884765625,45.66,0.130615234375,0.816650390625,0.0999267578125,2.42431640625E-05,9.70458984375E-05,0.1478759765625
92.138671875,0.699462890625,73.05,0.056884765625,45.66,0.630615234375,0.316650390625,0.0499267578125,7.42431640625E-05,4.70458984375E-05,0.5978759765625
67.138671875,0.074462890625,73.05,0.931884765625,45.66,0.505615234375,0.191650390625,0.0124267578125,3.67431640625E-05,8.45458984375E-05,0.0353759765625
167.138671875,0.574462890625,73.05,0.431884765625,45.66,0.005615234375,0.691650390625,0.0624267578125,8.67431640625E-05,3.45458984375E-05,0.4853759765625
117.138671875,0.324462890625,73.05,0.681884765625,45.66,0.755615234375,0.941650390625,0.0374267578125,1.17431640625E-05,9.5458984375E-06,0.2603759765625
17.138671875,0.824462890625,73.05,0.181884765625,45.66,0.255615234375,0.441650390625,0.0874267578125,6.17431640625E-05,5.95458984375E-05,0.7103759765625
23.388671875,0.355712890625,73.05,0.088134765625,45.66,0.036865234375,0.535400390625,0.0593017578125,5.23681640625E-05,2.51708984375E-05,0.6260009765625
123.388671875,0.855712890625,73.05,0.588134765625,45.66,0.536865234375,0.035400390625,0.0093017578125,2.3681640625E-06,7.51708984375E-05,0.1760009765625
173.388671875,0.105712890625,73.05,0.338134765625,45.66,0.286865234375,0.285400390625,0.0843017578125,7.73681640625E-05,5.01708984375E-05,0.8510009765625
73.388671875,0.605712890625,73.05,0.838134765625,45.66,0.786865234375,0.785400390625,0.0343017578125,2.73681640625E-05,1.71E-07,0.4010009765625
98.388671875,0.230712890625,73.05,0.213134765625,45.66,0.911865234375,0.660400390625,0.0218017578125,6.48681640625E-05,6.26708984375E-05,0.7385009765625
198.388671875,0.730712890625,73.05,0.713134765625,45.66,0.411865234375,0.160400390625,0.0718017578125,1.48681640625E-05,1.26708984375E-05,0.2885009765625
148.388671875,0.480712890625,73.05,0.463134765625,45.66,0.661865234375,0.410400390625,0.0468017578125,8.98681640625E-05,3.76708984375E-05,0.5135009765625
48.388671875,0.980712890625,73.05,0.963134765625,45.66,0.161865234375,0.910400390625,0.0968017578125,3.98681640625E-05,8.76708984375E-05,0.0635009765625
35.888671875,0.043212890625,73.05,0.650634765625,45.66,0.224365234375,0.597900390625,0.0405517578125,7.11181640625E-05,3.14208984375E-05,0.0072509765625
135.888671875,0.543212890625,73.05,0.150634765625,45.66,0.724365234375,0.097900390625,0.0905517578125,2.11181640625E-05,8.14208984375E-05,0.4572509765625
185.888671875,0.293212890625,73.05,0.900634765625,45.66,0.474365234375,0.347900390625,0.0155517578125,9.61181640625E-05,5.64208984375E-05,0.2322509765625
85.888671875,0.793212890625,73.05,0.400634765625,45.66,0.974365234375,0.847900390625,0.0655517578125,4.61181640625E-05,6.4208984375E-06,0.6822509765625
60.888671875,0.418212890625,73.05,0.525634765625,45.66,0.849365234375,0.722900390625,0.0780517578125,5.86181640625E-05,6.89208984375E-05,0.3447509765625
160.888671875,0.918212890625,73.05,0.025634765625,45.66,0.349365234375,0.222900390625,0.0280517578125,8.6181640625E-06,1.89208984375E-05,0.7947509765625
110.888671875,0.168212890625,73.05,0.775634765625,45.66,0.599365234375,0.472900390625,0.0530517578125,8.36181640625E-05,4.39208984375E-05,0.1197509765625
10.888671875,0.668212890625,73.05,0.275634765625,45.66,0.099365234375,0.972900390625,0.0030517578125,3.36181640625E-05,9.39208984375E-05,0.5697509765625
7.763671875,0.402587890625,73.05,0.916259765625,45.66,0.958740234375,0.269775390625,0.0889892578125,8.51806640625E-05,1.42333984375E-05,0.8369384765625
107.763671875,0.902587890625,73.05,0.416259765625,45.66,0.458740234375,0.769775390625,0.0389892578125,3.51806640625E-05,6.42333984375E-05,0.3869384765625
157.763671875,0.152587890625,73.05,0.666259765625,45.66,0.708740234375,0.519775390625,0.0639892578125,6.01806640625E-05,8.92333984375E-05,0.6119384765625
57.763671875,0.652587890625,73.05,0.166259765625,45.66,0.208740234375,0.019775390625,0.0139892578125,1.01806640625E-05,3.92333984375E-05,0.1619384765625
82.763671875,0.027587890625,73.05,0.791259765625,45.66,0.083740234375,0.394775390625,0.0264892578125,9.76806640625E-05,7.67333984375E-05,0.4994384765625
182.763671875,0.527587890625,73.05,0.291259765625,45.66,0.583740234375,0.894775390625,0.0764892578125,4.76806640625E-05,2.67333984375E-05,0.0494384765625
132.763671875,0.277587890625,73.05,0.541259765625,45.66,0.333740234375,0.644775390625,0.0014892578125,7.26806640625E-05,1.7333984375E-06,0.7244384765625
32.763671875,0.777587890625,73.05,0.041259765625,45.66,0.833740234375,0.144775390625,0.0514892578125,2.26806640625E-05,5.17333984375E-05,0.2744384765625
45.263671875,0.215087890625,73.05,0.353759765625,45.66,0.771240234375,0.332275390625,0.0077392578125,9.14306640625E-05,2.04833984375E-05,0.3306884765625
145.263671875,0.715087890625,73.05,0.853759765625,45.66,0.271240234375,0.832275390625,0.0577392578125,4.14306640625E-05,7.04833984375E-05,0.7806884765625
195.263671875,0.465087890625,73.05,0.103759765625,45.66,0.521240234375,0.582275390625,0.0327392578125,6.64306640625E-05,9.54833984375E-05,0.1056884765625
95.263671875,0.965087890625,73.05,0.603759765625,45.66,0.021240234375,0.082275390625,0.0827392578125,1.64306640625E-05,4.54833984375E-05,0.5556884765625
70.263671875,0.340087890625,73.05,0.478759765625,45.66,0.146240234375,0.457275390625,0.0702392578125,7.89306640625E-05,8.29833984375E-05,0.2181884765625
170.263671875,0.840087890625,73.05,0.978759765625,45.66,0.646240234375,0.957275390625,0.0202392578125,2.89306640625E-05,3.29833984375E-05,0.6681884765625
120.263671875,0.090087890625,73.05,0.228759765625,45.66,0.396240234375,0.707275390625,0.0952392578125,5.39306640625E-05,7.9833984375E-06,0.4431884765625
20.263671875,0.590087890625,73.05,0.728759765625,45.66,0.896240234375,0.207275390625,0.0452392578125,3.9306640625E-06,5.79833984375E-05,0.8931884765625
14.013671875,0.121337890625,73.05,0.510009765625,45.66,0.677490234375,0.801025390625,0.0233642578125,7.0556640625E-06,2.98583984375E-05,0.4713134765625
114.013671875,0.621337890625,73.05,0.010009765625,45.66,0.177490234375,0.301025390625,0.0733642578125,5.70556640625E-05,7.98583984375E-05,0.0213134765625
164.013671875,0.371337890625,73.05,0.760009765625,45.66,0.927490234375,0.051025390625,0.0483642578125,3.20556640625E-05,5.48583984375E-05,0.6963134765625
64.013671875,0.871337890625,73.05,0.260009765625,45.66,0.427490234375,0.551025390625,0.0983642578125,8.20556640625E-05,4.8583984375E-06,0.2463134765625
89.013671875,0.496337890625,73.05,0.635009765625,45.66,0.302490234375,0.926025390625,0.0608642578125,1.95556640625E-05,6.73583984375E-05,0.8088134765625
189.013671875,0.996337890625,73.05,0.135009765625,45.66,0.802490234375,0.426025390625,0.0108642578125,6.95556640625E-05,1.73583984375E-05,0.3588134765625
139.013671875,0.246337890625,73.05,0.885009765625,45.66,0.052490234375,0.176025390625,0.0858642578125,4.45556640625E-05,4.23583984375E-05,0.5838134765625
39.013671875,0.746337890625,73.05,0.385009765625,45.66,0.552490234375,0.676025390625,0.0358642578125,9.45556640625E-05,9.23583984375E-05,0.1338134765625
26.513671875,0.308837890625,73.05,0.197509765625,45.66,0.614990234375,0.863525390625,0.0796142578125,1.33056640625E-05,3.61083984375E-05,0.1900634765625
126.513671875,0.808837890625,73.05,0.697509765625,45.66,0.114990234375,0.363525390625,0.0296142578125,6.33056640625E-05,8.61083984375E-05,0.6400634765625
176.513671875,0.058837890625,73.05,0.447509765625,45.66,0.864990234375,0.113525390625,0.0546142578125,3.83056640625E-05,6.11083984375E-05,0.4150634765625
76.513671875,0.558837890625,73.05,0.947509765625,45.66,0.364990234375,0.613525390625,0.0046142578125,8.83056640625E-05,1.11083984375E-05,0.8650634765625
51.513671875,0.183837890625,73.05,0.072509765625,45.66,0.489990234375,0.988525390625,0.0421142578125,8.06E-07,7.36083984375E-05,0.3025634765625
151.513671875,0.683837890625,73.05,0.572509765625,45.66,0.989990234375,0.488525390625,0.0921142578125,5.08056640625E-05,2.36083984375E-05,0.7525634765625
101.513671875,0.433837890625,73.05,0.322509765625,45.66,0.239990234375,0.238525390625,0.0171142578125,2.58056640625E-05,4.86083984375E-05,0.0775634765625
1.513671875,0.933837890625,73.05,0.822509765625,45.66,0.739990234375,0.738525390625,0.0671142578125,7.58056640625E-05,9.86083984375E-05,0.5275634765625
1.123046875,0.435791015625,73.05,0.035400390625,45.66,0.116943359375,0.904541015625,0.0856689453125,7.17041015625E-05,8.12255859375E-05,0.3218994140625
101.123046875,0.935791015625,73.05,0.535400390625,45.66,0.616943359375,0.404541015625,0.0356689453125,2.17041015625E-05,3.12255859375E-05,0.7718994140625
151.123046875,0.185791015625,73.05,0.285400390625,45.66,0.366943359375,0.154541015625,0.0606689453125,9.67041015625E-05,6.2255859375E-06,0.0968994140625
51.123046875,0.685791015625,73.05,0.785400390625,45.66,0.866943359375,0.654541015625,0.0106689453125,4.67041015625E-05,5.62255859375E-05,0.5468994140625
76.123046875,0.060791015625,73.05,0.160400390625,45.66,0.991943359375,0.779541015625,0.0481689453125,5.92041015625E-05,1.87255859375E-05,0.2093994140625
176.123046875,0.560791015625,73.05,0.660400390625,45.66,0.491943359375,0.279541015625,0.0981689453125,9.2041015625E-06,6.87255859375E-05,0.6593994140625
126.123046875,0.310791015625,73.05,0.410400390625,45.66,0.741943359375,0.029541015625,0.0231689453125,8.42041015625E-05,9.37255859375E-05,0.4343994140625
26.123046875,0.810791015625,73.05,0.910400390625,45.66,0.241943359375,0.529541015625,0.0731689453125,3.42041015625E-05,4.37255859375E-05,0.8843994140625
38.623046875,0.248291015625,73.05,0.722900390625,45.66,0.179443359375,0.967041015625,0.0169189453125,5.29541015625E-05,8.74755859375E-05,0.8281494140625
138.623046875,0.748291015625,73.05,0.222900390625,45.66,0.679443359375,0.467041015625,0.0669189453125,2.9541015625E-06,3.74755859375E-05,0.3781494140625
188.623046875,0.498291015625,73.05,0.972900390625,45.66,0.429443359375,0.217041015625,0.0419189453125,7.79541015625E-05,1.24755859375E-05,0.6031494140625
88.623046875,0.998291015625,73.05,0.472900390625,45.66,0.929443359375,0.717041015625,0.0919189453125,2.79541015625E-05,6.24755859375E-05,0.1531494140625
63.623046875,0.373291015625,73.05,0.597900390625,45.66,0.804443359375,0.842041015625,0.0544189453125,6.54541015625E-05,2.49755859375E-05,0.4906494140625
163.623046875,0.873291015625,73.05,0.097900390625,45.66,0.304443359375,0.342041015625,0.0044189453125,1.54541015625E-05,7.49755859375E-05,0.0406494140625
113.623046875,0.123291015625,73.05,0.847900390625,45.66,0.554443359375,0.092041015625,0.0794189453125,9.04541015625E-05,9.99755859375E-05,0.7156494140625
13.623046875,0.623291015625,73.05,0.347900390625,45.66,0.054443359375,0.592041015625,0.0294189453125,4.04541015625E-05,4.99755859375E-05,0.2656494140625
19.873046875,0.092041015625,73.05,0.379150390625,45.66,0.273193359375,0.435791015625,0.0012939453125,4.98291015625E-05,6.56005859375E-05,0.1812744140625
119.873046875,0.592041015625,73.05,0.879150390625,45.66,0.773193359375,0.935791015625,0.0512939453125,9.98291015625E-05,1.56005859375E-05,0.6312744140625
169.873046875,0.342041015625,73.05,0.129150390625,45.66,0.023193359375,0.685791015625,0.0262939453125,2.48291015625E-05,4.06005859375E-05,0.4062744140625
69.873046875,0.842041015625,73.05,0.629150390625,45.66,0.523193359375,0.185791015625,0.0762939453125,7.48291015625E-05,9.06005859375E-05,0.8562744140625
94.873046875,0.467041015625,73.05,0.254150390625,45.66,0.648193359375,0.310791015625,0.0637939453125,3.73291015625E-05,2.81005859375E-05,0.2937744140625
194.873046875,0.967041015625,73.05,0.754150390625,45.66,0.148193359375,0.810791015625,0.0137939453125,8.73291015625E-05,7.81005859375E-05,0.7437744140625
144.873046875,0.217041015625,73.05,0.004150390625,45.66,0.898193359375,0.560791015625,0.0887939453125,1.23291015625E-05,5.31005859375E-05,0.0687744140625
44.873046875,0.717041015625,73.05,0.504150390625,45.66,0.398193359375,0.060791015625,0.0387939453125,6.23291015625E-05,3.1005859375E-06,0.5187744140625
32.373046875,0.279541015625,73.05,0.816650390625,45.66,0.460693359375,0.498291015625,0.0950439453125,3.10791015625E-05,7.18505859375E-05,0.4625244140625
132.373046875,0.779541015625,73.05,0.316650390625,45.66,0.960693359375,0.998291015625,0.0450439453125,8.10791015625E-05,2.18505859375E-05,0.0125244140625
182.373046875,0.029541015625,73.05,0.566650390625,45.66,0.210693359375,0.748291015625,0.0700439453125,6.0791015625E-06,4.68505859375E-05,0.6875244140625
82.373046875,0.529541015625,73.05,0.066650390625,45.66,0.710693359375,0.248291015625,0.0200439453125,5.60791015625E-05,9.68505859375E-05,0.2375244140625
57.373046875,0.154541015625,73.05,0.941650390625,45.66,0.585693359375,0.373291015625,0.0325439453125,4.35791015625E-05,3.43505859375E-05,0.8000244140625
157.373046875,0.654541015625,73.05,0.441650390625,45.66,0.085693359375,0.873291015625,0.0825439453125,9.35791015625E-05,8.43505859375E-05,0.3500244140625
107.373046875,0.404541015625,73.05,0.691650390625,45.66,0.835693359375,0.623291015625,0.0075439453125,1.85791015625E-05,5.93505859375E-05,0.5750244140625
7.373046875,0.904541015625,73.05,0.191650390625,45.66,0.335693359375,0.123291015625,0.0575439453125,6.85791015625E-05,9.3505859375E-06,0.1250244140625
10.498046875,0.170166015625,73.05,0.613525390625,45.66,0.726318359375,0.638916015625,0.0466064453125,1.38916015625E-05,7.65380859375E-05,0.3922119140625
110.498046875,0.670166015625,73.05,0.113525390625,45.66,0.226318359375,0.138916015625,0.0966064453125,6.38916015625E-05,2.65380859375E-05,0.8422119140625
160.498046875,0.420166015625,73.05,0.863525390625,45.66,0.976318359375,0.388916015625,0.0216064453125,3.88916015625E-05,1.5380859375E-06,0.1672119140625
60.498046875,0.920166015625,73.05,0.363525390625,45.66,0.476318359375,0.888916015625,0.0716064453125,8.88916015625E-05,5.15380859375E-05,0.6172119140625
85.498046875,0.295166015625,73.05,0.738525390625,45.66,0.351318359375,0.513916015625,0.0841064453125,1.3916015625E-06,1.40380859375E-05,0.0547119140625
185.498046875,0.795166015625,73.05,0.238525390625,45.66,0.851318359375,0.013916015625,0.0341064453125,5.13916015625E-05,6.40380859375E-05,0.5047119140625
135.498046875,0.045166015625,73.05,0.988525390625,45.66,0.101318359375,0.263916015625,0.0591064453125,2.63916015625E-05,8.90380859375E-05,0.2797119140625
35.498046875,0.545166015625,73.05,0.488525390625,45.66,0.601318359375,0.763916015625,0.0091064453125,7.63916015625E-05,3.90380859375E-05,0.7297119140625
47.998046875,0.482666015625,73.05,0.176025390625,45.66,0.538818359375,0.701416015625,0.0528564453125,7.6416015625E-06,8.27880859375E-05,0.7859619140625
147.998046875,0.982666015625,73.05,0.676025390625,45.66,0.038818359375,0.201416015625,0.0028564453125,5.76416015625E-05,3.27880859375E-05,0.3359619140625
197.998046875,0.232666015625,73.05,0.426025390625,45.66,0.788818359375,0.451416015625,0.0778564453125,3.26416015625E-05,7.7880859375E-06,0.5609619140625
97.998046875,0.732666015625,73.05,0.926025390625,45.66,0.288818359375,0.951416015625,0.0278564453125,8.26416015625E-05,5.77880859375E-05,0.1109619140625
72.998046875,0.107666015625,73.05,0.051025390625,45.66,0.413818359375,0.576416015625,0.0153564453125,2.01416015625E-05,2.02880859375E-05,0.6734619140625
172.998046875,0.607666015625,73.05,0.551025390625,45.66,0.913818359375,0.076416015625,0.0653564453125,7.01416015625E-05,7.02880859375E-05,0.2234619140625
122.998046875,0.357666015625,73.05,0.301025390625,45.66,0.163818359375,0.326416015625,0.0403564453125,4.51416015625E-05,9.52880859375E-05,0.8984619140625
22.998046875,0.857666015625,73.05,0.801025390625,45.66,0.663818359375,0.826416015625,0.0903564453125,9.51416015625E-05,4.52880859375E-05,0.4484619140625
16.748046875,0.326416015625,73.05,0.957275390625,45.66,0.882568359375,0.170166015625,0.0684814453125,9.20166015625E-05,6.71630859375E-05,0.0265869140625
116.748046875,0.826416015625,73.05,0.457275390625,45.66,0.382568359375,0.670166015625,0.0184814453125,4.20166015625E-05,1.71630859375E-05,0.4765869140625
166.748046875,0.076416015625,73.05,0.707275390625,45.66,0.632568359375,0.920166015625,0.0934814453125,6.70166015625E-05,4.21630859375E-05,0.2515869140625
66.748046875,0.576416015625,73.05,0.207275390625,45.66,0.132568359375,0.420166015625,0.0434814453125,1.70166015625E-05,9.21630859375E-05,0.7015869140625
91.748046875,0.201416015625,73.05,0.832275390625,45.66,0.007568359375,0.045166015625,0.0059814453125,7.95166015625E-05,2.96630859375E-05,0.3640869140625
191.748046875,0.701416015625,73.05,0.332275390625,45.66,0.507568359375,0.545166015625,0.0559814453125,2.95166015625E-05,7.96630859375E-05,0.8140869140625
141.748046875,0.451416015625,73.05,0.582275390625,45.66,0.257568359375,0.795166015625,0.0309814453125,5.45166015625E-05,5.46630859375E-05,0.1390869140625
41.748046875,0.951416015625,73.05,0.082275390625,45.66,0.757568359375,0.295166015625,0.0809814453125,4.5166015625E-06,4.6630859375E-06,0.5890869140625
29.248046875,0.013916015625,73.05,0.269775390625,45.66,0.820068359375,0.232666015625,0.0372314453125,8.57666015625E-05,7.34130859375E-05,0.6453369140625
129.248046875,0.513916015625,73.05,0.769775390625,45.66,0.320068359375,0.732666015625,0.0872314453125,3.57666015625E-05,2.34130859375E-05,0.1953369140625
179.248046875,0.263916015625,73.05,0.019775390625,45.66,0.570068359375,0.982666015625,0.0122314453125,6.07666015625E-05,4.84130859375E-05,0.8703369140625
79.248046875,0.763916015625,73.05,0.519775390625,45.66,0.070068359375,0.482666015625,0.0622314453125,1.07666015625E-05,9.84130859375E-05,0.4203369140625
54.248046875,0.388916015625,73.05,0.394775390625,45.66,0.195068359375,0.107666015625,0.0997314453125,9.82666015625E-05,3.59130859375E-05,0.7578369140625
154.248046875,0.888916015625,73.05,0.894775390625,45.66,0.695068359375,0.607666015625,0.0497314453125,4.82666015625E-05,8.59130859375E-05,0.3078369140625
104.248046875,0.138916015625,73.05,0.144775390625,45.66,0.445068359375,0.857666015625,0.0747314453125,7.32666015625E-05,6.09130859375E-05,0.5328369140625
4.248046875,0.638916015625,73.05,0.644775390625,45.66,0.945068359375,0.357666015625,0.0247314453125,2.32666015625E-05,1.09130859375E-05,0.0828369140625
5.810546875,0.037353515625,73.05,0.777587890625,45.66,0.765380859375,0.506103515625,0.0411376953125,5.37353515625E-05,5.70068359375E-05,0.8633056640625
105.810546875,0.537353515625,73.05,0.277587890625,45.66,0.265380859375,0.006103515625,0.0911376953125,3.7353515625E-06,7.0068359375E-06,0.4133056640625
155.810546875,0.287353515625,73.05,0.527587890625,45.66,0.515380859375,0.256103515625,0.0161376953125,7.87353515625E-05,3.20068359375E-05,0.6383056640625
55.810546875,0.787353515625,73.05,0.027587890625,45.66,0.015380859375,0.756103515625,0.0661376953125,2.87353515625E-05,8.20068359375E-05,0.1883056640625
80.810546875,0.412353515625,73.05,0.902587890625,45.66,0.140380859375,0.631103515625,0.0786376953125,6.62353515625E-05,4.45068359375E-05,0.5258056640625
180.810546875,0.912353515625,73.05,0.402587890625,45.66,0.640380859375,0.131103515625,0.0286376953125,1.62353515625E-05,9.45068359375E-05,0.0758056640625
130.810546875,0.162353515625,73.05,0.652587890625,45.66,0.390380859375,0.381103515625,0.0536376953125,9.12353515625E-05,6.95068359375E-05,0.7508056640625
30.810546875,0.662353515625,73.05,0.152587890625,45.66,0.890380859375,0.881103515625,0.0036376953125,4.12353515625E-05,1.95068359375E-05,0.3008056640625
43.310546875,0.349853515625,73.05,0.465087890625,45.66,0.952880859375,0.568603515625,0.0598876953125,7.24853515625E-05,5.07568359375E-05,0.2445556640625
143.310546875,0.849853515625,73.05,0.965087890625,45.66,0.452880859375,0.068603515625,0.0098876953125,2.24853515625E-05,7.57E-07,0.6945556640625
193.310546875,0.099853515625,73.05,0.215087890625,45.66,0.702880859375,0.318603515625,0.0848876953125,9.74853515625E-05,2.57568359375E-05,0.0195556640625
93.310546875,0.599853515625,73.05,0.715087890625,45.66,0.202880859375,0.818603515625,0.0348876953125,4.74853515625E-05,7.57568359375E-05,0.4695556640625
68.310546875,0.224853515625,73.05,0.340087890625,45.66,0.077880859375,0.693603515625,0.0223876953125,5.99853515625E-05,3.82568359375E-05,0.1320556640625
168.310546875,0.724853515625,73.05,0.840087890625,45.66,0.577880859375,0.193603515625,0.0723876953125,9.9853515625E-06,8.82568359375E-05,0.5820556640625
118.310546875,0.474853515625,73.05,0.090087890625,45.66,0.327880859375,0.443603515625,0.0473876953125,8.49853515625E-05,6.32568359375E-05,0.3570556640625
18.310546875,0.974853515625,73.05,0.590087890625,45.66,0.827880859375,0.943603515625,0.0973876953125,3.49853515625E-05,1.32568359375E-05,0.8070556640625
24.560546875,0.443603515625,73.05,0.683837890625,45.66,0.609130859375,0.037353515625,0.0692626953125,2.56103515625E-05,9.76318359375E-05,0.5539306640625
124.560546875,0.943603515625,73.05,0.183837890625,45.66,0.109130859375,0.537353515625,0.0192626953125,7.56103515625E-05,4.76318359375E-05,0.1039306640625
174.560546875,0.193603515625,73.05,0.933837890625,45.66,0.859130859375,0.787353515625,0.0942626953125,6.10E-07,2.26318359375E-05,0.7789306640625
74.560546875,0.693603515625,73.05,0.433837890625,45.66,0.359130859375,0.287353515625,0.0442626953125,5.06103515625E-05,7.26318359375E-05,0.3289306640625
99.560546875,0.068603515625,73.05,0.558837890625,45.66,0.484130859375,0.162353515625,0.0067626953125,3.81103515625E-05,1.01318359375E-05,0.8914306640625
199.560546875,0.568603515625,73.05,0.058837890625,45.66,0.984130859375,0.662353515625,0.0567626953125,8.81103515625E-05,6.01318359375E-05,0.4414306640625
149.560546875,0.318603515625,73.05,0.808837890625,45.66,0.234130859375,0.912353515625,0.0317626953125,1.31103515625E-05,8.51318359375E-05,0.6664306640625
49.560546875,0.818603515625,73.05,0.308837890625,45.66,0.734130859375,0.412353515625,0.0817626953125,6.31103515625E-05,3.51318359375E-05,0.2164306640625
37.060546875,0.131103515625,73.05,0.121337890625,45.66,0.671630859375,0.099853515625,0.0255126953125,4.43603515625E-05,9.13818359375E-05,0.1601806640625
137.060546875,0.631103515625,73.05,0.621337890625,45.66,0.171630859375,0.599853515625,0.0755126953125,9.43603515625E-05,4.13818359375E-05,0.6101806640625
187.060546875,0.381103515625,73.05,0.371337890625,45.66,0.921630859375,0.849853515625,0.0005126953125,1.93603515625E-05,1.63818359375E-05,0.3851806640625
87.060546875,0.881103515625,73.05,0.871337890625,45.66,0.421630859375,0.349853515625,0.0505126953125,6.93603515625E-05,6.63818359375E-05,0.8351806640625
62.060546875,0.256103515625,73.05,0.246337890625,45.66,0.296630859375,0.224853515625,0.0880126953125,3.18603515625E-05,3.8818359375E-06,0.2726806640625
162.060546875,0.756103515625,73.05,0.746337890625,45.66,0.796630859375,0.724853515625,0.0380126953125,8.18603515625E-05,5.38818359375E-05,0.7226806640625
112.060546875,0.006103515625,73.05,0.496337890625,45.66,0.046630859375,0.974853515625,0.0630126953125,6.8603515625E-06,7.88818359375E-05,0.0476806640625
12.060546875,0.506103515625,73.05,0.996337890625,45.66,0.546630859375,0.474853515625,0.0130126953125,5.68603515625E-05,2.88818359375E-05,0.4976806640625
8.935546875,0.302978515625,73.05,0.324462890625,45.66,0.406005859375,0.771728515625,0.0770751953125,1.15478515625E-05,6.16943359375E-05,0.6804931640625
108.935546875,0.802978515625,73.05,0.824462890625,45.66,0.906005859375,0.271728515625,0.0270751953125,6.15478515625E-05,1.16943359375E-05,0.2304931640625
158.935546875,0.052978515625,73.05,0.074462890625,45.66,0.156005859375,0.021728515625,0.0520751953125,3.65478515625E-05,3.66943359375E-05,0.4554931640625
58.935546875,0.552978515625,73.05,0.574462890625,45.66,0.656005859375,0.521728515625,0.0020751953125,8.65478515625E-05,8.66943359375E-05,0.0054931640625
83.935546875,0.177978515625,73.05,0.449462890625,45.66,0.531005859375,0.896728515625,0.0395751953125,2.40478515625E-05,4.91943359375E-05,0.5679931640625
183.935546875,0.677978515625,73.05,0.949462890625,45.66,0.031005859375,0.396728515625,0.0895751953125,7.40478515625E-05,9.91943359375E-05,0.1179931640625
133.935546875,0.427978515625,73.05,0.199462890625,45.66,0.781005859375,0.146728515625,0.0145751953125,4.90478515625E-05,7.41943359375E-05,0.7929931640625
33.935546875,0.927978515625,73.05,0.699462890625,45.66,0.281005859375,0.646728515625,0.0645751953125,9.90478515625E-05,2.41943359375E-05,0.3429931640625
46.435546875,0.115478515625,73.05,0.886962890625,45.66,0.343505859375,0.834228515625,0.0208251953125,1.77978515625E-05,5.54443359375E-05,0.3992431640625
146.435546875,0.615478515625,73.05,0.386962890625,45.66,0.843505859375,0.334228515625,0.0708251953125,6.77978515625E-05,5.4443359375E-06,0.8492431640625
196.435546875,0.365478515625,73.05,0.636962890625,45.66,0.093505859375,0.084228515625,0.0458251953125,4.27978515625E-05,3.04443359375E-05,0.1742431640625
96.435546875,0.865478515625,73.05,0.136962890625,45.66,0.593505859375,0.584228515625,0.0958251953125,9.27978515625E-05,8.04443359375E-05,0.6242431640625
71.435546875,0.490478515625,73.05,0.761962890625,45.66,0.718505859375,0.959228515625,0.0583251953125,5.2978515625E-06,4.29443359375E-05,0.0617431640625
171.435546875,0.990478515625,73.05,0.261962890625,45.66,0.218505859375,0.459228515625,0.0083251953125,5.52978515625E-05,9.29443359375E-05,0.5117431640625
121.435546875,0.240478515625,73.05,0.511962890625,45.66,0.968505859375,0.209228515625,0.0833251953125,3.02978515625E-05,6.79443359375E-05,0.2867431640625
21.435546875,0.740478515625,73.05,0.011962890625,45.66,0.468505859375,0.709228515625,0.0333251953125,8.02978515625E-05,1.79443359375E-05,0.7367431640625
15.185546875,0.209228515625,73.05,0.230712890625,45.66,0.249755859375,0.302978515625,0.0114501953125,8.34228515625E-05,9.60693359375E-05,0.5961181640625
115.185546875,0.709228515625,73.05,0.730712890625,45.66,0.749755859375,0.802978515625,0.0614501953125,3.34228515625E-05,4.60693359375E-05,0.1461181640625
165.185546875,0.459228515625,73.05,0.480712890625,45.66,0.499755859375,0.552978515625,0.0364501953125,5.84228515625E-05,2.10693359375E-05,0.8211181640625
65.185546875,0.959228515625,73.05,0.980712890625,45.66,0.999755859375,0.052978515625,0.0864501953125,8.4228515625E-06,7.10693359375E-05,0.3711181640625
90.185546875,0.334228515625,73.05,0.105712890625,45.66,0.874755859375,0.427978515625,0.0739501953125,9.59228515625E-05,8.5693359375E-06,0.7086181640625
190.185546875,0.834228515625,73.05,0.605712890625,45.66,0.374755859375,0.927978515625,0.0239501953125,4.59228515625E-05,5.85693359375E-05,0.2586181640625
140.185546875,0.084228515625,73.05,0.355712890625,45.66,0.624755859375,0.677978515625,0.0989501953125,7.09228515625E-05,8.35693359375E-05,0.4836181640625
40.185546875,0.584228515625,73.05,0.855712890625,45.66,0.124755859375,0.177978515625,0.0489501953125,2.09228515625E-05,3.35693359375E-05,0.0336181640625
27.685546875,0.396728515625,73.05,0.543212890625,45.66,0.062255859375,0.365478515625,0.0927001953125,8.96728515625E-05,8.98193359375E-05,0.0898681640625
127.685546875,0.896728515625,73.05,0.043212890625,45.66,0.562255859375,0.865478515625,0.0427001953125,3.96728515625E-05,3.98193359375E-05,0.5398681640625
177.685546875,0.146728515625,73.05,0.793212890625,45.66,0.312255859375,0.615478515625,0.0677001953125,6.46728515625E-05,1.48193359375E-05,0.3148681640625
77.685546875,0.646728515625,73.05,0.293212890625,45.66,0.812255859375,0.115478515625,0.0177001953125,1.46728515625E-05,6.48193359375E-05,0.7648681640625
52.685546875,0.021728515625,73.05,0.668212890625,45.66,0.937255859375,0.490478515625,0.0302001953125,7.71728515625E-05,2.3193359375E-06,0.4273681640625
152.685546875,0.521728515625,73.05,0.168212890625,45.66,0.437255859375,0.990478515625,0.0802001953125,2.71728515625E-05,5.23193359375E-05,0.8773681640625
102.685546875,0.271728515625,73.05,0.918212890625,45.66,0.687255859375,0.740478515625,0.0052001953125,5.21728515625E-05,7.73193359375E-05,0.2023681640625
2.685546875,0.771728515625,73.05,0.418212890625,45.66,0.187255859375,0.240478515625,0.0552001953125,2.1728515625E-06,2.73193359375E-05,0.6523681640625
1.904296875,0.228759765625,73.05,0.968994140625,45.66,0.464599609375,0.564697265625,0.0649658203125,4.9072265625E-06,3.63037109375E-05,0.7121337890625
101.904296875,0.728759765625,73.05,0.468994140625,45.66,0.964599609375,0.064697265625,0.0149658203125,5.49072265625E-05,8.63037109375E-05,0.2621337890625
151.904296875,0.478759765625,73.05,0.718994140625,45.66,0.214599609375,0.314697265625,0.0899658203125,2.99072265625E-05,6.13037109375E-05,0.4871337890625
51.904296875,0.978759765625,73.05,0.218994140625,45.66,0.714599609375,0.814697265625,0.0399658203125,7.99072265625E-05,1.13037109375E-05,0.0371337890625
76.904296875,0.353759765625,73.05,0.843994140625,45.66,0.589599609375,0.689697265625,0.0024658203125,1.74072265625E-05,7.38037109375E-05,0.5996337890625
176.904296875,0.853759765625,73.05,0.343994140625,45.66,0.089599609375,0.189697265625,0.0524658203125,6.74072265625E-05,2.38037109375E-05,0.1496337890625
126.904296875,0.103759765625,73.05,0.593994140625,45.66,0.839599609375,0.439697265625,0.0274658203125,4.24072265625E-05,4.88037109375E-05,0.8246337890625
26.904296875,0.603759765625,73.05,0.093994140625,45.66,0.339599609375,0.939697265625,0.0774658203125,9.24072265625E-05,9.88037109375E-05,0.3746337890625
39.404296875,0.416259765625,73.05,0.281494140625,45.66,0.277099609375,0.502197265625,0.0337158203125,2.36572265625E-05,3.00537109375E-05,0.4308837890625
139.404296875,0.916259765625,73.05,0.781494140625,45.66,0.777099609375,0.002197265625,0.0837158203125,7.36572265625E-05,8.00537109375E-05,0.8808837890625
189.404296875,0.166259765625,73.05,0.031494140625,45.66,0.027099609375,0.252197265625,0.0087158203125,4.86572265625E-05,5.50537109375E-05,0.2058837890625
89.404296875,0.666259765625,73.05,0.531494140625,45.66,0.527099609375,0.752197265625,0.0587158203125,9.86572265625E-05,5.0537109375E-06,0.6558837890625
64.404296875,0.041259765625,73.05,0.406494140625,45.66,0.652099609375,0.627197265625,0.0962158203125,1.11572265625E-05,6.75537109375E-05,0.0933837890625
164.404296875,0.541259765625,73.05,0.906494140625,45.66,0.152099609375,0.127197265625,0.0462158203125,6.11572265625E-05,1.75537109375E-05,0.5433837890625
114.404296875,0.291259765625,73.05,0.156494140625,45.66,0.902099609375,0.377197265625,0.0712158203125,3.61572265625E-05,4.25537109375E-05,0.3183837890625
14.404296875,0.791259765625,73.05,0.656494140625,45.66,0.402099609375,0.877197265625,0.0212158203125,8.61572265625E-05,9.25537109375E-05,0.7683837890625
20.654296875,0.260009765625,73.05,0.562744140625,45.66,0.183349609375,0.095947265625,0.0493408203125,7.67822265625E-05,2.06787109375E-05,0.5715087890625
120.654296875,0.760009765625,73.05,0.062744140625,45.66,0.683349609375,0.595947265625,0.0993408203125,2.67822265625E-05,7.06787109375E-05,0.1215087890625
170.654296875,0.010009765625,73.05,0.812744140625,45.66,0.433349609375,0.845947265625,0.0243408203125,5.17822265625E-05,9.56787109375E-05,0.7965087890625
70.654296875,0.510009765625,73.05,0.312744140625,45.66,0.933349609375,0.345947265625,0.0743408203125,1.7822265625E-06,4.56787109375E-05,0.3465087890625
95.654296875,0.135009765625,73.05,0.687744140625,45.66,0.808349609375,0.220947265625,0.0868408203125,8.92822265625E-05,8.31787109375E-05,0.6840087890625
195.654296875,0.635009765625,73.05,0.187744140625,45.66,0.308349609375,0.720947265625,0.0368408203125,3.92822265625E-05,3.31787109375E-05,0.2340087890625
145.654296875,0.385009765625,73.05,0.937744140625,45.66,0.558349609375,0.970947265625,0.0618408203125,6.42822265625E-05,8.1787109375E-06,0.4590087890625
45.654296875,0.885009765625,73.05,0.437744140625,45.66,0.058349609375,0.470947265625,0.0118408203125,1.42822265625E-05,5.81787109375E-05,0.0090087890625
33.154296875,0.072509765625,73.05,0.125244140625,45.66,0.120849609375,0.033447265625,0.0555908203125,9.55322265625E-05,1.44287109375E-05,0.0652587890625
133.154296875,0.572509765625,73.05,0.625244140625,45.66,0.620849609375,0.533447265625,0.0055908203125,4.55322265625E-05,6.44287109375E-05,0.5152587890625
183.154296875,0.322509765625,73.05,0.375244140625,45.66,0.370849609375,0.783447265625,0.0805908203125,7.05322265625E-05,8.94287109375E-05,0.2902587890625
83.154296875,0.822509765625,73.05,0.875244140625,45.66,0.870849609375,0.283447265625,0.0305908203125,2.05322265625E-05,3.94287109375E-05,0.7402587890625
58.154296875,0.447509765625,73.05,0.000244140625,45.66,0.995849609375,0.158447265625,0.0180908203125,8.30322265625E-05,7.69287109375E-05,0.4027587890625
158.154296875,0.947509765625,73.05,0.500244140625,45.66,0.495849609375,0.658447265625,0.0680908203125,3.30322265625E-05,2.69287109375E-05,0.8527587890625
108.154296875,0.197509765625,73.05,0.250244140625,45.66,0.745849609375,0.908447265625,0.0430908203125,5.80322265625E-05,1.9287109375E-06,0.1777587890625
8.154296875,0.697509765625,73.05,0.750244140625,45.66,0.245849609375,0.408447265625,0.0930908203125,8.0322265625E-06,5.19287109375E-05,0.6277587890625
11.279296875,0.494384765625,73.05,0.422119140625,45.66,0.823974609375,0.830322265625,0.0040283203125,5.95947265625E-05,3.16162109375E-05,0.8949462890625
111.279296875,0.994384765625,73.05,0.922119140625,45.66,0.323974609375,0.330322265625,0.0540283203125,9.5947265625E-06,8.16162109375E-05,0.4449462890625
161.279296875,0.244384765625,73.05,0.172119140625,45.66,0.573974609375,0.080322265625,0.0290283203125,8.45947265625E-05,5.66162109375E-05,0.6699462890625
61.279296875,0.744384765625,73.05,0.672119140625,45.66,0.073974609375,0.580322265625,0.0790283203125,3.45947265625E-05,6.6162109375E-06,0.2199462890625
86.279296875,0.119384765625,73.05,0.297119140625,45.66,0.198974609375,0.955322265625,0.0665283203125,7.20947265625E-05,6.91162109375E-05,0.5574462890625
186.279296875,0.619384765625,73.05,0.797119140625,45.66,0.698974609375,0.455322265625,0.0165283203125,2.20947265625E-05,1.91162109375E-05,0.1074462890625
136.279296875,0.369384765625,73.05,0.047119140625,45.66,0.448974609375,0.205322265625,0.0915283203125,9.70947265625E-05,4.41162109375E-05,0.7824462890625
36.279296875,0.869384765625,73.05,0.547119140625,45.66,0.948974609375,0.705322265625,0.0415283203125,4.70947265625E-05,9.41162109375E-05,0.3324462890625
48.779296875,0.181884765625,73.05,0.859619140625,45.66,0.886474609375,0.767822265625,0.0977783203125,6.58447265625E-05,2.53662109375E-05,0.2761962890625
148.779296875,0.681884765625,73.05,0.359619140625,45.66,0.386474609375,0.267822265625,0.0477783203125,1.58447265625E-05,7.53662109375E-05,0.7261962890625
198.779296875,0.431884765625,73.05,0.609619140625,45.66,0.636474609375,0.017822265625,0.0727783203125,9.08447265625E-05,5.03662109375E-05,0.0511962890625
98.779296875,0.931884765625,73.05,0.109619140625,45.66,0.136474609375,0.517822265625,0.0227783203125,4.08447265625E-05,3.66E-07,0.5011962890625
73.779296875,0.306884765625,73.05,0.984619140625,45.66,0.011474609375,0.892822265625,0.0352783203125,5.33447265625E-05,6.28662109375E-05,0.1636962890625
173.779296875,0.806884765625,73.05,0.484619140625,45.66,0.511474609375,0.392822265625,0.0852783203125,3.3447265625E-06,1.28662109375E-05,0.6136962890625
123.779296875,0.056884765625,73.05,0.734619140625,45.66,0.261474609375,0.142822265625,0.0102783203125,7.83447265625E-05,3.78662109375E-05,0.3886962890625
23.779296875,0.556884765625,73.05,0.234619140625,45.66,0.761474609375,0.642822265625,0.0602783203125,2.83447265625E-05,8.78662109375E-05,0.8386962890625
17.529296875,0.025634765625,73.05,0.015869140625,45.66,0.542724609375,0.361572265625,0.0821533203125,3.14697265625E-05,2.22412109375E-05,0.5293212890625
117.529296875,0.525634765625,73.05,0.515869140625,45.66,0.042724609375,0.861572265625,0.0321533203125,8.14697265625E-05,7.22412109375E-05,0.0793212890625
167.529296875,0.275634765625,73.05,0.265869140625,45.66,0.792724609375,0.611572265625,0.0571533203125,6.4697265625E-06,9.72412109375E-05,0.7543212890625
67.529296875,0.775634765625,73.05,0.765869140625,45.66,0.292724609375,0.111572265625,0.0071533203125,5.64697265625E-05,4.72412109375E-05,0.3043212890625
92.529296875,0.400634765625,73.05,0.140869140625,45.66,0.417724609375,0.486572265625,0.0446533203125,4.39697265625E-05,8.47412109375E-05,0.8668212890625
192.529296875,0.900634765625,73.05,0.640869140625,45.66,0.917724609375,0.986572265625,0.0946533203125,9.39697265625E-05,3.47412109375E-05,0.4168212890625
142.529296875,0.150634765625,73.05,0.390869140625,45.66,0.167724609375,0.736572265625,0.0196533203125,1.89697265625E-05,9.7412109375E-06,0.6418212890625
42.529296875,0.650634765625,73.05,0.890869140625,45.66,0.667724609375,0.236572265625,0.0696533203125,6.89697265625E-05,5.97412109375E-05,0.1918212890625
30.029296875,0.338134765625,73.05,0.703369140625,45.66,0.730224609375,0.299072265625,0.0134033203125,3.77197265625E-05,1.59912109375E-05,0.1355712890625
130.029296875,0.838134765625,73.05,0.203369140625,45.66,0.230224609375,0.799072265625,0.0634033203125,8.77197265625E-05,6.59912109375E-05,0.5855712890625
180.029296875,0.088134765625,73.05,0.953369140625,45.66,0.980224609375,0.549072265625,0.0384033203125,1.27197265625E-05,9.09912109375E-05,0.3605712890625
80.029296875,0.588134765625,73.05,0.453369140625,45.66,0.480224609375,0.049072265625,0.0884033203125,6.27197265625E-05,4.09912109375E-05,0.8105712890625
55.029296875,0.213134765625,73.05,0.578369140625,45.66,0.355224609375,0.424072265625,0.0509033203125,2.52197265625E-05,7.84912109375E-05,0.2480712890625
155.029296875,0.713134765625,73.05,0.078369140625,45.66,0.855224609375,0.924072265625,0.0009033203125,7.52197265625E-05,2.84912109375E-05,0.6980712890625
105.029296875,0.463134765625,73.05,0.828369140625,45.66,0.105224609375,0.674072265625,0.0759033203125,2.20E-07,3.4912109375E-06,0.0230712890625
5.029296875,0.963134765625,73.05,0.328369140625,45.66,0.605224609375,0.174072265625,0.0259033203125,5.02197265625E-05,5.34912109375E-05,0.4730712890625
3.466796875,0.361572265625,73.05,0.211181640625,45.66,0.659912109375,0.963134765625,0.0079345703125,1.97509765625E-05,1.1474609375E-06,0.3535400390625
103.466796875,0.861572265625,73.05,0.711181640625,45.66,0.159912109375,0.463134765625,0.0579345703125,6.97509765625E-05,5.11474609375E-05,0.8035400390625
153.466796875,0.111572265625,73.05,0.461181640625,45.66,0.909912109375,0.213134765625,0.0329345703125,4.47509765625E-05,7.61474609375E-05,0.1285400390625
53.466796875,0.611572265625,73.05,0.961181640625,45.66,0.409912109375,0.713134765625,0.0829345703125,9.47509765625E-05,2.61474609375E-05,0.5785400390625
78.466796875,0.236572265625,73.05,0.086181640625,45.66,0.284912109375,0.838134765625,0.0704345703125,7.2509765625E-06,8.86474609375E-05,0.0160400390625
178.466796875,0.736572265625,73.05,0.586181640625,45.66,0.784912109375,0.338134765625,0.0204345703125,5.72509765625E-05,3.86474609375E-05,0.4660400390625
128.466796875,0.486572265625,73.05,0.336181640625,45.66,0.034912109375,0.088134765625,0.0954345703125,3.22509765625E-05,1.36474609375E-05,0.2410400390625
28.466796875,0.986572265625,73.05,0.836181640625,45.66,0.534912109375,0.588134765625,0.0454345703125,8.22509765625E-05,6.36474609375E-05,0.6910400390625
40.966796875,0.049072265625,73.05,0.523681640625,45.66,0.597412109375,0.900634765625,0.0891845703125,1.0009765625E-06,7.3974609375E-06,0.7472900390625
140.966796875,0.549072265625,73.05,0.023681640625,45.66,0.097412109375,0.400634765625,0.0391845703125,5.10009765625E-05,5.73974609375E-05,0.2972900390625
190.966796875,0.299072265625,73.05,0.773681640625,45.66,0.847412109375,0.150634765625,0.0641845703125,2.60009765625E-05,8.23974609375E-05,0.5222900390625
90.966796875,0.799072265625,73.05,0.273681640625,45.66,0.347412109375,0.650634765625,0.0141845703125,7.60009765625E-05,3.23974609375E-05,0.0722900390625
65.966796875,0.424072265625,73.05,0.648681640625,45.66,0.472412109375,0.775634765625,0.0266845703125,1.35009765625E-05,9.48974609375E-05,0.6347900390625
165.966796875,0.924072265625,73.05,0.148681640625,45.66,0.972412109375,0.275634765625,0.0766845703125,6.35009765625E-05,4.48974609375E-05,0.1847900390625
115.966796875,0.174072265625,73.05,0.898681640625,45.66,0.222412109375,0.025634765625,0.0016845703125,3.85009765625E-05,1.98974609375E-05,0.8597900390625
15.966796875,0.674072265625,73.05,0.398681640625,45.66,0.722412109375,0.525634765625,0.0516845703125,8.85009765625E-05,6.98974609375E-05,0.4097900390625
