"R0","amplitude","gamma","mu","sigma","rho","psi","S_0","E_0","I_0","R_0","LogLik"
42.8989563366885,0.45607493753095,73.05,0.252854356129306,45.66,0.882195893346679,0.913830102919209,0.130777684173526,0.000210094113564,0.868939811268504,7.24104444060552E-05,-4246.698554
38.4252571559528,0.3244188489487,73.05,0.058810141079686,45.66,0.550748818972043,0.844147750459381,0.716994640874387,0.001924897409624,0.281027116682298,5.33450336908809E-05,-4845.509867
71.990557553318,0.523389804925891,73.05,0.372841351234099,45.66,0.999999848831939,0.99048396644992,0.085250847735422,0.000487785700372,0.914188805488758,7.25610754480625E-05,-5171.688269
50.1327369832608,0.480735210061619,73.05,0.367519696165956,45.66,0.965252373669903,0.929477709170486,0.025557210224002,0.000314709336253,0.97402746343999,0.000100616999754,-4268.126814
50.6882902613128,0.495301967661696,73.05,0.372360763733905,45.66,0.994584342100607,0.923985794311716,0.025557210224002,0.000314709336253,0.97402746343999,0.000100616999754,-4252.626129
41.4915991871344,0.383629066217213,73.05,0.265271922517511,45.66,0.697252923684347,1.06886039186801,0.048152927551546,0.000633520359687,0.951087571835138,0.00012598025363,-4368.359237
72.3929744019392,0.507996988186841,73.05,0.402319968229099,45.66,0.999999790495777,0.989322460609843,0.085250847735422,0.000487785700372,0.914188805488758,7.25610754480625E-05,-5123.489409
43.0062390733151,0.407229984145817,73.05,0.282423330207998,45.66,0.74646549122315,0.982082133116719,0.048152927551546,0.000633520359687,0.951087571835138,0.00012598025363,-4289.73333
37.0755646290822,0.337570282582925,73.05,1.13E-07,45.66,0.509817280018053,1.38088968351033,0.455640108089135,0.000380748020406,0.54387584199232,0.00010330189814,-4674.451333
25.2570792611822,0.253818621725378,73.05,4.78E-30,45.66,0.468907605645657,0.920964020461911,0.074181462865365,0.001417185543403,0.924240471006226,0.000160880585006,-4303.698345
43.8699814331967,0.510310112583813,73.05,0.280889797081764,45.66,0.980586329521235,1.06683630842401,0.025557210224002,0.000314709336253,0.97402746343999,0.000100616999754,-4354.854334
50.463057672547,0.489408364638166,73.05,0.370415237840468,45.66,0.970495773598777,0.940321312041185,0.035514475967426,0.000881967380353,0.963532784701307,7.07719509137434E-05,-4257.89584
28.952184821077,0.286302846712474,73.05,0.05395928558879,45.66,0.512817001578293,0.91450880641293,0.100113955112025,0.001526948138894,0.898321437556823,3.765919225765E-05,-4265.230517
25.2490273409261,0.248817392143297,73.05,1.99E-35,45.66,0.43608196749173,0.916442120037081,0.074181462865365,0.001417185543403,0.924240471006226,0.000160880585006,-4327.358505
25.9498883734633,0.30090716926705,73.05,0.033495691376243,45.66,0.514169775524264,0.962741556679886,0.100113955112025,0.001526948138894,0.898321437556823,3.765919225765E-05,-4274.543406
43.1537467091834,0.434618458160657,73.05,0.270143108883646,45.66,0.815060376795188,0.916402924212274,0.062472137426708,6.51226262598449E-05,0.937322956532081,0.000139783414952,-4239.662141
37.7691062124008,0.311740492373944,73.05,0.04478300999475,45.66,0.531637762115284,1.35855200321923,0.455640108089135,0.000380748020406,0.54387584199232,0.00010330189814,-4662.223915
38.3776694393897,0.318026515977551,73.05,0.051926853313744,45.66,0.553467500029724,0.843966722776824,0.716994640874387,0.001924897409624,0.281027116682298,5.33450336908809E-05,-4823.166439
52.0339995401266,0.55008794509699,73.05,0.365579221877887,45.66,1,1.10655613130327,0.085250847735422,0.000487785700372,0.914188805488758,7.25610754480625E-05,-4275.200406
25.4367196069176,0.275426852616917,73.05,0.000335334055749,45.66,0.442958928565911,0.961197338521541,0.751412439845276,0.001661311374447,0.246679567720918,0.000246681059359,-4269.921189
36.7597847857786,0.30865395284549,73.05,3.25318876285179E-06,45.66,0.493524098377336,1.36333095626645,0.455640108089135,0.000380748020406,0.54387584199232,0.00010330189814,-4663.225922
25.2470731950697,0.25130556606473,73.05,4.72E-36,45.66,0.436699001435749,0.916631297056677,0.074181462865365,0.001417185543403,0.924240471006226,0.000160880585006,-4317.051487
37.2870024492506,0.340967470686958,73.05,6.47770679788287E-06,45.66,0.512559119546953,1.38298445841341,0.716994640874387,0.001924897409624,0.281027116682298,5.33450336908809E-05,-4676.227442
36.8581521656103,0.318006476270661,73.05,7.66E-18,45.66,0.498475999758773,1.36875879991172,0.455640108089135,0.000380748020406,0.54387584199232,0.00010330189814,-4666.63929
48.4907527007721,0.461044818000938,73.05,0.33704478413813,45.66,0.806761836108939,1.08923805364613,0.035514475967426,0.000881967380353,0.963532784701307,7.07719509137434E-05,-4295.426327
25.2524150404715,0.241499709447334,73.05,1.01E-35,45.66,0.435916182137187,0.918467757231216,0.074181462865365,0.001417185543403,0.924240471006226,0.000160880585006,-4363.277361
28.8862720264468,0.280661549566193,73.05,0.052728744972679,45.66,0.512633391921335,0.915042728150782,0.100113955112025,0.001526948138894,0.898321437556823,3.765919225765E-05,-4278.96215
42.9262600418762,0.405376482835423,73.05,0.28213341477971,45.66,0.740006478352947,0.993285305917138,0.062472137426708,6.51226262598449E-05,0.937322956532081,0.000139783414952,-4294.101634
25.2611824037918,0.266765922335902,73.05,0.000175047929372,45.66,0.438875990546802,0.93837645180829,0.074181462865365,0.001417185543403,0.924240471006226,0.000160880585006,-4276.450478
28.8627972909151,0.277882722342766,73.05,0.052946365923935,45.66,0.51272149356205,0.914860735294359,0.100113955112025,0.001526948138894,0.898321437556823,3.765919225765E-05,-4289.035439
37.0372870808484,0.334228002557352,73.05,5.74E-07,45.66,0.507802793723434,1.37867109063036,0.455640108089135,0.000380748020406,0.54387584199232,0.00010330189814,-4673.048718
25.4355005799284,0.278181121143086,73.05,0.000299332777906,45.66,0.446119900231887,0.919342847166124,0.751412439845276,0.001661311374447,0.246679567720918,0.000246681059359,-4270.542056
25.4422454877651,0.269999855520946,73.05,0.000700146559197,45.66,0.441398901769374,0.970371863088371,0.751412439845276,0.001661311374447,0.246679567720918,0.000246681059359,-4272.97037
52.1251095190545,0.555588824547959,73.05,0.363390120930711,45.66,1,1.14252179247617,0.085250847735422,0.000487785700372,0.914188805488758,7.25610754480625E-05,-4285.706279
25.2876976414862,0.23674121110414,73.05,2.03E-36,45.66,0.438823890035676,0.91679237285179,0.074181462865365,0.001417185543403,0.924240471006226,0.000160880585006,-4390.731175
37.9678973987269,0.308673403187565,73.05,0.049122782007531,45.66,0.536019362544772,1.35114380961669,0.716994640874387,0.001924897409624,0.281027116682298,5.33450336908809E-05,-4661.20351
72.0099283360358,0.493056871911064,73.05,0.409668620758634,45.66,0.99999995851124,0.990334924156356,0.085250847735422,0.000487785700372,0.914188805488758,7.25610754480625E-05,-5074.791285
38.0997334452529,0.344377145393827,73.05,0.036527803643855,45.66,0.544678870217707,1.3792698159492,0.716994640874387,0.001924897409624,0.281027116682298,5.33450336908809E-05,-4675.924642
43.8584812779778,0.504237927495067,73.05,0.287597038041421,45.66,0.999999954437772,1.04856662191449,0.035514475967426,0.000881967380353,0.963532784701307,7.07719509137434E-05,-4341.223402
43.8168360417099,0.344355445262842,73.05,0.105744596709807,45.66,0.579293805290106,0.910458722522349,0.455640108089135,0.000380748020406,0.54387584199232,0.00010330189814,-4849.616084
25.4393670673195,0.262059199710518,73.05,0.000507823138522,45.66,0.461590963726015,0.895456869216435,0.751412439845276,0.001661311374447,0.246679567720918,0.000246681059359,-4288.142973
38.3451696682812,0.321206781137327,73.05,0.055304613276239,45.66,0.554089206274977,0.846083049285959,0.716994640874387,0.001924897409624,0.281027116682298,5.33450336908809E-05,-4829.268099
42.7321577766444,0.447787832061383,73.05,0.221639631776151,45.66,0.691591270502791,0.993699434160777,0.062472137426708,6.51226262598449E-05,0.937322956532081,0.000139783414952,-4264.320194
49.2383270179501,0.466596858647734,73.05,0.353234551652468,45.66,0.939943194245372,0.918805947925096,0.025557210224002,0.000314709336253,0.97402746343999,0.000100616999754,-4288.285047
36.9592291527602,0.305617230878777,73.05,6.17597785164516E-05,45.66,0.493096616277234,1.36016229402649,0.716994640874387,0.001924897409624,0.281027116682298,5.33450336908809E-05,-4662.476479
25.5606763131477,0.267326589624699,73.05,0.007188461693935,45.66,0.456289575458231,0.956564821722864,0.751412439845276,0.001661311374447,0.246679567720918,0.000246681059359,-4275.845119
25.2432858407596,0.243914706541807,73.05,6.99E-36,45.66,0.436484625344399,0.917675834405344,0.074181462865365,0.001417185543403,0.924240471006226,0.000160880585006,-4349.472137
25.2497763081261,0.256356807942631,73.05,1.18E-36,45.66,0.439282535630222,0.916380021656338,0.074181462865365,0.001417185543403,0.924240471006226,0.000160880585006,-4298.771743
37.1141964609242,0.340945985408754,73.05,7.34E-11,45.66,0.511958276126986,1.38299534909543,0.455640108089135,0.000380748020406,0.54387584199232,0.00010330189814,-4675.898102
42.716171796091,0.469894464213075,73.05,0.240976912877687,45.66,0.928281133650242,0.933518426479554,0.130777684173526,0.000210094113564,0.868939811268504,7.24104444060552E-05,-4271.307091
25.3731678327881,0.261509579782278,73.05,0.006805603914336,45.66,0.448871073118412,0.979707199542325,0.074181462865365,0.001417185543403,0.924240471006226,0.000160880585006,-4282.114027
25.4587811153047,0.295294865610164,73.05,4.34177367924132E-05,45.66,0.456471156735468,0.956593770607414,0.751412439845276,0.001661311374447,0.246679567720918,0.000246681059359,-4287.608561
25.2635635427494,0.269433581559261,73.05,1.96E-206,45.66,0.443572161397375,0.965936921167144,0.074181462865365,0.001417185543403,0.924240471006226,0.000160880585006,-4273.366623
72.1193354647247,0.48334170366735,73.05,0.410674163849554,45.66,0.999999945568974,0.9902950710551,0.085250847735422,0.000487785700372,0.914188805488758,7.25610754480625E-05,-5044.582952
25.448618903942,0.289476390167791,73.05,0.000111679663415,45.66,0.456402890064577,0.946973068605964,0.751412439845276,0.001661311374447,0.246679567720918,0.000246681059359,-4278.78618
42.6227254405205,0.393454420441621,73.05,0.284132158609252,45.66,0.728160981040194,1.03231690716414,0.062472137426708,6.51226262598449E-05,0.937322956532081,0.000139783414952,-4333.330414
25.288052059964,0.232076473977199,73.05,1.88E-36,45.66,0.438106137919327,0.917771565421872,0.074181462865365,0.001417185543403,0.924240471006226,0.000160880585006,-4415.754299
50.5113527889381,0.490397987783858,73.05,0.37088209514749,45.66,0.969525261176751,0.942093030448958,0.025557210224002,0.000314709336253,0.97402746343999,0.000100616999754,-4257.115626
42.8412570656572,0.46063568690626,73.05,0.248812972299256,45.66,0.896914392705688,0.918906154105067,0.130777684173526,0.000210094113564,0.868939811268504,7.24104444060552E-05,-4253.318894
42.8498383092302,0.401362854292498,73.05,0.283409554142449,45.66,0.741505445339918,0.99415107396969,0.062472137426708,6.51226262598449E-05,0.937322956532081,0.000139783414952,-4306.674441
37.5352918777444,0.351299126016243,73.05,0.292158461762739,45.66,0.574751091226336,1.29681441116109,0.716994640874387,0.001924897409624,0.281027116682298,5.33450336908809E-05,-4593.319658
43.1960704584886,0.432282834099711,73.05,0.271731426230165,45.66,0.787921932196387,0.950606269672934,0.048152927551546,0.000633520359687,0.951087571835138,0.00012598025363,-4241.952579
28.8154948212976,0.272407334911054,73.05,0.053108785489,45.66,0.512673261334283,0.915015763290866,0.100113955112025,0.001526948138894,0.898321437556823,3.765919225765E-05,-4306.570935
43.1499739806754,0.430315305109562,73.05,0.272073016208901,45.66,0.801658881781266,0.922226266600206,0.062472137426708,6.51226262598449E-05,0.937322956532081,0.000139783414952,-4243.17248
43.1591547297256,0.451960413685852,73.05,0.260703551829567,45.66,0.868173364901631,0.909325778203085,0.035514475967426,0.000881967380353,0.963532784701307,7.07719509137434E-05,-4240.607987
37.3566807532449,0.347820916847766,73.05,2.36E-20,45.66,0.516956094517855,1.38755349509145,0.716994640874387,0.001924897409624,0.281027116682298,5.33450336908809E-05,-4679.246666
39.9528121477811,0.524712009345456,73.05,0.339300461259853,45.66,0.799402947915183,1.17958924467146,0.035514475967426,0.000881967380353,0.963532784701307,7.07719509137434E-05,-4587.100451
30.8237150605262,0.368659992207039,73.05,0.113437601089675,45.66,0.651048904112334,0.93197002046243,0.048152927551546,0.000633520359687,0.951087571835138,0.00012598025363,-4289.049957
42.8292186644048,0.408790783474442,73.05,0.278094941393207,45.66,0.746443514005944,0.971797863578403,0.130777684173526,0.000210094113564,0.868939811268504,7.24104444060552E-05,-4282.05906
26.1283921508217,0.316256459046811,73.05,0.040651773443602,45.66,0.550751220815437,0.932217672257178,0.100113955112025,0.001526948138894,0.898321437556823,3.765919225765E-05,-4285.460821
42.5985796592899,0.456788367485817,73.05,0.208141714242279,45.66,0.675725417623712,0.994087400303961,0.062472137426708,6.51226262598449E-05,0.937322956532081,0.000139783414952,-4267.287068
25.9178690734892,0.297927890363416,73.05,0.032195073718665,45.66,0.51590601664945,0.954120136579905,0.100113955112025,0.001526948138894,0.898321437556823,3.765919225765E-05,-4272.91733
48.7456685704629,0.461977087770034,73.05,0.344559279464386,45.66,0.968747764355904,0.92373865831685,0.025557210224002,0.000314709336253,0.97402746343999,0.000100616999754,-4295.847214
39.141170500207,0.531030749498267,73.05,0.296782941985488,45.66,0.999971866104064,1.16518445994156,0.025557210224002,0.000314709336253,0.97402746343999,0.000100616999754,-4391.938347
25.4649354718944,0.298247814266266,73.05,3.67E-09,45.66,0.455569166364444,0.963800396825629,0.751412439845276,0.001661311374447,0.246679567720918,0.000246681059359,-4292.882034
25.8577751818775,0.292057533931395,73.05,0.029769230621966,45.66,0.517821488896181,0.93935539631569,0.100113955112025,0.001526948138894,0.898321437556823,3.765919225765E-05,-4270.807465
47.9939891171113,0.456480017822711,73.05,0.328996960397499,45.66,0.751395981109255,1.17391040607451,0.035514475967426,0.000881967380353,0.963532784701307,7.07719509137434E-05,-4302.054599
37.7037208805717,0.302572250608263,73.05,0.046891780866588,45.66,0.528620270857265,1.3533666704298,0.455640108089135,0.000380748020406,0.54387584199232,0.00010330189814,-4658.97518
38.1515040519553,0.314877738591635,73.05,0.054091632984615,45.66,0.551963826273744,0.84241092058284,0.716994640874387,0.001924897409624,0.281027116682298,5.33450336908809E-05,-4823.675288
43.1654411096876,0.423765154494374,73.05,0.27534240752567,45.66,0.780994730196352,0.936600061929545,0.048152927551546,0.000633520359687,0.951087571835138,0.00012598025363,-4252.083298
38.0742810346369,0.299576485750756,73.05,2.30E-07,45.66,0.495936941215129,1.34898574214591,0.455640108089135,0.000380748020406,0.54387584199232,0.00010330189814,-4660.385771
42.7556708356223,0.404743349974695,73.05,0.279425492630564,45.66,0.739838461811596,0.985731937633028,0.130777684173526,0.000210094113564,0.868939811268504,7.24104444060552E-05,-4293.722339
37.4670417206188,0.35836023844917,73.05,5.74E-10,45.66,0.524214811151597,1.39461057896031,0.716994640874387,0.001924897409624,0.281027116682298,5.33450336908809E-05,-4684.15
50.0627581236372,0.479765086401496,73.05,0.36628577020869,45.66,0.939263070695778,0.959730612151493,0.035514475967426,0.000881967380353,0.963532784701307,7.07719509137434E-05,-4268.843757
26.0185719951849,0.306955403369318,73.05,0.036257375914179,45.66,0.528092368250564,0.954939549288283,0.100113955112025,0.001526948138894,0.898321437556823,3.765919225765E-05,-4278.09726
42.9833678234694,0.409430247663777,73.05,0.280471321526909,45.66,0.749280933943207,0.973138546952487,0.062472137426708,6.51226262598449E-05,0.937322956532081,0.000139783414952,-4282.390697
43.0721413410797,0.417659795641819,73.05,0.276907103662413,45.66,0.765843309498239,0.948474206235912,0.062472137426708,6.51226262598449E-05,0.937322956532081,0.000139783414952,-4262.486262
42.427021922155,0.389558832120417,73.05,0.282591031588343,45.66,0.722683757570483,1.04714660744783,0.062472137426708,6.51226262598449E-05,0.937322956532081,0.000139783414952,-4346.882459
43.2541487619149,0.448390409957899,73.05,0.26482300012252,45.66,0.881123831703755,0.873555111105589,0.025557210224002,0.000314709336253,0.97402746343999,0.000100616999754,-4238.575626
43.0532223973621,0.41956945989542,73.05,0.274511066429235,45.66,0.799393150228828,0.858714116196465,0.048152927551546,0.000633520359687,0.951087571835138,0.00012598025363,-4261.782511
38.0525260769699,0.29076598562047,73.05,9.77E-07,45.66,0.491517160199614,1.34390100846493,0.455640108089135,0.000380748020406,0.54387584199232,0.00010330189814,-4657.276815
29.1167258346187,0.264395875487895,73.05,0.072947134261523,45.66,0.510769666458313,0.883659733064115,0.100113955112025,0.001526948138894,0.898321437556823,3.765919225765E-05,-4315.787901
25.2698905593688,0.274849196548602,73.05,7.40E-45,45.66,0.4461947977927,0.95758652637372,0.074181462865365,0.001417185543403,0.924240471006226,0.000160880585006,-4271.916426
25.4344519229215,0.280962932354517,73.05,2.96176033840711E-06,45.66,0.445338929255181,0.954434421417445,0.751412439845276,0.001661311374447,0.246679567720918,0.000246681059359,-4270.724776
37.3194154210436,0.358337657205849,73.05,5.58770213979786E-06,45.66,0.523737387968346,1.39441582495921,0.455640108089135,0.000380748020406,0.54387584199232,0.00010330189814,-4683.870293
43.217754478204,0.452874314057478,73.05,0.261229896384578,45.66,0.86729514820868,0.91496668965913,0.025557210224002,0.000314709336253,0.97402746343999,0.000100616999754,-4240.878616
25.273932995396,0.277597688514088,73.05,2.67E-49,45.66,0.447594745402383,0.955284253760237,0.074181462865365,0.001417185543403,0.924240471006226,0.000160880585006,-4272.568961
42.9942222704331,0.447088459495099,73.05,0.26038302740266,45.66,0.854087207087741,0.90908337727004,0.130777684173526,0.000210094113564,0.868939811268504,7.24104444060552E-05,-4238.639678
42.8908145222652,0.412878691309186,73.05,0.276578915254562,45.66,0.754189380089111,0.959090968616792,0.130777684173526,0.000210094113564,0.868939811268504,7.24104444060552E-05,-4271.494232
39.1107040759368,0.547121512238814,73.05,0.287067612695111,45.66,0.999999999986013,1.22408895369889,0.025557210224002,0.000314709336253,0.97402746343999,0.000100616999754,-4398.476559
42.6459671912077,0.473817962618714,73.05,0.087363425361849,45.66,1,0.969667682648484,0.085250847735422,0.000487785700372,0.914188805488758,7.25610754480625E-05,-4793.384022
25.278579332413,0.280373665399229,73.05,2.65E-41,45.66,0.449053089439255,0.954136950697905,0.074181462865365,0.001417185543403,0.924240471006226,0.000160880585006,-4274.081666
25.2838460652034,0.283177402053221,73.05,1.49E-48,45.66,0.450608093289352,0.954091635565551,0.074181462865365,0.001417185543403,0.924240471006226,0.000160880585006,-4276.402562
52.2127205817985,0.561144712793439,73.05,0.361021844148994,45.66,1,1.18313230257656,0.085250847735422,0.000487785700372,0.914188805488758,7.25610754480625E-05,-4297.792894
43.0274827423829,0.442661841084256,73.05,0.263643787936691,45.66,0.840392171604769,0.909559069104723,0.130777684173526,0.000210094113564,0.868939811268504,7.24104444060552E-05,-4237.241753
47.6112447599562,0.49880244241804,73.05,0.26558954338366,45.66,0.842236068908665,0.920456585764986,0.130777684173526,0.000210094113564,0.868939811268504,7.24104444060552E-05,-4315.230175
47.1426859240659,0.488974063736928,73.05,0.26574827438498,45.66,0.843406177669481,0.920909337072948,0.130777684173526,0.000210094113564,0.868939811268504,7.24104444060552E-05,-4309.761591
25.2931278792236,0.234397238716971,73.05,1.80E-36,45.66,0.43916536664211,0.916423972848465,0.074181462865365,0.001417185543403,0.924240471006226,0.000160880585006,-4402.763449
30.9054739472865,0.372346592129109,73.05,0.115907787112291,45.66,0.65788079611339,0.936188659422292,0.048152927551546,0.000633520359687,0.951087571835138,0.00012598025363,-4293.998907
39.1347677777564,0.53634105699325,73.05,0.294354379340157,45.66,0.999999977308948,1.18098013528125,0.025557210224002,0.000314709336253,0.97402746343999,0.000100616999754,-4393.290689
42.7452988375169,0.395253410552661,73.05,0.285389833436924,45.66,0.731356955562217,1.02705843868597,0.048152927551546,0.000633520359687,0.951087571835138,0.00012598025363,-4328.459776
28.8023052304768,0.269710232585202,73.05,0.052946488484276,45.66,0.512719637529219,0.915015599172778,0.100113955112025,0.001526948138894,0.898321437556823,3.765919225765E-05,-4312.855885
42.5595211930095,0.396768307003916,73.05,0.280943384581166,45.66,0.729033968256208,1.01561506000072,0.130777684173526,0.000210094113564,0.868939811268504,7.24104444060552E-05,-4319.366377
43.137027171936,0.443354289169686,73.05,0.264915463926393,45.66,0.795421779849452,0.994829739442053,0.062472137426708,6.51226262598449E-05,0.937322956532081,0.000139783414952,-4238.804791
25.4729920156744,0.301230292408928,73.05,2.78E-31,45.66,0.457507766985668,0.968341994454385,0.751412439845276,0.001661311374447,0.246679567720918,0.000246681059359,-4298.667268
52.3882462502462,0.572423721520587,73.05,0.356211685689504,45.66,1,1.28078449539969,0.085250847735422,0.000487785700372,0.914188805488758,7.25610754480625E-05,-4326.698311
52.5003905171787,0.578147958735793,73.05,0.354842511243035,45.66,1,1.33883619305135,0.085250847735422,0.000487785700372,0.914188805488758,7.25610754480625E-05,-4343.480927
25.9816979732136,0.30391624095972,73.05,0.034725301785186,45.66,0.530210276729521,0.941691453282397,0.100113955112025,0.001526948138894,0.898321437556823,3.765919225765E-05,-4275.959562
26.2090072900486,0.322613213873652,73.05,0.043898413895663,45.66,0.558160301725781,0.935955636948115,0.100113955112025,0.001526948138894,0.898321437556823,3.765919225765E-05,-4291.515532
25.4419458574515,0.259464554168829,73.05,0.00061676938192,45.66,0.461552049073114,0.890370944589878,0.751412439845276,0.001661311374447,0.246679567720918,0.000246681059359,-4295.623532
38.0754734012564,0.296610381931441,73.05,1.22E-07,45.66,0.494461002303911,1.34721083123458,0.455640108089135,0.000380748020406,0.54387584199232,0.00010330189814,-4659.317182
71.021421343009,0.478556142244901,73.05,0.407626335543838,45.66,0.99999994100706,0.989724896252635,0.085250847735422,0.000487785700372,0.914188805488758,7.25610754480625E-05,-5026.155969
40.0382943387302,0.5352587207333,73.05,0.340273035526109,45.66,0.797926240679892,1.18159269051746,0.035514475967426,0.000881967380353,0.963532784701307,7.07719509137434E-05,-4608.252013
25.2598668401717,0.264124675580101,73.05,3.27E-55,45.66,0.447677173728226,0.963998289659181,0.074181462865365,0.001417185543403,0.924240471006226,0.000160880585006,-4278.768446
43.2457340309302,0.438668324776791,73.05,0.269791309947395,45.66,0.827191892103309,0.913189098872808,0.035514475967426,0.000881967380353,0.963532784701307,7.07719509137434E-05,-4238.10552
44.5093201942979,0.519516840936095,73.05,0.309916414277153,45.66,0.999999957984343,1.14992803986015,0.035514475967426,0.000881967380353,0.963532784701307,7.07719509137434E-05,-4371.005818
36.9124584858922,0.296629073327869,73.05,4.37E-20,45.66,0.488270815901712,1.35635538204411,0.716994640874387,0.001924897409624,0.281027116682298,5.33450336908809E-05,-4659.426075
39.7482431895163,0.330918814413219,73.05,0.095342088063174,45.66,0.577965259799348,0.909843844123483,0.455640108089135,0.000380748020406,0.54387584199232,0.00010330189814,-4813.714541
43.3040970554225,0.439555347473678,73.05,0.270448112907471,45.66,0.837058051380724,0.900564616567453,0.025557210224002,0.000314709336253,0.97402746343999,0.000100616999754,-4238.048721
42.9507170211468,0.45155934409005,73.05,0.256753892871609,45.66,0.867984670759533,0.910508572225113,0.130777684173526,0.000210094113564,0.868939811268504,7.24104444060552E-05,-4241.790764
42.6570428646914,0.452265710381997,73.05,0.214549458519608,45.66,0.682943339268382,0.992291100642585,0.062472137426708,6.51226262598449E-05,0.937322956532081,0.000139783414952,-4265.872786
70.9660743968344,0.469126695662093,73.05,0.412985137594162,45.66,0.999999671032244,0.98917694054344,0.085250847735422,0.000487785700372,0.914188805488758,7.25610754480625E-05,-5002.425045
44.0573567289511,0.361921033777907,73.05,0.106273274213775,45.66,0.578764451927065,0.909690182791825,0.455640108089135,0.000380748020406,0.54387584199232,0.00010330189814,-4890.920513
42.9046716377176,0.465969813672282,73.05,0.246696114361537,45.66,0.868080105938044,0.99948432188286,0.062472137426708,6.51226262598449E-05,0.937322956532081,0.000139783414952,-4261.800397
37.5814447900056,0.287887114475713,73.05,0.049522669615274,45.66,0.523792917101513,1.34566743847555,0.455640108089135,0.000380748020406,0.54387584199232,0.00010330189814,-4654.270824
50.804377549774,0.499245472767393,73.05,0.372832984751042,45.66,0.999988050089867,0.926831438770991,0.035514475967426,0.000881967380353,0.963532784701307,7.07719509137434E-05,-4249.431054
25.4461391696236,0.251833740012704,73.05,0.000621648074376,45.66,0.46128892602926,0.895175240549798,0.751412439845276,0.001661311374447,0.246679567720918,0.000246681059359,-4324.01979
26.2944089347683,0.329097739472513,73.05,0.04735585273038,45.66,0.526961112125139,1.01887997887633,0.100113955112025,0.001526948138894,0.898321437556823,3.765919225765E-05,-4299.688741
43.0571915071674,0.464481876893161,73.05,0.250225743718768,45.66,1,0.997801049591247,0.085250847735422,0.000487785700372,0.914188805488758,7.25610754480625E-05,-4274.254338
25.5270026466671,0.316596064716345,73.05,3.77E-11,45.66,0.467810724981247,0.998199105642784,0.751412439845276,0.001661311374447,0.246679567720918,0.000246681059359,-4332.040171
70.8708035740139,0.488175120704024,73.05,0.407570542228212,45.66,0.999999931133066,0.990301484785093,0.085250847735422,0.000487785700372,0.914188805488758,7.25610754480625E-05,-5058.541676
42.7797150766615,0.465242043775322,73.05,0.24477056569777,45.66,0.912212411883996,0.92556426583249,0.130777684173526,0.000210094113564,0.868939811268504,7.24104444060552E-05,-4261.563713
36.9379038437791,0.30259131770176,73.05,4.02E-13,45.66,0.491040695692262,1.35988850785385,0.716994640874387,0.001924897409624,0.281027116682298,5.33450336908809E-05,-4661.434067
25.2782379905909,0.229778687106137,73.05,1.89E-36,45.66,0.438280709998329,0.917558483094802,0.074181462865365,0.001417185543403,0.924240471006226,0.000160880585006,-4430.442448
25.4444907274028,0.254352077412831,73.05,0.0006119843149,45.66,0.46133454649093,0.895032041710343,0.751412439845276,0.001661311374447,0.246679567720918,0.000246681059359,-4313.295376
44.4299156850089,0.365540244115686,73.05,0.095530281037808,45.66,0.576864791521057,0.904615984110356,0.455640108089135,0.000380748020406,0.54387584199232,0.00010330189814,-4896.954188
38.9252081706732,0.354812117276406,73.05,0.06024346931172,45.66,0.551928702386037,0.840179621832319,0.716994640874387,0.001924897409624,0.281027116682298,5.33450336908809E-05,-4913.551976
28.9174478569753,0.283468165061855,73.05,0.053221159922448,45.66,0.512781760612808,0.914972215448906,0.100113955112025,0.001526948138894,0.898321437556823,3.765919225765E-05,-4272.071396
43.2859474496533,0.443950900948415,73.05,0.267726534535524,45.66,0.843239296456505,0.909873497892163,0.025557210224002,0.000314709336253,0.97402746343999,0.000100616999754,-4237.294558
30.9876743278609,0.3760700580504,73.05,0.118446519468181,45.66,0.66481349599886,0.940587760827845,0.048152927551546,0.000633520359687,0.951087571835138,0.00012598025363,-4299.037211
69.6166294503812,0.502967315036476,73.05,0.338198727791048,45.66,0.999999877196183,0.990949918049693,0.085250847735422,0.000487785700372,0.914188805488758,7.25610754480625E-05,-5089.37315
30.5824104762745,0.357817756371234,73.05,0.106494926430781,45.66,0.631262191746796,0.920743555263304,0.048152927551546,0.000633520359687,0.951087571835138,0.00012598025363,-4274.905913
29.4163515870111,0.289165875179599,73.05,0.077639718824483,45.66,0.513202641848214,0.906154462516302,0.100113955112025,0.001526948138894,0.898321437556823,3.765919225765E-05,-4247.187996
43.1972662739977,0.447485558104804,73.05,0.264080426594262,45.66,0.854371600802112,0.908774610109444,0.035514475967426,0.000881967380353,0.963532784701307,7.07719509137434E-05,-4238.092315
25.2804473999877,0.227503650600136,73.05,1.73E-36,45.66,0.438492328341133,0.917334992020027,0.074181462865365,0.001417185543403,0.924240471006226,0.000160880585006,-4444.299894
42.8990104881758,0.484132736373196,73.05,0.260493282304379,45.66,0.934953209949528,1.01676857165636,0.130777684173526,0.000210094113564,0.868939811268504,7.24104444060552E-05,-4305.864929
44.2860266844171,0.514373109837718,73.05,0.302131087758636,45.66,0.999999991362432,1.11447047636226,0.035514475967426,0.000881967380353,0.963532784701307,7.07719509137434E-05,-4361.160678
41.3092198402469,0.378101964494276,73.05,0.264474164816992,45.66,0.694034857171114,1.08759510366448,0.062472137426708,6.51226262598449E-05,0.937322956532081,0.000139783414952,-4385.285514
39.1229521782019,0.541704467563182,73.05,0.291161331775285,45.66,0.999999997924519,1.19991935205891,0.025557210224002,0.000314709336253,0.97402746343999,0.000100616999754,-4395.272971
49.2396660949541,0.465655266180947,73.05,0.354362724173952,45.66,0.891747598341554,0.996072446670134,0.035514475967426,0.000881967380353,0.963532784701307,7.07719509137434E-05,-4287.89408
43.0258662890598,0.425389328534546,73.05,0.27224531287167,45.66,0.786648556252159,0.928906687722147,0.130777684173526,0.000210094113564,0.868939811268504,7.24104444060552E-05,-4247.929294
39.1435619377652,0.525773019305215,73.05,0.298647417303704,45.66,1,1.15144014503708,0.025557210224002,0.000314709336253,0.97402746343999,0.000100616999754,-4390.99927
51.6200438562276,0.528623702975149,73.05,0.372001317930005,45.66,0.999999999972325,1.00175449899304,0.085250847735422,0.000487785700372,0.914188805488758,7.25610754480625E-05,-4248.770485
25.4445966090851,0.286610287294843,73.05,0.00013800895135,45.66,0.455603201229236,0.945049270473391,0.751412439845276,0.001661311374447,0.246679567720918,0.000246681059359,-4275.374418
25.4918288236858,0.307285021286348,73.05,1.46E-09,45.66,0.461506032481099,0.979154566424156,0.751412439845276,0.001661311374447,0.246679567720918,0.000246681059359,-4311.336403
43.0483153096911,0.429643221819892,73.05,0.270699969703579,45.66,0.799808108829183,0.921661278301021,0.130777684173526,0.000210094113564,0.868939811268504,7.24104444060552E-05,-4242.966672
36.8924162841897,0.321186541033367,73.05,5.22E-16,45.66,0.500188757621254,1.37072090198518,0.455640108089135,0.000380748020406,0.54387584199232,0.00010330189814,-4667.845735
30.5035645363493,0.354275006308152,73.05,0.104326988039816,45.66,0.624914651926715,0.917469486382995,0.048152927551546,0.000633520359687,0.951087571835138,0.00012598025363,-4270.481519
43.1452131160426,0.426054757534219,73.05,0.273722556211524,45.66,0.755055265126896,0.994324529180951,0.062472137426708,6.51226262598449E-05,0.937322956532081,0.000139783414952,-4249.003415
68.0520075751036,0.518207727649397,73.05,0.238667983556705,45.66,0.999996919687358,0.992242276992504,0.085250847735422,0.000487785700372,0.914188805488758,7.25610754480625E-05,-5129.051841
25.453191953186,0.292371154069469,73.05,7.38182274337998E-05,45.66,0.456328631815304,0.95147804237248,0.751412439845276,0.001661311374447,0.246679567720918,0.000246681059359,-4282.878083
42.7492705987544,0.397388964646037,73.05,0.284121896171725,45.66,0.744116406301794,0.99415936044873,0.062472137426708,6.51226262598449E-05,0.937322956532081,0.000139783414952,-4319.927631
43.1812434496848,0.440971719065115,73.05,0.267418628784431,45.66,0.834533931559958,0.911039659364835,0.048152927551546,0.000633520359687,0.951087571835138,0.00012598025363,-4237.367428
25.2948894059556,0.239108623215182,73.05,4.88E-42,45.66,0.454701986026442,0.937321119995052,0.074181462865365,0.001417185543403,0.924240471006226,0.000160880585006,-4373.806888
28.7822339158354,0.267039834242774,73.05,0.052756956222809,45.66,0.512778402142212,0.916007726203362,0.100113955112025,0.001526948138894,0.898321437556823,3.765919225765E-05,-4321.401439
25.4819524661864,0.304242595333018,73.05,3.15E-10,45.66,0.459461228354394,0.973524700401579,0.751412439845276,0.001661311374447,0.246679567720918,0.000246681059359,-4304.843635
40.4872141306327,0.293692151809772,73.05,0.053703934147668,45.66,0.539370344281853,1.33548693686502,0.716994640874387,0.001924897409624,0.281027116682298,5.33450336908809E-05,-4657.55071
25.2562486643061,0.258920376022058,73.05,7.72E-22,45.66,0.464122313427914,0.904491151952586,0.074181462865365,0.001417185543403,0.924240471006226,0.000160880585006,-4290.114358
49.7889531474288,0.475014937031184,73.05,0.361404863919822,45.66,0.880802361939905,0.997741516212622,0.035514475967426,0.000881967380353,0.963532784701307,7.07719509137434E-05,-4275.75481
43.1876988592627,0.428002806039318,73.05,0.273714340537451,45.66,0.788390532600785,0.937048787228128,0.048152927551546,0.000633520359687,0.951087571835138,0.00012598025363,-4246.201718
25.2944559227157,0.225251139208055,73.05,1.72E-36,45.66,0.438570339416784,0.917236652826879,0.074181462865365,0.001417185543403,0.924240471006226,0.000160880585006,-4456.844609
38.2343413012208,0.327663037438187,73.05,0.053773254654995,45.66,0.551870016789772,0.841602613656903,0.716994640874387,0.001924897409624,0.281027116682298,5.33450336908809E-05,-4845.214737
197.948028194577,0.513076958068709,73.05,1.4434039468799,45.66,0.99999999999949,0.907772822160906,0.085250847735422,0.000487785700372,0.914188805488758,7.25610754480625E-05,-4326.139832
39.0690773112085,0.546017421020039,73.05,0.286991386716517,45.66,0.999999976231419,1.21809944932359,0.035514475967426,0.000881967380353,0.963532784701307,7.07719509137434E-05,-4397.705683
40.0732146003803,0.540611307940633,73.05,0.340266000903925,45.66,0.795805957348128,1.18123480912985,0.035514475967426,0.000881967380353,0.963532784701307,7.07719509137434E-05,-4619.037885
49.5472890443144,0.470311818842757,73.05,0.358814440872001,45.66,0.889907314650376,0.995302078791595,0.035514475967426,0.000881967380353,0.963532784701307,7.07719509137434E-05,-4281.565133
29.1475579995157,0.259186232220268,73.05,0.076115196266562,45.66,0.512397805621812,0.877467364951781,0.100113955112025,0.001526948138894,0.898321437556823,3.765919225765E-05,-4325.992461
41.2011552370896,0.305597973114346,73.05,0.062815501940902,45.66,0.554991769042388,1.33969985726711,0.455640108089135,0.000380748020406,0.54387584199232,0.00010330189814,-4661.74421
29.1466939623936,0.369218912034418,73.05,0.002793483080053,45.66,0.44210520883184,0.927523106761151,0.716994640874387,0.001924897409624,0.281027116682298,5.33450336908809E-05,-4236.360518
25.2549070666279,0.246353853607225,73.05,1.09E-38,45.66,0.438257913200966,0.923962140371595,0.074181462865365,0.001417185543403,0.924240471006226,0.000160880585006,-4336.326766
50.6406307625472,0.494302448284548,73.05,0.37186357023787,45.66,0.986760947939795,0.931533361944504,0.035514475967426,0.000881967380353,0.963532784701307,7.07719509137434E-05,-4253.303644
25.5156433010231,0.313461450214203,73.05,8.76007480139739E-05,45.66,0.451824571650032,1.0194857699773,0.751412439845276,0.001661311374447,0.246679567720918,0.000246681059359,-4325.297602
43.0557091999317,0.43393965403809,73.05,0.26880263169091,45.66,0.813270891365365,0.915932933711169,0.130777684173526,0.000210094113564,0.868939811268504,7.24104444060552E-05,-4239.485867
50.3259041979215,0.485542562162235,73.05,0.369247963428263,45.66,0.957486077401888,0.948432857027826,0.025557210224002,0.000314709336253,0.97402746343999,0.000100616999754,-4262.246255
25.2664396966016,0.272127917374854,73.05,5.47E-104,45.66,0.444857493802418,0.961099313068885,0.074181462865365,0.001417185543403,0.924240471006226,0.000160880585006,-4272.169525
37.0074031979623,0.311760137219441,73.05,3.04883439403494E-05,45.66,0.495806781298297,1.36483277166203,0.716994640874387,0.001924897409624,0.281027116682298,5.33450336908809E-05,-4664.665082
26.0899828563196,0.313125206977041,73.05,0.039102748545654,45.66,0.547087213369376,0.93082294349415,0.100113955112025,0.001526948138894,0.898321437556823,3.765919225765E-05,-4282.725843
42.652073563022,0.474593408855206,73.05,0.238024507288898,45.66,0.945558537218155,0.941847013640258,0.130777684173526,0.000210094113564,0.868939811268504,7.24104444060552E-05,-4282.379744
28.8399708070516,0.275131408260164,73.05,0.052733083281086,45.66,0.512756972781015,0.915053990683847,0.100113955112025,0.001526948138894,0.898321437556823,3.765919225765E-05,-4295.954534
42.7305825238378,0.449835250618324,73.05,0.219379804915513,45.66,0.735021403792438,0.907443706049949,0.048152927551546,0.000633520359687,0.951087571835138,0.00012598025363,-4265.641
49.8954176715141,0.475975455506553,73.05,0.36433635250963,45.66,0.927285565315848,0.969592235864084,0.025557210224002,0.000314709336253,0.97402746343999,0.000100616999754,-4274.044042
42.2886800302614,0.387465356879385,73.05,0.280878290646129,45.66,0.718878404882104,1.05633912800489,0.048152927551546,0.000633520359687,0.951087571835138,0.00012598025363,-4355.49982
42.8280364068509,0.445381436255766,73.05,0.227489289728773,45.66,0.744187729966668,0.915350528339721,0.048152927551546,0.000633520359687,0.951087571835138,0.00012598025363,-4263.50289
29.3036446334256,0.26177809454247,73.05,0.082400489221259,45.66,0.512627207216957,0.918610304988612,0.100113955112025,0.001526948138894,0.898321437556823,3.765919225765E-05,-4309.982561
52.7899963539041,0.583929438323151,73.05,0.360820601356227,45.66,0.999789578859612,0.992311538050881,0.085250847735422,0.000487785700372,0.914188805488758,7.25610754480625E-05,-4441.88466
42.5798859097115,0.391340010448179,73.05,0.284558054475944,45.66,0.726377386082428,1.04207524491537,0.048152927551546,0.000633520359687,0.951087571835138,0.00012598025363,-4342.046992
38.54981708202,0.334249064490695,73.05,0.057025062977878,45.66,0.552034891307681,0.842089702345288,0.716994640874387,0.001924897409624,0.281027116682298,5.33450336908809E-05,-4860.402579
50.2726177015258,0.484562737265511,73.05,0.368610988308026,45.66,0.954775704735726,0.949691629575056,0.035514475967426,0.000881967380353,0.963532784701307,7.07719509137434E-05,-4263.108665
30.6594313668234,0.361395933934946,73.05,0.108593982219189,45.66,0.641243406382335,0.917873206856582,0.048152927551546,0.000633520359687,0.951087571835138,0.00012598025363,-4279.497815
43.9318817738648,0.505257537211696,73.05,0.288589460166472,45.66,1,1.05352713268474,0.025557210224002,0.000314709336253,0.97402746343999,0.000100616999754,-4342.367143
36.6276630567777,0.293673645476675,73.05,4.74136812343188E-06,45.66,0.486351698530845,1.35472711958707,0.455640108089135,0.000380748020406,0.54387584199232,0.00010330189814,-4658.164649
26.2511749136798,0.325839346012389,73.05,0.04559544130929,45.66,0.561930250351797,0.938248928550494,0.100113955112025,0.001526948138894,0.898321437556823,3.765919225765E-05,-4294.799882
25.6116843143487,0.264679791707623,73.05,0.009990190280289,45.66,0.456740761228931,0.963986598539979,0.751412439845276,0.001661311374447,0.246679567720918,0.000246681059359,-4279.177049
47.384248991151,0.493863804374297,73.05,0.265837870593821,45.66,0.842766813228975,0.920630232554642,0.130777684173526,0.000210094113564,0.868939811268504,7.24104444060552E-05,-4312.513177
41.1813963649228,0.374358380687402,73.05,0.263669269173379,45.66,0.7430361136283,0.994209257935241,0.062472137426708,6.51226262598449E-05,0.937322956532081,0.000139783414952,-4399.095494
39.2125684530528,0.552592727361202,73.05,0.285951253747956,45.66,0.999983573067222,1.2550514386475,0.025557210224002,0.000314709336253,0.97402746343999,0.000100616999754,-4403.937143
29.1365305761355,0.361943840833661,73.05,0.006012376029568,45.66,0.43708364728629,0.97146242304355,0.716994640874387,0.001924897409624,0.281027116682298,5.33450336908809E-05,-4237.942788
46.568941261534,0.472520952566981,73.05,0.281677792526426,45.66,1,0.807032800189753,0.00519959689264,0.001718986732707,0.993019014556457,6.2401818195707E-05,-4325.840693
25.8887562945495,0.294978109270709,73.05,0.031021966563122,45.66,0.52968810125393,0.919860559784619,0.100113955112025,0.001526948138894,0.898321437556823,3.765919225765E-05,-4271.632718
43.1954686686283,0.436605662440708,73.05,0.269806683940923,45.66,0.809690898487266,0.931658795966821,0.048152927551546,0.000633520359687,0.951087571835138,0.00012598025363,-4238.845464
44.8512594998188,0.475335806927095,73.05,0.227959511817,45.66,0.744071338126121,0.994855134080423,0.062472137426708,6.51226262598449E-05,0.937322956532081,0.000139783414952,-4299.749295
25.4458505009275,0.249340336646242,73.05,0.000629267766112,45.66,0.461495477359818,0.894214055306279,0.751412439845276,0.001661311374447,0.246679567720918,0.000246681059359,-4335.606745
43.8419381053651,0.34779899971547,73.05,0.100776804974866,45.66,0.579013274420863,0.911470897619977,0.455640108089135,0.000380748020406,0.54387584199232,0.00010330189814,-4850.016599
44.0699329589443,0.509280306770018,73.05,0.294755751594408,45.66,0.999999838071409,1.08073495397609,0.035514475967426,0.000881967380353,0.963532784701307,7.07719509137434E-05,-4351.228084
42.9420140041844,0.403198004104769,73.05,0.283942270297813,45.66,0.740850273341798,0.99667947470054,0.048152927551546,0.000633520359687,0.951087571835138,0.00012598025363,-4302.029493
39.1408786014404,0.515413213709651,73.05,0.301238343384559,45.66,1,1.12873758742983,0.025557210224002,0.000314709336253,0.97402746343999,0.000100616999754,-4390.092512
39.1490338783761,0.55147759523024,73.05,0.284973934328004,45.66,0.999999981489731,1.24852584066093,0.035514475967426,0.000881967380353,0.963532784701307,7.07719509137434E-05,-4402.831419
30.7426000093391,0.365009893274296,73.05,0.111047281733789,45.66,0.644379654286194,0.927955158573958,0.048152927551546,0.000633520359687,0.951087571835138,0.00012598025363,-4284.206961
50.846678259269,0.500254987338313,73.05,0.373143205703025,45.66,0.999996063275234,0.928614334937402,0.025557210224002,0.000314709336253,0.97402746343999,0.000100616999754,-4248.874615
51.8380619151569,0.53924903940495,73.05,0.369297924430469,45.66,1,1.04717471032912,0.085250847735422,0.000487785700372,0.914188805488758,7.25610754480625E-05,-4258.906757
43.0312700603046,0.413524550140415,73.05,0.278675390785825,45.66,0.756775786198314,0.960201888461454,0.062472137426708,6.51226262598449E-05,0.937322956532081,0.000139783414952,-4271.791161
37.6651018831416,0.337591555135602,73.05,0.026450675815881,45.66,0.535357497747283,1.3732800304328,0.716994640874387,0.001924897409624,0.281027116682298,5.33450336908809E-05,-4673.175841
36.9636860260716,0.327642390508138,73.05,9.08E-15,45.66,0.503873166347415,1.37460792232742,0.455640108089135,0.000380748020406,0.54387584199232,0.00010330189814,-4670.368983
72.5539311716135,0.497987440630175,73.05,0.410474072697835,45.66,0.99999994748613,0.990185516392191,0.085250847735422,0.000487785700372,0.914188805488758,7.25610754480625E-05,-5090.093334
44.4754722946831,0.454083347773166,73.05,0.268926354660679,45.66,1,0.808491406300624,0.00519959689264,0.001718986732707,0.993019014556457,6.2401818195707E-05,-4275.876283
29.1392016941805,0.372911101154762,73.05,0.000521172956214,45.66,0.440941802879645,0.923304211481694,0.716994640874387,0.001924897409624,0.281027116682298,5.33450336908809E-05,-4236.293794
44.4735128363429,0.423531736809891,73.05,0.285203414679838,45.66,1,0.800080595654999,0.00519959689264,0.001718986732707,0.993019014556457,6.2401818195707E-05,-4307.600231
36.9226187954971,0.299595364061148,73.05,8.84541146807459E-06,45.66,0.489676783933409,1.35799772322035,0.716994640874387,0.001924897409624,0.281027116682298,5.33450336908809E-05,-4660.415209
48.5679239574338,0.50660641785834,73.05,0.282714643141905,45.66,1,0.807519442431022,0.00519959689264,0.001718986732707,0.993019014556457,6.2401818195707E-05,-4328.715954
53.2982881274488,0.589768732706383,73.05,0.378519809342846,45.66,0.999999861290743,0.989907411665515,0.085250847735422,0.000487785700372,0.914188805488758,7.25610754480625E-05,-4485.225394
44.4735127725468,0.411075731082364,73.05,0.285203416584767,45.66,1,0.808621161859368,0.00519959689264,0.001718986732707,0.993019014556457,6.2401818195707E-05,-4380.711052
44.476360074469,0.445136111923504,73.05,0.28048656634549,45.66,1,0.808208656599963,0.00519959689264,0.001718986732707,0.993019014556457,6.2401818195707E-05,-4268.282659
46.6333415542651,0.486838809950713,73.05,0.281866950476919,45.66,1,0.807012693309961,0.00519959689264,0.001718986732707,0.993019014556457,6.2401818195707E-05,-4436.410195
44.4750224008615,0.458624181250898,73.05,0.268142121309009,45.66,1,0.8085833791874,0.00519959689264,0.001718986732707,0.993019014556457,6.2401818195707E-05,-4286.5796
44.4735127842858,0.41933835327712,73.05,0.285203416234138,45.66,1,0.800079039026736,0.00519959689264,0.001718986732707,0.993019014556457,6.2401818195707E-05,-4328.287397
44.4735127699906,0.42776705417799,73.05,0.285203416661213,45.66,1,0.800078156437621,0.00519959689264,0.001718986732707,0.993019014556457,6.2401818195707E-05,-4291.603835
46.6339873965122,0.482018623713578,73.05,0.281868623207892,45.66,1,0.807012510109545,0.00519959689264,0.001718986732707,0.993019014556457,6.2401818195707E-05,-4366.148815
51.9386027411893,0.544641529799,73.05,0.367559850113318,45.66,1,1.07492592318266,0.085250847735422,0.000487785700372,0.914188805488758,7.25610754480625E-05,-4266.271151
44.1728527459392,0.354789759609751,73.05,0.106606525139324,45.66,0.578990718385868,0.910113328081408,0.455640108089135,0.000380748020406,0.54387584199232,0.00010330189814,-4873.610056
52.298847360542,0.566756159921373,73.05,0.358560558180522,45.66,1,1.22911366500981,0.085250847735422,0.000487785700372,0.914188805488758,7.25610754480625E-05,-4311.459155
25.4444736709649,0.25689559818696,73.05,0.000615212622353,45.66,0.461555700206543,0.894552414977802,0.751412439845276,0.001661311374447,0.246679567720918,0.000246681059359,-4303.683542
42.0799943383118,0.385701813980611,73.05,0.277566697543156,45.66,0.713841569623609,1.06110002660389,0.062472137426708,6.51226262598449E-05,0.937322956532081,0.000139783414952,-4360.199362
43.1719383014448,0.457403057198053,73.05,0.257627147394374,45.66,0.884870666260503,0.911834976949796,0.025557210224002,0.000314709336253,0.97402746343999,0.000100616999754,-4245.213645
39.9760576881964,0.529959129438911,73.05,0.340093646638942,45.66,0.798298177136634,1.17914930504203,0.035514475967426,0.000881967380353,0.963532784701307,7.07719509137434E-05,-4602.26057
42.675545141261,0.479339342943758,73.05,0.247903597301256,45.66,0.969299760750474,0.941844027394646,0.130777684173526,0.000210094113564,0.868939811268504,7.24104444060552E-05,-4294.268926
42.6679724084796,0.400735990073955,73.05,0.280437916259564,45.66,0.734127509362423,1.00045568261673,0.130777684173526,0.000210094113564,0.868939811268504,7.24104444060552E-05,-4306.245421
26.1681401960825,0.319419023637279,73.05,0.042254121835323,45.66,0.554433725459612,0.933962915562531,0.100113955112025,0.001526948138894,0.898321437556823,3.765919225765E-05,-4288.396771
43.2268061176388,0.443055008024559,73.05,0.267128374519536,45.66,0.840752466672063,0.910089907465936,0.035514475967426,0.000881967380353,0.963532784701307,7.07719509137434E-05,-4237.274156
41.5468807457223,0.381882984139219,73.05,0.267833868200166,45.66,0.699754622252897,1.0741642130028,0.062472137426708,6.51226262598449E-05,0.937322956532081,0.000139783414952,-4372.968411
42.9494403071734,0.461356251160675,73.05,0.250900128336653,45.66,0.898406402814561,0.917516304250462,0.062472137426708,6.51226262598449E-05,0.937322956532081,0.000139783414952,-4252.68223
25.5026215695444,0.310357871499211,73.05,1.27E-09,45.66,0.46359255755432,0.985180792062184,0.751412439845276,0.001661311374447,0.246679567720918,0.000246681059359,-4318.075321
25.445112745513,0.246871620441824,73.05,0.000666369963078,45.66,0.460796798891508,0.896837838639874,0.751412439845276,0.001661311374447,0.246679567720918,0.000246681059359,-4348.076676
30.4261598853144,0.350767332978369,73.05,0.102244516032491,45.66,0.618055846594539,0.915827100935115,0.048152927551546,0.000633520359687,0.951087571835138,0.00012598025363,-4266.231058
38.0086161483167,0.290784308722546,73.05,3.82774400446235E-05,45.66,0.490889167360574,1.34506313263049,0.716994640874387,0.001924897409624,0.281027116682298,5.33450336908809E-05,-4657.450969
45.2270663792056,0.480089164996366,73.05,0.229851029399177,45.66,0.744205866944496,0.994854531777041,0.062472137426708,6.51226262598449E-05,0.937322956532081,0.000139783414952,-4304.933276
42.6592772085036,0.454333603124507,73.05,0.212471962790457,45.66,0.723691359737529,0.90926402825147,0.048152927551546,0.000633520359687,0.951087571835138,0.00012598025363,-4267.166227
43.2474213043788,0.43002482577864,73.05,0.273907974979333,45.66,0.800435868544073,0.924132207611117,0.035514475967426,0.000881967380353,0.963532784701307,7.07719509137434E-05,-4244.435338
26.3388286482232,0.332388716867238,73.05,0.049117155363439,45.66,0.569579474142365,0.943671696745858,0.100113955112025,0.001526948138894,0.898321437556823,3.765919225765E-05,-4301.801787
37.9819590414638,0.276653858441035,73.05,4.41E-07,45.66,0.484764824142067,1.33639221740922,0.455640108089135,0.000380748020406,0.54387584199232,0.00010330189814,-4652.677722
30.8645963319967,0.370651862066734,73.05,0.114813119721969,45.66,0.627166910057153,0.999129558243797,0.062472137426708,6.51226262598449E-05,0.937322956532081,0.000139783414952,-4292.654714
29.1832259825026,0.256620031901255,73.05,0.078700491689375,45.66,0.510291078417097,0.873210686472931,0.100113955112025,0.001526948138894,0.898321437556823,3.765919225765E-05,-4332.176176
83.6920050884037,0.455329748939478,73.05,0.399480444267517,45.66,0.999999784840446,0.989592660378712,0.085250847735422,0.000487785700372,0.914188805488758,7.25610754480625E-05,-4988.918206
42.257476611042,0.388950403885811,73.05,0.27978967226299,45.66,0.719404690078247,1.04593438388801,0.130777684173526,0.000210094113564,0.868939811268504,7.24104444060552E-05,-4346.362717
43.3133313887394,0.435203314330375,73.05,0.272725382183612,45.66,0.820618198459766,0.909893665849058,0.025557210224002,0.000314709336253,0.97402746343999,0.000100616999754,-4240.32683
29.1754285717427,0.365563279241998,73.05,0.006031857975734,45.66,0.445394964187099,0.9240489925766,0.716994640874387,0.001924897409624,0.281027116682298,5.33450336908809E-05,-4236.564908
37.985548395893,0.282232385218054,73.05,5.2733266805592E-06,45.66,0.486718833107299,1.34063871824405,0.716994640874387,0.001924897409624,0.281027116682298,5.33450336908809E-05,-4654.641173
43.4230591307984,0.494636346784921,73.05,0.275649807954734,45.66,0.995317254272691,1.00957030466924,0.062472137426708,6.51226262598449E-05,0.937322956532081,0.000139783414952,-4323.702182
43.2311631030972,0.425767154236277,73.05,0.275569346382771,45.66,0.78750202109564,0.932078048902248,0.035514475967426,0.000881967380353,0.963532784701307,7.07719509137434E-05,-4249.82213
38.0240414749212,0.285036747005656,73.05,3.51E-09,45.66,0.488683766853504,1.34088000011394,0.455640108089135,0.000380748020406,0.54387584199232,0.00010330189814,-4655.356236
31.4082994253881,0.372887603022412,73.05,0.120933171786696,45.66,0.663014544609707,0.930573527517697,0.455640108089135,0.000380748020406,0.54387584199232,0.00010330189814,-4287.156474
39.4646599727823,0.563699841181163,73.05,0.291226918092166,45.66,1,1.31609524329594,0.025557210224002,0.000314709336253,0.97402746343999,0.000100616999754,-4418.000809
31.6779195308938,0.384186470281594,73.05,0.128798271397088,45.66,0.68496858849336,0.943833508558754,0.455640108089135,0.000380748020406,0.54387584199232,0.00010330189814,-4302.442331
43.1739316040423,0.41737785926505,73.05,0.27898530634479,45.66,0.765631107936218,0.951952987732179,0.035514475967426,0.000881967380353,0.963532784701307,7.07719509137434E-05,-4264.968135
30.2054796031361,0.34045131760366,73.05,0.09649599598147,45.66,0.60408908455914,0.89969709614563,0.048152927551546,0.000633520359687,0.951087571835138,0.00012598025363,-4254.718694
25.1256417794945,0.218626536524817,73.05,1.22E-36,45.66,0.439014358911488,0.916612154132705,0.074181462865365,0.001417185543403,0.924240471006226,0.000160880585006,-4492.977221
42.4867525540683,0.472781369289111,73.05,0.188832332528999,45.66,0.671367764661225,0.97461042039615,0.048152927551546,0.000633520359687,0.951087571835138,0.00012598025363,-4272.022578
37.9770939820941,0.27943800516639,73.05,3.77E-11,45.66,0.485411985562135,1.33925288453865,0.716994640874387,0.001924897409624,0.281027116682298,5.33450336908809E-05,-4653.755402
25.5550959798727,0.322959645617144,73.05,2.03E-09,45.66,0.472139490445148,1.01206481549558,0.751412439845276,0.001661311374447,0.246679567720918,0.000246681059359,-4346.304041
30.2693973173977,0.343855830779697,73.05,0.097965819431246,45.66,0.599802250237794,0.930019275836403,0.048152927551546,0.000633520359687,0.951087571835138,0.00012598025363,-4258.430955
48.1667536120314,0.50159051273103,73.05,0.28235318642796,45.66,1,0.807480732898485,0.00519959689264,0.001718986732707,0.993019014556457,6.2401818195707E-05,-4370.979185
43.3127767043112,0.430894370624133,73.05,0.274667770193413,45.66,0.79906129468205,0.930451539350183,0.025557210224002,0.000314709336253,0.97402746343999,0.000100616999754,-4244.14164
46.4686138760671,0.49958271025277,73.05,0.236548261630519,45.66,0.746935504896718,0.994795781635571,0.062472137426708,6.51226262598449E-05,0.937322956532081,0.000139783414952,-4322.583391
67.6719350441307,0.450821533603443,73.05,0.368599087584572,45.66,0.999999855936773,0.989813031706445,0.085250847735422,0.000487785700372,0.914188805488758,7.25610754480625E-05,-4933.064436
43.7328408795435,0.50379046684222,73.05,0.289532308288625,45.66,0.999999977239103,1.05214628265698,0.130777684173526,0.000210094113564,0.868939811268504,7.24104444060552E-05,-4343.835608
54.8318813152243,0.409981208631768,73.05,0.339620322342073,45.66,0.970840967661502,0.927366829512519,0.025557210224002,0.000314709336253,0.97402746343999,0.000100616999754,-4889.224051
26.3872545576143,0.33571260403591,73.05,0.051140712504417,45.66,0.523453903328583,1.04654766240525,0.100113955112025,0.001526948138894,0.898321437556823,3.765919225765E-05,-4307.796264
37.9951555268749,0.285054709070234,73.05,3.30725343602064E-05,45.66,0.488121524545171,1.34201792604182,0.716994640874387,0.001924897409624,0.281027116682298,5.33450336908809E-05,-4655.550841
30.4616148477896,0.352662528804047,73.05,0.10329604962331,45.66,0.589937202325232,0.994837129998627,0.062472137426708,6.51226262598449E-05,0.937322956532081,0.000139783414952,-4269.907911
25.5034339041658,0.242007274229805,73.05,0.000561092290387,45.66,0.46132572071846,0.896233308785532,0.751412439845276,0.001661311374447,0.246679567720918,0.000246681059359,-4378.359996
52.4672498310232,0.579608494991962,73.05,0.354723310634877,45.66,0.999999952035118,1.35993025445075,0.035514475967426,0.000881967380353,0.963532784701307,7.07719509137434E-05,-4350.774234
25.3034415569401,0.291757960512836,73.05,2.10E-29,45.66,0.455561555872843,0.959598718287736,0.074181462865365,0.001417185543403,0.924240471006226,0.000160880585006,-4287.612065
30.7012927839482,0.363348556089339,73.05,0.109985563564528,45.66,0.611006818414535,0.999002048799254,0.062472137426708,6.51226262598449E-05,0.937322956532081,0.000139783414952,-4283.200463
25.5304163547959,0.232564233756705,73.05,0.000708473359244,45.66,0.459999881744151,0.893567456481081,0.751412439845276,0.001661311374447,0.246679567720918,0.000246681059359,-4429.683103
28.6321577597113,0.246606806657659,73.05,0.053526341444017,45.66,0.512700267436091,0.915660789589973,0.100113955112025,0.001526948138894,0.898321437556823,3.765919225765E-05,-4387.147878
25.5300945053189,0.237238774855215,73.05,0.000443123460333,45.66,0.460906623901597,0.89735381752679,0.751412439845276,0.001661311374447,0.246679567720918,0.000246681059359,-4402.274989
47.4576129687541,0.601623084233781,73.05,0.40048110591667,45.66,0.999999878773102,0.989420477506867,0.085250847735422,0.000487785700372,0.914188805488758,7.25610754480625E-05,-4647.16287
49.8929760838496,0.441938568379025,73.05,7.56E-07,45.66,1,1.1571007752159,0.085250847735422,0.000487785700372,0.914188805488758,7.25610754480625E-05,-4801.31179
43.1359139531013,0.413245405212921,73.05,0.280877923878607,45.66,0.757121902591069,0.963961236560977,0.035514475967426,0.000881967380353,0.963532784701307,7.07719509137434E-05,-4274.661589
46.3071164471883,0.592454198321176,73.05,0.342100601775848,45.66,0.96979764854266,0.925602815084311,0.025557210224002,0.000314709336253,0.97402746343999,0.000100616999754,-4838.715479
41.4203526268496,0.370072963478136,73.05,0.272296465141882,45.66,0.703650989999391,1.11390417664381,0.130777684173526,0.000210094113564,0.868939811268504,7.24104444060552E-05,-4410.030981
31.5879610840791,0.380382643843162,73.05,0.12609838219121,45.66,0.677544218859466,0.939183885700126,0.455640108089135,0.000380748020406,0.54387584199232,0.00010330189814,-4297.250327
47.3618248142635,0.595666420033446,73.05,0.400154248326482,45.66,0.999999836629081,0.989187132311445,0.085250847735422,0.000487785700372,0.914188805488758,7.25610754480625E-05,-4612.138837
44.1674264491185,0.513916655225749,73.05,0.303678195539615,45.66,0.999795546272565,1.11763188817241,0.130777684173526,0.000210094113564,0.868939811268504,7.24104444060552E-05,-4363.054138
37.9690608962497,0.273914711327757,73.05,5.27E-08,45.66,0.483492837496688,1.33504647434285,0.455640108089135,0.000380748020406,0.54387584199232,0.00010330189814,-4651.83454
48.6380383577046,0.529488843795744,73.05,0.256424732307233,45.66,0.84346033089304,0.923631416080971,0.130777684173526,0.000210094113564,0.868939811268504,7.24104444060552E-05,-4336.548451
28.5954659446613,0.24174767832336,73.05,0.053268667879388,45.66,0.51274726475665,0.915323810926984,0.100113955112025,0.001526948138894,0.898321437556823,3.765919225765E-05,-4408.43971
83.6525358113385,0.459883046428873,73.05,0.396695466489493,45.66,0.999999784745846,0.989619955517887,0.085250847735422,0.000487785700372,0.914188805488758,7.25610754480625E-05,-5000.848882
46.0816975823887,0.585404579941881,73.05,0.337563551362075,45.66,0.79696941708148,1.18030235769533,0.035514475967426,0.000881967380353,0.963532784701307,7.07719509137434E-05,-4785.087759
52.2307922527012,0.569336839592974,73.05,0.355389690529532,45.66,0.999999999999503,1.25606256962272,0.025557210224002,0.000314709336253,0.97402746343999,0.000100616999754,-4320.514065
46.8120077502435,0.509624322728851,73.05,0.233618276288332,45.66,0.748229350991579,0.99486863018508,0.062472137426708,6.51226262598449E-05,0.937322956532081,0.000139783414952,-4334.516183
37.9463346958898,0.268517509389037,73.05,1.20941794210515E-05,45.66,0.481146144443449,1.3322539456374,0.455640108089135,0.000380748020406,0.54387584199232,0.00010330189814,-4650.216718
52.5404484708541,0.580780510068793,73.05,0.356042613880568,45.66,0.99648388544713,0.916497771685405,0.025557210224002,0.000314709336253,0.97402746343999,0.000100616999754,-4472.838557
54.2272211940166,0.409153866547446,73.05,0.322890037744945,45.66,0.789818248850902,1.17300358674543,0.035514475967426,0.000881967380353,0.963532784701307,7.07719509137434E-05,-4856.902958
46.0422494716023,0.598378740304388,73.05,0.341621085351629,45.66,0.969860878434528,0.92509092989259,0.025557210224002,0.000314709336253,0.97402746343999,0.000100616999754,-5162.950195
28.0575626792099,0.303604503659079,73.05,1.23E-35,45.66,0.434771446204738,0.920332620713478,0.074181462865365,0.001417185543403,0.924240471006226,0.000160880585006,-4330.964432
46.1863411855181,0.504578537355298,73.05,0.225063033806396,45.66,0.749971234947186,0.994586640425907,0.062472137426708,6.51226262598449E-05,0.937322956532081,0.000139783414952,-4325.376812
43.2434313382568,0.418221830925267,73.05,0.279808444568359,45.66,0.767856786857565,0.951109934809481,0.025557210224002,0.000314709336253,0.97402746343999,0.000100616999754,-4264.384729
46.6902895955954,0.562562294894367,73.05,0.406039672642419,45.66,0.836073165203355,1.22484063376912,0.035514475967426,0.000881967380353,0.963532784701307,7.07719509137434E-05,-4554.687701
39.3027888576535,0.556992371182542,73.05,0.287983776224769,45.66,0.999999982761363,1.27823046325499,0.035514475967426,0.000881967380353,0.963532784701307,7.07719509137434E-05,-4409.451716
41.85790101928,0.381286544344487,73.05,0.275841818516012,45.66,0.709853524200548,1.0748648866117,0.130777684173526,0.000210094113564,0.868939811268504,7.24104444060552E-05,-4372.918574
25.1071364854856,0.214318730050796,73.05,1.58E-36,45.66,0.438706342721583,0.916912912305981,0.074181462865365,0.001417185543403,0.924240471006226,0.000160880585006,-4512.919254
31.859270651996,0.391908618334254,73.05,0.134457715853956,45.66,0.700202596843034,0.953652622304058,0.455640108089135,0.000380748020406,0.54387584199232,0.00010330189814,-4313.029983
43.2059900853049,0.4215516378577,73.05,0.27721025002901,45.66,0.775738533387949,0.941258820083311,0.035514475967426,0.000881967380353,0.963532784701307,7.07719509137434E-05,-4256.668433
44.2221648723927,0.524246379995787,73.05,0.299909739517336,45.66,0.939316804745674,0.882560118733649,0.130777684173526,0.000210094113564,0.868939811268504,7.24104444060552E-05,-4486.498626
52.3085401070246,0.573869797021744,73.05,0.353863442578669,45.66,0.99999996400123,1.29959297369891,0.035514475967426,0.000881967380353,0.963532784701307,7.07719509137434E-05,-4333.33565
25.5868386340206,0.329451134494048,73.05,3.14E-09,45.66,0.476519897625633,1.02639654749419,0.751412439845276,0.001661311374447,0.246679567720918,0.000246681059359,-4360.545497
28.0351319873162,0.300598518474336,73.05,1.41E-35,45.66,0.437831027647241,0.916159154027304,0.074181462865365,0.001417185543403,0.924240471006226,0.000160880585006,-4338.459312
25.7005793391726,0.210095804382704,73.05,0.031789532287635,45.66,0.432760188870026,1.22528851916678,0.074181462865365,0.001417185543403,0.924240471006226,0.000160880585006,-4455.57084
43.2730400854723,0.422404049234519,73.05,0.278005401865701,45.66,0.778051540401067,0.940665097286312,0.025557210224002,0.000314709336253,0.97402746343999,0.000100616999754,-4256.174234
25.3112804371624,0.294675540117964,73.05,3.10E-51,45.66,0.457308787734737,0.963093877108284,0.074181462865365,0.001417185543403,0.924240471006226,0.000160880585006,-4292.542306
28.6381766765265,0.249072874724236,73.05,0.052928394004193,45.66,0.512746291652481,0.915148699010656,0.100113955112025,0.001526948138894,0.898321437556823,3.765919225765E-05,-4378.485312
42.4245506273509,0.392839907924669,73.05,0.280780685901997,45.66,0.724230499149417,1.03082009969907,0.130777684173526,0.000210094113564,0.868939811268504,7.24104444060552E-05,-4332.821287
46.2952473588308,0.5912586257413,73.05,0.344553633875137,45.66,0.796673850760852,1.17924258700568,0.035514475967426,0.000881967380353,0.963532784701307,7.07719509137434E-05,-4829.967964
28.5813497138084,0.239354136953822,73.05,0.053144818234869,45.66,0.512723905619103,0.915351664136823,0.100113955112025,0.001526948138894,0.898321437556823,3.765919225765E-05,-4420.647275
43.2962403050105,0.426628089726865,73.05,0.276334602665397,45.66,0.790003041533459,0.931381065277422,0.025557210224002,0.000314709336253,0.97402746343999,0.000100616999754,-4249.421503
42.5680272527876,0.46346570854731,73.05,0.200318873863291,45.66,0.680516957777702,0.970068517687791,0.048152927551546,0.000633520359687,0.951087571835138,0.00012598025363,-4269.205224
54.2889447459859,0.62605139396224,73.05,0.38696162822116,45.66,0.999999881295013,0.989833569895317,0.085250847735422,0.000487785700372,0.914188805488758,7.25610754480625E-05,-4759.218146
28.013995298526,0.297622295519144,73.05,8.10E-37,45.66,0.438278548604975,0.920099125119134,0.074181462865365,0.001417185543403,0.924240471006226,0.000160880585006,-4345.889968
47.5569615316708,0.607639315076119,73.05,0.400961982507544,45.66,0.999999946915395,0.9896885943006,0.085250847735422,0.000487785700372,0.914188805488758,7.25610754480625E-05,-4687.821195
25.1166557639647,0.216461917351304,73.05,1.87E-36,45.66,0.438542885168708,0.917050623224362,0.074181462865365,0.001417185543403,0.924240471006226,0.000160880585006,-4503.215022
42.8404369551986,0.470629511809005,73.05,0.243736159754775,45.66,0.929780033798561,0.930987133566075,0.062472137426708,6.51226262598449E-05,0.937322956532081,0.000139783414952,-4270.063766
30.3502251943983,0.347294389087494,73.05,0.100233499725488,45.66,0.612789886844323,0.911325793147729,0.048152927551546,0.000633520359687,0.951087571835138,0.00012598025363,-4262.171163
25.5406062882389,0.319762025363509,73.05,9.66E-07,45.66,0.469995574621612,1.00501356570028,0.751412439845276,0.001661311374447,0.246679567720918,0.000246681059359,-4339.158013
41.3288533892887,0.366408874730828,73.05,0.272149790008001,45.66,0.704065547330896,1.12550107077487,0.130777684173526,0.000210094113564,0.868939811268504,7.24104444060552E-05,-4421.541155
25.5240484410581,0.239611162603767,73.05,0.000662649646516,45.66,0.460027030302086,0.895059035646709,0.751412439845276,0.001661311374447,0.246679567720918,0.000246681059359,-4389.670442
38.0111316422386,0.282214600995699,73.05,5.18114679915259E-05,45.66,0.487450044037787,1.33906210258597,0.455640108089135,0.000380748020406,0.54387584199232,0.00010330189814,-4654.435759
46.815811530912,0.568187917843311,73.05,0.385975795468825,45.66,0.909597533517714,1.67277278733507,0.035514475967426,0.000881967380353,0.963532784701307,7.07719509137434E-05,-4405.956242
25.1497627431724,0.223020929908966,73.05,1.45E-36,45.66,0.438639383342482,0.917118641671782,0.074181462865365,0.001417185543403,0.924240471006226,0.000160880585006,-4471.48709
29.3203196303741,0.388052787235161,73.05,0.000330063634548,45.66,0.420110888124587,1.03224104605264,0.716994640874387,0.001924897409624,0.281027116682298,5.33450336908809E-05,-4255.981102
67.1155204885509,0.433230632662509,73.05,0.371662262894382,45.66,0.999999753656381,0.990323552254146,0.085250847735422,0.000487785700372,0.914188805488758,7.25610754480625E-05,-4883.931025
67.417204637821,0.446357954062815,73.05,0.377631549460671,45.66,0.999999622043573,0.990134056481093,0.085250847735422,0.000487785700372,0.914188805488758,7.25610754480625E-05,-4925.071433
42.4050258013239,0.482284274811822,73.05,0.177544151837362,45.66,0.698810725329255,0.909204412353119,0.048152927551546,0.000633520359687,0.951087571835138,0.00012598025363,-4276.231738
29.1376358148472,0.254079239506193,73.05,0.077519456915311,45.66,0.510822347951745,0.87813824855501,0.100113955112025,0.001526948138894,0.898321437556823,3.765919225765E-05,-4342.979271
48.8469775468611,0.511672482036924,73.05,0.282934718622964,45.66,1,0.807543822773381,0.00519959689264,0.001718986732707,0.993019014556457,6.2401818195707E-05,-4324.253923
42.0605872775524,0.385099409787932,73.05,0.27797923658581,45.66,0.71443095233106,1.060624541069,0.130777684173526,0.000210094113564,0.868939811268504,7.24104444060552E-05,-4359.779208
26.5681835960459,0.34934388196731,73.05,0.058185363619429,45.66,0.61636649294675,0.892712204002999,0.100113955112025,0.001526948138894,0.898321437556823,3.765919225765E-05,-4322.340756
48.5052497101843,0.534783732233702,73.05,0.246680962423643,45.66,0.843687267174991,0.928370994561815,0.130777684173526,0.000210094113564,0.868939811268504,7.24104444060552E-05,-4343.372163
42.5198466001746,0.468100365632783,73.05,0.194528185961735,45.66,0.713255321319907,0.904281419576648,0.048152927551546,0.000633520359687,0.951087571835138,0.00012598025363,-4271.694601
30.1378300992618,0.337080512478871,73.05,0.094797067586855,45.66,0.594341086352743,0.907201294901424,0.048152927551546,0.000633520359687,0.951087571835138,0.00012598025363,-4251.337892
47.9162250860616,0.508828371510643,73.05,0.261435636418039,45.66,0.839510341150774,0.920597838971957,0.130777684173526,0.000210094113564,0.868939811268504,7.24104444060552E-05,-4322.141788
31.7682858032707,0.38802833498441,73.05,0.131584297509811,45.66,0.692536637973217,0.948632782603736,0.455640108089135,0.000380748020406,0.54387584199232,0.00010330189814,-4307.707813
26.4806584685957,0.342460427377032,73.05,0.054855962608809,45.66,0.567287704260939,0.984857322461437,0.100113955112025,0.001526948138894,0.898321437556823,3.765919225765E-05,-4313.385804
43.2526187254704,0.434325074036426,73.05,0.272025368958447,45.66,0.813745418836604,0.917906911377819,0.035514475967426,0.000881967380353,0.963532784701307,7.07719509137434E-05,-4240.515696
30.7825314616679,0.366982041650232,73.05,0.112353111243893,45.66,0.620506119628972,0.994724492260619,0.062472137426708,6.51226262598449E-05,0.937322956532081,0.000139783414952,-4287.761051
25.3763650156788,0.230261617580896,73.05,0.000578561318307,45.66,0.459756844067198,0.89550477998041,0.751412439845276,0.001661311374447,0.246679567720918,0.000246681059359,-4448.957598
25.099478405734,0.208015647903667,73.05,3.42E-46,45.66,0.42350772907389,1.22151729463105,0.074181462865365,0.001417185543403,0.924240471006226,0.000160880585006,-4500.371329
40.1275056686649,0.558118654634814,73.05,0.334590724564094,45.66,0.972027158161526,0.924975175426657,0.025557210224002,0.000314709336253,0.97402746343999,0.000100616999754,-4613.157756
44.4231663790812,0.477509182982002,73.05,0.21602896016802,45.66,0.740565572658909,0.917422588098519,0.048152927551546,0.000633520359687,0.951087571835138,0.00012598025363,-4303.569122
44.7461514939148,0.437562938989134,73.05,0.058663785335269,45.66,0.919106895652251,0.981295841247923,0.085250847735422,0.000487785700372,0.914188805488758,7.25610754480625E-05,-4760.302858
25.6040618248113,0.332745645838989,73.05,4.37E-07,45.66,0.478739368619881,1.03361918090786,0.751412439845276,0.001661311374447,0.246679567720918,0.000246681059359,-4367.586327
44.4735127699098,0.402975915187104,73.05,0.285203416663631,45.66,1,0.808621256843162,0.00519959689264,0.001718986732707,0.993019014556457,6.2401818195707E-05,-4437.525826
41.5343706412588,0.373773693112917,73.05,0.272879804704843,45.66,0.704363284196968,1.10154191273971,0.130777684173526,0.000210094113564,0.868939811268504,7.24104444060552E-05,-4398.076738
47.6368117043324,0.61371570822688,73.05,0.400060474620739,45.66,0.999999898717445,0.989317076990292,0.085250847735422,0.000487785700372,0.914188805488758,7.25610754480625E-05,-4735.304887
25.2897387480433,0.286009176073754,73.05,3.17E-56,45.66,0.452215659926801,0.955001860237947,0.074181462865365,0.001417185543403,0.924240471006226,0.000160880585006,-4279.473836
37.9594719232458,0.273931972518763,73.05,9.85E-09,45.66,0.48297589482016,1.33629481684813,0.716994640874387,0.001924897409624,0.281027116682298,5.33450336908809E-05,-4652.05425
43.2078270738502,0.414081020718086,73.05,0.281746129576531,45.66,0.759218692153952,0.963193585182889,0.025557210224002,0.000314709336253,0.97402746343999,0.000100616999754,-4273.998449
29.488006306891,0.399811174741174,73.05,1.27E-23,45.66,0.457264430546417,0.960993074963454,0.716994640874387,0.001924897409624,0.281027116682298,5.33450336908809E-05,-4289.256038
25.4371571632358,0.244427346972103,73.05,0.000651633288595,45.66,0.461681052480381,0.89383971923187,0.751412439845276,0.001661311374447,0.246679567720918,0.000246681059359,-4362.60361
26.708995206981,0.336073102297379,73.05,0.055010873823658,45.66,0.577648096441824,0.944099729893167,0.751412439845276,0.001661311374447,0.246679567720918,0.000246681059359,-4301.979144
31.3183773217377,0.369195646556843,73.05,0.118461153341597,45.66,0.655913039229005,0.926604439513528,0.455640108089135,0.000380748020406,0.54387584199232,0.00010330189814,-4282.28953
28.0797601187249,0.30664054869567,73.05,1.08E-35,45.66,0.438134044917589,0.916332812678022,0.074181462865365,0.001417185543403,0.924240471006226,0.000160880585006,-4323.436657
52.3260259533422,0.575030207988904,73.05,0.353427202407792,45.66,0.999999990575827,1.31148444443761,0.025557210224002,0.000314709336253,0.97402746343999,0.000100616999754,-4336.811674
28.6094058501942,0.244165155106593,73.05,0.053236723622433,45.66,0.512746727865492,0.913841082631628,0.100113955112025,0.001526948138894,0.898321437556823,3.765919225765E-05,-4397.754468
43.2177599529504,0.489738957212793,73.05,0.268166648760821,45.66,0.978522661203633,1.00289247913787,0.062472137426708,6.51226262598449E-05,0.937322956532081,0.000139783414952,-4313.93704
41.6786155294036,0.377511430044047,73.05,0.274035855933539,45.66,0.706421261408146,1.08843410664481,0.130777684173526,0.000210094113564,0.868939811268504,7.24104444060552E-05,-4385.697593
30.07346468107,0.333743081662249,73.05,0.093205998197689,45.66,0.589298419956735,0.904390605525231,0.048152927551546,0.000633520359687,0.951087571835138,0.00012598025363,-4248.247172
25.5335626024671,0.234889876094272,73.05,0.000665645483719,45.66,0.461243780647918,0.895088297065474,0.751412439845276,0.001661311374447,0.246679567720918,0.000246681059359,-4415.254566
26.5292144139222,0.345885031650802,73.05,0.05680727396764,45.66,0.571919373928234,0.987298936048954,0.100113955112025,0.001526948138894,0.898321437556823,3.765919225765E-05,-4317.344249
26.4311282381156,0.339069730076269,73.05,0.052828119023251,45.66,0.577467324806558,0.950110606929348,0.100113955112025,0.001526948138894,0.898321437556823,3.765919225765E-05,-4309.286509
44.4735881997796,0.543150650190223,73.05,0.267864680593965,45.66,1,0.808620879985238,0.00519959689264,0.001718986732707,0.993019014556457,6.2401818195707E-05,-4928.409706
25.1218404138058,0.212196762426531,73.05,2.35E-51,45.66,0.419342046819434,1.21789615610516,0.074181462865365,0.001417185543403,0.924240471006226,0.000160880585006,-4486.93579
29.3726158001534,0.391933315107513,73.05,0.000228882325899,45.66,0.436833314955262,0.962732764772366,0.716994640874387,0.001924897409624,0.281027116682298,5.33450336908809E-05,-4263.949059
44.473512803232,0.415186488393188,73.05,0.285203415666536,45.66,1,0.800085634913378,0.00519959689264,0.001718986732707,0.993019014556457,6.2401818195707E-05,-4353.179739
39.1432441130581,0.520567345846748,73.05,0.300098570816902,45.66,0.999998417982777,1.13942891953651,0.025557210224002,0.000314709336253,0.97402746343999,0.000100616999754,-4390.397994
43.144394125615,0.438964642742264,73.05,0.267809658765184,45.66,0.828552624316922,0.912152409579734,0.062472137426708,6.51226262598449E-05,0.937322956532081,0.000139783414952,-4237.678242
29.4251809381718,0.395852648258588,73.05,5.22E-10,45.66,0.452032135336695,0.947833414558965,0.716994640874387,0.001924897409624,0.281027116682298,5.33450336908809E-05,-4275.313327
44.4735127699098,0.383417756232456,73.05,0.285203416663631,45.66,1,0.808621256843162,0.00519959689264,0.001718986732707,0.993019014556457,6.2401818195707E-05,-4572.221483
63.8757017699089,0.632311907901863,73.05,0.388282055231559,45.66,0.999999820223135,0.989877057035813,0.085250847735422,0.000487785700372,0.914188805488758,7.25610754480625E-05,-5346.013021
25.4298417541695,0.272699854076156,73.05,4.13E-08,45.66,0.441607772550464,0.964636837925772,0.751412439845276,0.001661311374447,0.246679567720918,0.000246681059359,-4270.886756
43.0931009824256,0.415415306827148,73.05,0.278470445934762,45.66,0.751055808388191,0.970556348905856,0.048152927551546,0.000633520359687,0.951087571835138,0.00012598025363,-4268.297976
31.498040289367,0.376616479052636,73.05,0.123472240696461,45.66,0.670204898559019,0.934820643350391,0.455640108089135,0.000380748020406,0.54387584199232,0.00010330189814,-4292.149178
48.7653634048578,0.521957098925866,73.05,0.282870560461217,45.66,1,0.807536697173805,0.00519959689264,0.001718986732707,0.993019014556457,6.2401818195707E-05,-4491.415098
25.5705137903837,0.326189242073315,73.05,8.34E-09,45.66,0.474303067500513,1.01918728163159,0.751412439845276,0.001661311374447,0.246679567720918,0.000246681059359,-4353.443426
48.8929710023242,0.516789206857293,73.05,0.282970810707522,45.66,1,0.807547835246896,0.00519959689264,0.001718986732707,0.993019014556457,6.2401818195707E-05,-4391.480817
51.731977398831,0.533909940004901,73.05,0.37078226008203,45.66,1,1.02287332259956,0.085250847735422,0.000487785700372,0.914188805488758,7.25610754480625E-05,-4253.084948
44.4735582468408,0.463210423063407,73.05,0.267863573505801,45.66,1,0.80862105735472,0.00519959689264,0.001718986732707,0.993019014556457,6.2401818195707E-05,-4309.457423
44.4735127699098,0.407005674338975,73.05,0.285203416663631,45.66,1,0.808621256843162,0.00519959689264,0.001718986732707,0.993019014556457,6.2401818195707E-05,-4409.196442
43.0483118427676,0.438279050578471,73.05,0.266458813233483,45.66,0.826810991502033,0.911862122184802,0.130777684173526,0.000210094113564,0.868939811268504,7.24104444060552E-05,-4237.549594
44.555735740041,0.554067978259046,73.05,0.269869364419972,45.66,1,0.808217869094954,0.00519959689264,0.001718986732707,0.993019014556457,6.2401818195707E-05,-4703.557686
44.4738227983424,0.496624270030723,73.05,0.285170054682251,45.66,1,0.808290905442983,0.00519959689264,0.001718986732707,0.993019014556457,6.2401818195707E-05,-4561.168455
48.8984873016412,0.527176669915125,73.05,0.282975436105041,45.66,1,0.807548317318293,0.00519959689264,0.001718986732707,0.993019014556457,6.2401818195707E-05,-4533.66683
37.7893335277225,0.314857897297684,73.05,0.04398059724151,45.66,0.532712152637918,1.36027448903104,0.455640108089135,0.000380748020406,0.54387584199232,0.00010330189814,-4663.384805
46.6158417163771,0.477246162092651,73.05,0.281815414929946,45.66,1,0.807018175292986,0.00519959689264,0.001718986732707,0.993019014556457,6.2401818195707E-05,-4335.520183
46.5604957451218,0.467842527294041,73.05,0.281663357005823,45.66,1,0.807036926147839,0.00519959689264,0.001718986732707,0.993019014556457,6.2401818195707E-05,-4310.341383
44.4748119423944,0.449587473042739,73.05,0.276042262607279,45.66,1,0.808313086983983,0.00519959689264,0.001718986732707,0.993019014556457,6.2401818195707E-05,-4270.793085
44.4735127699098,0.395035697664056,73.05,0.285203416663631,45.66,1,0.808621256843162,0.00519959689264,0.001718986732707,0.993019014556457,6.2401818195707E-05,-4492.252874
44.4735129555151,0.532448436614276,73.05,0.285203405365516,45.66,1,0.808620220818454,0.00519959689264,0.001718986732707,0.993019014556457,6.2401818195707E-05,-4577.829889
